Job Title,Skills,Tools,Languages
Data Scientist,"Statistics,Machine Learning,Data Wrangling,Communication,Data Visualization","Pandas,NumPy,Scikit-learn,Jupyter,Tableau","Python,SQL,R"
Machine Learning Engineer,"Machine Learning,Software Engineering,Data Structures,Algorithms,Problem Solving","TensorFlow,PyTorch,Docker,Kubernetes,Git","Python,C++,Java"
Data Analyst,"Data Analysis,Data Visualization,SQL,Spreadsheets,Critical Thinking","Excel,Tableau,Power BI,SQL Server,Google Analytics","SQL,Python,R"
Data Scientist,"Deep Learning,Natural Language Processing,Big Data,Experimentation,Storytelling","Spark,Hadoop,Keras,Jupyter,AWS","Python,Scala,SQL"
Machine Learning Engineer,"Computer Vision,Reinforcement Learning,Distributed Systems,Optimization,MLOps","OpenCV,DVC,MLflow,Airflow,GCP","Python,Go"
Data Analyst,"Business Intelligence,Dashboarding,A/B Testing,Data Mining,Reporting","Looker,Qlik Sense,SAS,Google Data Studio,Redshift","SQL,VBA"
Data Scientist,"Causal Inference,Bayesian Statistics,Time Series Analysis,Cloud Computing,Product Sense","Prophet,Statsmodels,Azure,Databricks,Git","Python,R,SQL"
Machine Learning Engineer,"Model Deployment,API Development,CI/CD,Monitoring,Scalability","FastAPI,Flask,Jenkins,Prometheus,Grafana","Python,Bash"
Data Analyst,"ETL,Data Warehousing,Data Modeling,Requirement Gathering,Stakeholder Management","Informatica,Talend,SSIS,Snowflake,BigQuery","SQL,Python"
Data Scientist,"Recommender Systems,Graph Neural Networks,A/B Testing,Data Ethics,Leadership","Neo4j,NetworkX,Optimizely,Jupyter,GCP","Python,Cypher,SQL"
Machine Learning Engineer,"Natural Language Understanding,Speech Recognition,High-Performance Computing,Security,Testing","Hugging Face,Kaldi,CUDA,pytest,Git","Python,C++"
Data Analyst,"Financial Analysis,Market Research,Predictive Modeling,User Behavior Analysis,Storytelling","Alteryx,Mixpanel,Heap,Salesforce,Excel","SQL,Python,DAX"
Machine Learning Engineer,"api,aws,azure,java,python,pytorch,r,scala,scikit-learn,spark,tensorflow","aws,azure,pytorch,scikit-learn,spark,tensorflow","java,python,r,scala"
Machine Learning Engineer,"c++,linux,python,pytorch,r,tensorflow,unix","pytorch,tensorflow","c++,python,r"
Machine Learning Engineer,"api,aws,r",aws,r
Data Analyst,"excel,power bi,r,sql,tableau","excel,power bi,tableau","r,sql"
Machine Learning Engineer,"c++,python,r,scala",,"c++,python,r,scala"
Data Analyst,"excel,r,sql",excel,"r,sql"
Machine Learning Engineer,"api,excel,r",excel,r
Machine Learning Engineer,"api,r",,r
Data Analyst,"excel,power bi,python,r,sql,tableau","excel,power bi,tableau","python,r,sql"
Data Analyst,"excel,git,python,r,sql","excel,git","python,r,sql"
Data Analyst,"c++,css,git,html,java,python,r,sql",git,"c++,css,html,java,python,r,sql"
Data Scientist,"python,pytorch,r,tensorflow","pytorch,tensorflow","python,r"
Data Analyst,"api,excel,r,sql,tableau","excel,tableau","r,sql"
Data Scientist,"git,r,sas",git,"r,sas"
Machine Learning Engineer,"c++,git,linux,python,r",git,"c++,python,r"
Data Scientist,"power bi,python,r,sql,tableau","power bi,tableau","python,r,sql"
Data Scientist,"r,scala",,"r,scala"
Data Analyst,"excel,git,python,r,sql","excel,git","python,r,sql"
Data Analyst,"aws,excel,power bi,r,sql,tableau","aws,excel,power bi,tableau","r,sql"
Machine Learning Engineer,r,,r
Machine Learning Engineer,r,,r
Machine Learning Engineer,"git,pytorch,r,scala","git,pytorch","r,scala"
Machine Learning Engineer,r,,r
Data Analyst,"r,sql,tableau",tableau,"r,sql"
Data Analyst,"python,r,sql,tableau",tableau,"python,r,sql"
Data Analyst,"excel,git,python,r,sql","excel,git","python,r,sql"
Data Analyst,"excel,power bi,python,r,sql,tableau","excel,power bi,tableau","python,r,sql"
Machine Learning Engineer,"api,aws,azure,java,python,pytorch,r,scala,scikit-learn,spark,sql,tensorflow","aws,azure,pytorch,scikit-learn,spark,tensorflow","java,python,r,scala,sql"
Machine Learning Engineer,"api,aws,azure,java,python,pytorch,r,scala,scikit-learn,spark,tensorflow","aws,azure,pytorch,scikit-learn,spark,tensorflow","java,python,r,scala"
Machine Learning Engineer,"api,aws,r,scala",aws,"r,scala"
Data Analyst,"r,sql,unix",,"r,sql"
Machine Learning Engineer,"api,aws,excel,hadoop,java,julia,matlab,python,r,scala,spark,tensorflow","aws,excel,hadoop,spark,tensorflow","java,julia,matlab,python,r,scala"
Machine Learning Engineer,"api,aws,azure,excel,gcp,numpy,pandas,python,pytorch,r,tensorflow","aws,azure,excel,gcp,numpy,pandas,pytorch,tensorflow","python,r"
Data Analyst,"excel,git,python,r,sql","excel,git","python,r,sql"
Data Scientist,"git,python,r,sql",git,"python,r,sql"
Machine Learning Engineer,"api,aws,azure,java,python,pytorch,r,scala,scikit-learn,spark,tensorflow","aws,azure,pytorch,scikit-learn,spark,tensorflow","java,python,r,scala"
Data Analyst,"r,sas,sql",,"r,sas,sql"
Data Scientist,"c++,python,pytorch,r,scala,tensorflow","pytorch,tensorflow","c++,python,r,scala"
Machine Learning Engineer,"api,bash,hadoop,linux,python,r,scala,spark,sql","hadoop,spark","bash,python,r,scala,sql"
Machine Learning Engineer,"api,git,python,r,sas,scikit-learn,spark","git,scikit-learn,spark","python,r,sas"
Data Scientist,"api,git,java,pandas,r,sas,scikit-learn,tensorflow","git,pandas,scikit-learn,tensorflow","java,r,sas"
Data Scientist,"aws,azure,gcp,git,java,python,r,scala,spark,sql,tableau","aws,azure,gcp,git,spark,tableau","java,python,r,scala,sql"
Machine Learning Engineer,"api,aws,azure,java,python,pytorch,r,scala,scikit-learn,spark,tensorflow","aws,azure,pytorch,scikit-learn,spark,tensorflow","java,python,r,scala"
Data Analyst,"excel,r,sas",excel,"r,sas"
Machine Learning Engineer,"api,aws,azure,excel,gcp,numpy,pandas,python,pytorch,r,tensorflow","aws,azure,excel,gcp,numpy,pandas,pytorch,tensorflow","python,r"
Data Scientist,"aws,r,sql",aws,"r,sql"
Machine Learning Engineer,"excel,r",excel,r
Data Analyst,"java,matlab,python,r",,"java,matlab,python,r"
Machine Learning Engineer,"excel,r",excel,r
Data Scientist,"api,aws,ggplot,hadoop,java,python,r,sas,scala,spark,sql,tableau","aws,ggplot,hadoop,spark,tableau","java,python,r,sas,scala,sql"
Data Scientist,"python,r",,"python,r"
Data Analyst,"api,excel,r,sql",excel,"r,sql"
Machine Learning Engineer,"excel,r",excel,r
Data Scientist,"api,git,python,r,sas,sql",git,"python,r,sas,sql"
Machine Learning Engineer,"aws,bash,docker,git,java,kubernetes,python,r,scala,unix","aws,docker,git,kubernetes","bash,java,python,r,scala"
Data Scientist,"c++,gcp,git,java,matlab,python,r,sas","gcp,git","c++,java,matlab,python,r,sas"
Machine Learning Engineer,"aws,r",aws,r
Data Analyst,"r,sql",,"r,sql"
Machine Learning Engineer,"api,aws,azure,excel,gcp,numpy,pandas,python,pytorch,r,tensorflow","aws,azure,excel,gcp,numpy,pandas,pytorch,tensorflow","python,r"
Machine Learning Engineer,r,,r
Data Scientist,"azure,python,r,scala,sql",azure,"python,r,scala,sql"
Data Scientist,"aws,python,r",aws,"python,r"
Machine Learning Engineer,"excel,r",excel,r
Data Scientist,"aws,azure,excel,git,python,r,spark,sql","aws,azure,excel,git,spark","python,r,sql"
Data Scientist,r,,r
Data Analyst,"aws,excel,html,power bi,python,r,sql,tableau","aws,excel,power bi,tableau","html,python,r,sql"
Data Analyst,"aws,azure,git,hadoop,python,r,spark,sql,tableau","aws,azure,git,hadoop,spark,tableau","python,r,sql"
Data Analyst,"api,excel,r,sql",excel,"r,sql"
Data Analyst,r,,r
Data Analyst,"excel,r,sql,tableau","excel,tableau","r,sql"
Machine Learning Engineer,"api,aws,git,r","aws,git",r
Data Analyst,"excel,power bi,r,sql","excel,power bi","r,sql"
Machine Learning Engineer,"c++,docker,excel,linux,python,pytorch,r,tensorflow","docker,excel,pytorch,tensorflow","c++,python,r"
Machine Learning Engineer,r,,r
Machine Learning Engineer,r,,r
Data Scientist,"excel,hadoop,python,r,sql","excel,hadoop","python,r,sql"
Data Analyst,r,,r
Data Scientist,"api,aws,java,python,pytorch,r,spark,sql,tensorflow","aws,pytorch,spark,tensorflow","java,python,r,sql"
Machine Learning Engineer,"azure,git,kubernetes,python,r,scala,scikit-learn,shell,spark","azure,git,kubernetes,scikit-learn,spark","python,r,scala,shell"
Data Analyst,"excel,python,r,sas,sql",excel,"python,r,sas,sql"
Data Scientist,"aws,excel,git,hadoop,pandas,python,r,spark,sql","aws,excel,git,hadoop,pandas,spark","python,r,sql"
Data Analyst,"excel,r,sql",excel,"r,sql"
Data Scientist,"azure,excel,power bi,r","azure,excel,power bi",r
Data Analyst,r,,r
Data Analyst,"api,excel,hadoop,python,r,scala,spark,sql,tableau","excel,hadoop,spark,tableau","python,r,scala,sql"
Data Scientist,"aws,excel,git,power bi,python,r,sql,tableau","aws,excel,git,power bi,tableau","python,r,sql"
Data Analyst,"api,aws,excel,json,r,sql,xml","aws,excel","r,sql"
Data Analyst,"aws,excel,power bi,r,sql,tableau","aws,excel,power bi,tableau","r,sql"
Data Scientist,"aws,excel,python,r,sas,scala,sql","aws,excel","python,r,sas,scala,sql"
Data Analyst,"excel,r",excel,r
Data Analyst,"excel,power bi,python,r,sql","excel,power bi","python,r,sql"
Data Analyst,"api,excel,r",excel,r
Data Scientist,"python,r",,"python,r"
Machine Learning Engineer,"excel,r",excel,r
Machine Learning Engineer,r,,r
Machine Learning Engineer,r,,r
Machine Learning Engineer,"api,aws,excel,python,r,scala,spark,sql","aws,excel,spark","python,r,scala,sql"
Machine Learning Engineer,"r,xml",,r
Machine Learning Engineer,"excel,r",excel,r
Machine Learning Engineer,r,,r
Machine Learning Engineer,"python,r",,"python,r"
Data Analyst,"power bi,python,r,spark,sql,tableau","power bi,spark,tableau","python,r,sql"
Data Scientist,"excel,python,r,sql",excel,"python,r,sql"
Data Scientist,"python,r",,"python,r"
Machine Learning Engineer,"api,aws,azure,excel,gcp,numpy,pandas,python,r,tensorflow","aws,azure,excel,gcp,numpy,pandas,tensorflow","python,r"
Machine Learning Engineer,"api,aws,azure,excel,gcp,numpy,pandas,python,r,tensorflow","aws,azure,excel,gcp,numpy,pandas,tensorflow","python,r"
Data Analyst,"api,gcp,python,r,sql,tableau","gcp,tableau","python,r,sql"
Machine Learning Engineer,"api,r",,r
Machine Learning Engineer,r,,r
Machine Learning Engineer,"c++,python,pytorch,r,tensorflow","pytorch,tensorflow","c++,python,r"
Data Analyst,"excel,power bi,python,r,sql,tableau","excel,power bi,tableau","python,r,sql"
Machine Learning Engineer,"azure,r",azure,r
Data Analyst,"api,excel,python,r,sql,tableau","excel,tableau","python,r,sql"
Data Analyst,"r,sql",,"r,sql"
Machine Learning Engineer,r,,r
Machine Learning Engineer,"excel,r",excel,r
Data Analyst,"api,excel,git,r,tableau","excel,git,tableau",r
Machine Learning Engineer,"excel,r",excel,r
Data Scientist,"python,r,sql",,"python,r,sql"
Machine Learning Engineer,"api,r",,r
Data Scientist,"aws,c++,java,python,r,spark","aws,spark","c++,java,python,r"
Machine Learning Engineer,"aws,azure,c++,java,kubernetes,python,pytorch,r,scala,sql,tensorflow","aws,azure,kubernetes,pytorch,tensorflow","c++,java,python,r,scala,sql"
Data Scientist,"aws,azure,c++,java,keras,python,pytorch,r,tensorflow","aws,azure,keras,pytorch,tensorflow","c++,java,python,r"
Data Analyst,"excel,java,power bi,python,r,sql,tableau","excel,power bi,tableau","java,python,r,sql"
Data Scientist,"java,linux,python,r,sql",,"java,python,r,sql"
Machine Learning Engineer,r,,r
Machine Learning Engineer,"excel,r",excel,r
Data Analyst,"aws,excel,power bi,python,r,sql,tableau","aws,excel,power bi,tableau","python,r,sql"
Machine Learning Engineer,"docker,kubernetes,python,pytorch,r,scala","docker,kubernetes,pytorch","python,r,scala"
Data Scientist,"aws,excel,git,matlab,python,r","aws,excel,git","matlab,python,r"
Data Analyst,"aws,excel,git,r","aws,excel,git",r
Data Scientist,"api,excel,python,r,spark","excel,spark","python,r"
Data Analyst,"excel,git,r","excel,git",r
Machine Learning Engineer,"api,r",,r
Data Scientist,"python,r,sql",,"python,r,sql"
Data Scientist,"aws,excel,python,pytorch,r,scikit-learn,spark,tensorflow","aws,excel,pytorch,scikit-learn,spark,tensorflow","python,r"
Data Analyst,"excel,r,sql",excel,"r,sql"
Data Analyst,"excel,git,hadoop,power bi,python,r,sas,spark,sql","excel,git,hadoop,power bi,spark","python,r,sas,sql"
Machine Learning Engineer,"aws,docker,excel,git,hadoop,kubernetes,power bi,python,r,scala,spark,sql,tableau","aws,docker,excel,git,hadoop,kubernetes,power bi,spark,tableau","python,r,scala,sql"
Machine Learning Engineer,"bash,r",,"bash,r"
Data Analyst,"excel,git,python,r,sql","excel,git","python,r,sql"
Machine Learning Engineer,"azure,git,kubernetes,python,r,scala,scikit-learn,shell,spark","azure,git,kubernetes,scikit-learn,spark","python,r,scala,shell"
Data Analyst,"excel,git,python,r,sql","excel,git","python,r,sql"
Machine Learning Engineer,"excel,python,pytorch,r,tensorflow","excel,pytorch,tensorflow","python,r"
Data Scientist,"excel,python,r,sql,tableau","excel,tableau","python,r,sql"
Machine Learning Engineer,"api,aws,azure,excel,gcp,keras,numpy,pandas,python,pytorch,r,tensorflow","aws,azure,excel,gcp,keras,numpy,pandas,pytorch,tensorflow","python,r"
Data Analyst,"python,r,sql",,"python,r,sql"
Data Scientist,"excel,python,r,sql",excel,"python,r,sql"
Machine Learning Engineer,"api,aws,azure,excel,gcp,numpy,pandas,python,r,tensorflow","aws,azure,excel,gcp,numpy,pandas,tensorflow","python,r"
Data Analyst,"excel,git,python,r,sql","excel,git","python,r,sql"
Data Scientist,"aws,azure,gcp,git,hadoop,python,r,sql,tableau","aws,azure,gcp,git,hadoop,tableau","python,r,sql"
Machine Learning Engineer,r,,r
Machine Learning Engineer,r,,r
Data Scientist,"api,git,python,r,spark,sql","git,spark","python,r,sql"
Data Analyst,"excel,git,python,r,scala,spark,sql,tableau","excel,git,spark,tableau","python,r,scala,sql"
Machine Learning Engineer,"aws,azure,docker,git,r,sql","aws,azure,docker,git","r,sql"
Machine Learning Engineer,"api,r",,r
Data Analyst,"java,python,r,sql,tableau",tableau,"java,python,r,sql"
Data Scientist,"api,docker,kubernetes,pandas,python,r,sql,tableau","docker,kubernetes,pandas,tableau","python,r,sql"
Data Analyst,"aws,python,r,sql,tableau","aws,tableau","python,r,sql"
Machine Learning Engineer,"api,c++,excel,r",excel,"c++,r"
Data Scientist,"api,excel,python,r,sql,tableau","excel,tableau","python,r,sql"
Machine Learning Engineer,"aws,excel,r","aws,excel",r
Machine Learning Engineer,"r,scala",,"r,scala"
Machine Learning Engineer,r,,r
Machine Learning Engineer,"api,aws,azure,excel,r","aws,azure,excel",r
Machine Learning Engineer,"excel,python,r,sas,sql",excel,"python,r,sas,sql"
Machine Learning Engineer,"api,aws,azure,c++,gcp,git,python,r","aws,azure,gcp,git","c++,python,r"
Data Analyst,"excel,git,python,r,sql","excel,git","python,r,sql"
Machine Learning Engineer,"aws,excel,r","aws,excel",r
Machine Learning Engineer,"aws,excel,git,python,r,spark","aws,excel,git,spark","python,r"
Machine Learning Engineer,"excel,r",excel,r
Data Scientist,"git,java,matlab,power bi,python,r,sas,scikit-learn,shiny,sql,tableau","git,power bi,scikit-learn,shiny,tableau","java,matlab,python,r,sas,sql"
Data Analyst,"excel,power bi,r","excel,power bi",r
Data Scientist,"azure,excel,power bi,python,r,sql,tableau","azure,excel,power bi,tableau","python,r,sql"
Data Scientist,"api,excel,python,r,sas,sql,tableau","excel,tableau","python,r,sas,sql"
Data Scientist,"aws,azure,c++,excel,gcp,git,hadoop,java,python,r,scala,spark,sql,tableau","aws,azure,excel,gcp,git,hadoop,spark,tableau","c++,java,python,r,scala,sql"
Machine Learning Engineer,"api,r,scala,spark",spark,"r,scala"
Data Scientist,"azure,excel,gcp,hadoop,keras,matplotlib,numpy,pandas,python,pytorch,r,scala,seaborn,spark,sql,tensorflow","azure,excel,gcp,hadoop,keras,matplotlib,numpy,pandas,pytorch,seaborn,spark,tensorflow","python,r,scala,sql"
Machine Learning Engineer,"api,aws,r",aws,r
Data Scientist,"excel,git,keras,matplotlib,numpy,pandas,python,pytorch,r,scikit-learn,seaborn,tensorflow","excel,git,keras,matplotlib,numpy,pandas,pytorch,scikit-learn,seaborn,tensorflow","python,r"
Data Analyst,"api,excel,r",excel,r
Data Analyst,"excel,power bi,python,r,sql","excel,power bi","python,r,sql"
Data Scientist,"excel,matplotlib,python,pytorch,r,tensorflow","excel,matplotlib,pytorch,tensorflow","python,r"
Machine Learning Engineer,"api,docker,excel,kubernetes,python,pytorch,r,scala,tensorflow","docker,excel,kubernetes,pytorch,tensorflow","python,r,scala"
Machine Learning Engineer,"api,r",,r
Data Analyst,"excel,r,sql,tableau","excel,tableau","r,sql"
Machine Learning Engineer,r,,r
Data Analyst,"aws,python,r,sql,tableau","aws,tableau","python,r,sql"
Data Scientist,"aws,azure,docker,git,java,python,r,scala,spark,tableau","aws,azure,docker,git,spark,tableau","java,python,r,scala"
Data Scientist,"git,java,json,matlab,python,r,scala,scikit-learn,spark,sql","git,scikit-learn,spark","java,matlab,python,r,scala,sql"
Data Scientist,"git,python,r,sql",git,"python,r,sql"
Data Scientist,"numpy,pandas,python,r,scala,scikit-learn,tensorflow","numpy,pandas,scikit-learn,tensorflow","python,r,scala"
Data Scientist,"excel,python,r,tableau","excel,tableau","python,r"
Machine Learning Engineer,"excel,r",excel,r
Machine Learning Engineer,"api,docker,excel,hadoop,java,kubernetes,python,pytorch,r,scala,scikit-learn,spark,tensorflow","docker,excel,hadoop,kubernetes,pytorch,scikit-learn,spark,tensorflow","java,python,r,scala"
Data Analyst,"excel,git,python,r,sql","excel,git","python,r,sql"
Data Analyst,"api,aws,excel,r,spark","aws,excel,spark",r
Data Scientist,"aws,c++,excel,git,hadoop,java,python,r,spark","aws,excel,git,hadoop,spark","c++,java,python,r"
Data Analyst,"excel,r,scala,sql",excel,"r,scala,sql"
Machine Learning Engineer,"excel,hadoop,matlab,python,r,sas,spark,sql","excel,hadoop,spark","matlab,python,r,sas,sql"
Machine Learning Engineer,"excel,git,matplotlib,numpy,pandas,python,pytorch,r,scikit-learn,tensorflow","excel,git,matplotlib,numpy,pandas,pytorch,scikit-learn,tensorflow","python,r"
Data Scientist,"c++,docker,excel,git,kubernetes,linux,python,pytorch,r,tensorflow","docker,excel,git,kubernetes,pytorch,tensorflow","c++,python,r"
Data Analyst,"excel,java,power bi,python,r,sql,tableau","excel,power bi,tableau","java,python,r,sql"
Machine Learning Engineer,"aws,azure,excel,git,python,pytorch,r,scikit-learn,tensorflow","aws,azure,excel,git,pytorch,scikit-learn,tensorflow","python,r"
Machine Learning Engineer,r,,r
Machine Learning Engineer,"excel,matlab,python,r",excel,"matlab,python,r"
Data Scientist,"excel,matlab,python,r,sas,sql",excel,"matlab,python,r,sas,sql"
Machine Learning Engineer,"c++,git,linux,python,r",git,"c++,python,r"
Machine Learning Engineer,r,,r
Data Scientist,"excel,power bi,python,r,sql,tableau","excel,power bi,tableau","python,r,sql"
Data Scientist,"git,java,linux,python,r,scala,spark,sql","git,spark","java,python,r,scala,sql"
Machine Learning Engineer,"api,r",,r
Data Analyst,"excel,r,sql,xml",excel,"r,sql"
Data Scientist,"aws,excel,python,r,spark,sql","aws,excel,spark","python,r,sql"
Machine Learning Engineer,r,,r
Data Analyst,"excel,power bi,python,r,sas,sql,tableau","excel,power bi,tableau","python,r,sas,sql"
Data Analyst,"aws,azure,r","aws,azure",r
Data Scientist,"aws,git,java,python,r,sql","aws,git","java,python,r,sql"
Data Scientist,"aws,excel,python,r,scala,spark,sql","aws,excel,spark","python,r,scala,sql"
Machine Learning Engineer,"api,aws,azure,excel,gcp,numpy,pandas,python,r,tensorflow","aws,azure,excel,gcp,numpy,pandas,tensorflow","python,r"
Machine Learning Engineer,"aws,kubernetes,python,r,shell","aws,kubernetes","python,r,shell"
Machine Learning Engineer,r,,r
Data Analyst,"excel,power bi,python,r,sql,tableau","excel,power bi,tableau","python,r,sql"
Data Analyst,r,,r
Machine Learning Engineer,"api,aws,azure,excel,gcp,numpy,pandas,python,pytorch,r,tensorflow","aws,azure,excel,gcp,numpy,pandas,pytorch,tensorflow","python,r"
Data Analyst,"r,sql",,"r,sql"
Machine Learning Engineer,r,,r
Machine Learning Engineer,"api,kubernetes,python,r,scala,sql",kubernetes,"python,r,scala,sql"
Data Analyst,"excel,java,power bi,python,r,sql,tableau","excel,power bi,tableau","java,python,r,sql"
Data Scientist,"excel,python,r,sql,tableau","excel,tableau","python,r,sql"
Machine Learning Engineer,"api,aws,r",aws,r
Machine Learning Engineer,"api,r",,r
Machine Learning Engineer,"excel,r",excel,r
Machine Learning Engineer,"aws,git,r","aws,git",r
Machine Learning Engineer,"api,aws,azure,excel,gcp,numpy,pandas,python,r,tensorflow","aws,azure,excel,gcp,numpy,pandas,tensorflow","python,r"
Data Analyst,"excel,git,python,r,sql","excel,git","python,r,sql"
Machine Learning Engineer,"api,aws,azure,excel,gcp,numpy,pandas,python,r,tensorflow","aws,azure,excel,gcp,numpy,pandas,tensorflow","python,r"
Machine Learning Engineer,"api,r",,r
Data Scientist,"api,python,r,sql,tableau",tableau,"python,r,sql"
Data Analyst,"excel,r",excel,r
Machine Learning Engineer,r,,r
Data Scientist,"aws,azure,gcp,git,java,python,r,scala,spark,sql,tableau","aws,azure,gcp,git,spark,tableau","java,python,r,scala,sql"
Data Scientist,"excel,python,r,sql,tableau","excel,tableau","python,r,sql"
Machine Learning Engineer,r,,r
Data Analyst,"excel,r",excel,r
Machine Learning Engineer,"api,numpy,python,r,scipy","numpy,scipy","python,r"
Machine Learning Engineer,"api,r",,r
Machine Learning Engineer,r,,r
Data Scientist,"azure,python,r,sql,tableau","azure,tableau","python,r,sql"
Machine Learning Engineer,"c++,java,python,r,spark",spark,"c++,java,python,r"
Data Scientist,"r,scala",,"r,scala"
Machine Learning Engineer,"aws,r",aws,r
Data Scientist,"api,aws,excel,git,matlab,python,r,sas,sql","aws,excel,git","matlab,python,r,sas,sql"
Data Analyst,"python,r",,"python,r"
Machine Learning Engineer,r,,r
Machine Learning Engineer,"api,docker,excel,kubernetes,python,pytorch,r,scala,tensorflow","docker,excel,kubernetes,pytorch,tensorflow","python,r,scala"
Machine Learning Engineer,"excel,r,sas",excel,"r,sas"
Machine Learning Engineer,"api,r",,r
Machine Learning Engineer,"api,r",,r
Machine Learning Engineer,r,,r
Data Scientist,"python,r",,"python,r"
Data Analyst,"aws,excel,r,sas","aws,excel","r,sas"
Machine Learning Engineer,"api,r",,r
Data Scientist,"hadoop,python,r,spark,sql","hadoop,spark","python,r,sql"
Machine Learning Engineer,"api,aws,azure,excel,gcp,numpy,pandas,python,pytorch,r,tensorflow","aws,azure,excel,gcp,numpy,pandas,pytorch,tensorflow","python,r"
Machine Learning Engineer,"excel,r",excel,r
Machine Learning Engineer,"api,r",,r
Machine Learning Engineer,"api,aws,git,python,r,sql","aws,git","python,r,sql"
Machine Learning Engineer,"excel,r",excel,r
Machine Learning Engineer,"excel,java,python,pytorch,r,scala,tensorflow","excel,pytorch,tensorflow","java,python,r,scala"
Machine Learning Engineer,"aws,docker,python,r,spark,sql","aws,docker,spark","python,r,sql"
Data Analyst,"excel,r,tableau","excel,tableau",r
Data Analyst,"python,r,tableau",tableau,"python,r"
Data Scientist,"aws,azure,bash,c++,gcp,git,hadoop,java,python,r,sql,unix","aws,azure,gcp,git,hadoop","bash,c++,java,python,r,sql"
Machine Learning Engineer,"api,aws,azure,excel,gcp,numpy,pandas,python,pytorch,r,tensorflow","aws,azure,excel,gcp,numpy,pandas,pytorch,tensorflow","python,r"
Machine Learning Engineer,"aws,pytorch,r,tensorflow","aws,pytorch,tensorflow",r
Data Analyst,r,,r
Data Scientist,"excel,matplotlib,python,r,seaborn,sql,tableau","excel,matplotlib,seaborn,tableau","python,r,sql"
Data Analyst,"excel,gcp,r,sas","excel,gcp","r,sas"
Data Scientist,"aws,azure,gcp,git,java,python,r,scala,spark,sql,tableau","aws,azure,gcp,git,spark,tableau","java,python,r,scala,sql"
Data Analyst,"api,excel,python,r,sql,tableau","excel,tableau","python,r,sql"
Machine Learning Engineer,"api,c++,pytorch,r,tensorflow","pytorch,tensorflow","c++,r"
Machine Learning Engineer,"docker,excel,python,pytorch,r,tensorflow","docker,excel,pytorch,tensorflow","python,r"
Machine Learning Engineer,"excel,r",excel,r
Data Analyst,"aws,python,r,sas,sql,tableau","aws,tableau","python,r,sas,sql"
Data Scientist,"azure,excel,gcp,git,python,r,scala","azure,excel,gcp,git","python,r,scala"
Machine Learning Engineer,"api,aws,azure,excel,gcp,numpy,pandas,python,r,tensorflow","aws,azure,excel,gcp,numpy,pandas,tensorflow","python,r"
Machine Learning Engineer,"api,docker,excel,kubernetes,python,pytorch,r,scala,tensorflow","docker,excel,kubernetes,pytorch,tensorflow","python,r,scala"
Machine Learning Engineer,"c++,django,flask,kubernetes,python,pytorch,r,tensorflow","kubernetes,pytorch,tensorflow","c++,python,r"
Data Scientist,"python,r,shiny,sql,tableau","shiny,tableau","python,r,sql"
Machine Learning Engineer,"excel,r",excel,r
Machine Learning Engineer,"api,aws,azure,excel,gcp,numpy,pandas,python,r,tensorflow","aws,azure,excel,gcp,numpy,pandas,tensorflow","python,r"
Machine Learning Engineer,"api,python,r",,"python,r"
Data Analyst,"api,aws,excel,python,r,tableau","aws,excel,tableau","python,r"
Data Analyst,"excel,git,r","excel,git",r
Machine Learning Engineer,"api,r",,r
Machine Learning Engineer,"api,r",,r
Machine Learning Engineer,"api,r",,r
Data Analyst,"excel,r",excel,r
Data Analyst,"excel,git,python,r,sql","excel,git","python,r,sql"
Machine Learning Engineer,"excel,r",excel,r
Data Analyst,"excel,r,scala,sql,tableau","excel,tableau","r,scala,sql"
Data Scientist,"api,matlab,python,r,sas,spark,sql,tableau","spark,tableau","matlab,python,r,sas,sql"
Machine Learning Engineer,"c++,excel,python,pytorch,r,tensorflow","excel,pytorch,tensorflow","c++,python,r"
Machine Learning Engineer,"api,aws,azure,java,python,pytorch,r,scala,scikit-learn,spark,tensorflow","aws,azure,pytorch,scikit-learn,spark,tensorflow","java,python,r,scala"
Machine Learning Engineer,r,,r
Machine Learning Engineer,"aws,azure,excel,python,pytorch,r,tensorflow","aws,azure,excel,pytorch,tensorflow","python,r"
Machine Learning Engineer,r,,r
Machine Learning Engineer,"api,aws,git,r","aws,git",r
Machine Learning Engineer,r,,r
Data Scientist,"excel,git,python,r,sas,sql","excel,git","python,r,sas,sql"
Machine Learning Engineer,"api,aws,excel,gcp,pytorch,r,scikit-learn,tensorflow","aws,excel,gcp,pytorch,scikit-learn,tensorflow",r
Machine Learning Engineer,r,,r
Data Scientist,"excel,python,r,sql",excel,"python,r,sql"
Data Analyst,"excel,git,python,r,sql","excel,git","python,r,sql"
Data Analyst,"git,r",git,r
Data Scientist,"excel,git,python,pytorch,r,spark,sql","excel,git,pytorch,spark","python,r,sql"
Machine Learning Engineer,"aws,c++,python,pytorch,r,tensorflow","aws,pytorch,tensorflow","c++,python,r"
Machine Learning Engineer,"api,aws,azure,java,python,pytorch,r,scala,scikit-learn,spark,tensorflow","aws,azure,pytorch,scikit-learn,spark,tensorflow","java,python,r,scala"
Data Scientist,"aws,git,r","aws,git",r
Data Scientist,"python,r,scala,sql",,"python,r,scala,sql"
Machine Learning Engineer,r,,r
Machine Learning Engineer,r,,r
Data Scientist,"python,r,sql",,"python,r,sql"
Data Analyst,"excel,java,power bi,python,r,sql,tableau","excel,power bi,tableau","java,python,r,sql"
Machine Learning Engineer,r,,r
Machine Learning Engineer,"api,excel,python,r",excel,"python,r"
Machine Learning Engineer,"api,aws,azure,java,python,pytorch,r,scala,scikit-learn,spark,tensorflow","aws,azure,pytorch,scikit-learn,spark,tensorflow","java,python,r,scala"
Machine Learning Engineer,"api,aws,r,scala",aws,"r,scala"
Machine Learning Engineer,"api,docker,excel,hadoop,java,kubernetes,python,pytorch,r,scala,scikit-learn,spark,tensorflow","docker,excel,hadoop,kubernetes,pytorch,scikit-learn,spark,tensorflow","java,python,r,scala"
Machine Learning Engineer,"excel,r",excel,r
Machine Learning Engineer,"api,docker,excel,kubernetes,python,pytorch,r,scala,tensorflow","docker,excel,kubernetes,pytorch,tensorflow","python,r,scala"
Data Scientist,"python,r,sas,sql",,"python,r,sas,sql"
Machine Learning Engineer,r,,r
Machine Learning Engineer,"excel,pytorch,r,tensorflow","excel,pytorch,tensorflow",r
Machine Learning Engineer,"api,excel,r",excel,r
Machine Learning Engineer,r,,r
Machine Learning Engineer,r,,r
Machine Learning Engineer,"aws,r",aws,r
Data Analyst,"python,r,scala,sql,tableau",tableau,"python,r,scala,sql"
Data Scientist,"excel,python,pytorch,r,sas,sql,tensorflow","excel,pytorch,tensorflow","python,r,sas,sql"
Machine Learning Engineer,"api,azure,excel,python,r,soap,sql","azure,excel","python,r,sql"
Data Analyst,"excel,git,python,r,sql","excel,git","python,r,sql"
Machine Learning Engineer,"api,r",,r
Data Analyst,"excel,git,python,r,sql","excel,git","python,r,sql"
Machine Learning Engineer,"api,aws,git,r","aws,git",r
Machine Learning Engineer,"api,docker,excel,kubernetes,python,pytorch,r,scala,tensorflow","docker,excel,kubernetes,pytorch,tensorflow","python,r,scala"
Machine Learning Engineer,r,,r
Machine Learning Engineer,"api,excel,r,scala",excel,"r,scala"
Machine Learning Engineer,"fastapi,kubernetes,numpy,pandas,python,pytorch,r,scikit-learn,tensorflow","kubernetes,numpy,pandas,pytorch,scikit-learn,tensorflow","python,r"
Machine Learning Engineer,r,,r
Machine Learning Engineer,"excel,r",excel,r
Data Analyst,"java,python,r,sql,tableau",tableau,"java,python,r,sql"
Data Analyst,"excel,java,power bi,python,r,sql,tableau","excel,power bi,tableau","java,python,r,sql"
Data Scientist,"c++,hadoop,java,python,r,scala,spark,sql,tableau","hadoop,spark,tableau","c++,java,python,r,scala,sql"
Machine Learning Engineer,"aws,r",aws,r
Machine Learning Engineer,"aws,excel,r","aws,excel",r
Data Analyst,"excel,git,python,r,sql","excel,git","python,r,sql"
Machine Learning Engineer,"excel,r",excel,r
Machine Learning Engineer,r,,r
Machine Learning Engineer,r,,r
Machine Learning Engineer,"api,r,scala,spark",spark,"r,scala"
Data Scientist,"api,azure,excel,git,hadoop,python,r,sas,scala,spark,sql","azure,excel,git,hadoop,spark","python,r,sas,scala,sql"
Machine Learning Engineer,r,,r
Machine Learning Engineer,"api,aws,azure,java,python,pytorch,r,scala,scikit-learn,spark,tensorflow","aws,azure,pytorch,scikit-learn,spark,tensorflow","java,python,r,scala"
Machine Learning Engineer,"excel,r",excel,r
Data Analyst,"excel,gcp,r,sql,tableau,unix","excel,gcp,tableau","r,sql"
Machine Learning Engineer,"aws,r",aws,r
Machine Learning Engineer,"api,docker,excel,git,kubernetes,r,soap","docker,excel,git,kubernetes",r
Machine Learning Engineer,"r,scala",,"r,scala"
Data Analyst,"excel,power bi,python,r,sql,tableau","excel,power bi,tableau","python,r,sql"
Data Scientist,"aws,excel,git,hadoop,pandas,python,r,spark,sql","aws,excel,git,hadoop,pandas,spark","python,r,sql"
Data Scientist,"c++,java,matlab,python,r",,"c++,java,matlab,python,r"
Data Analyst,"api,excel,python,r,sql,tableau","excel,tableau","python,r,sql"
Machine Learning Engineer,"api,aws,azure,excel,gcp,numpy,pandas,python,r,tensorflow","aws,azure,excel,gcp,numpy,pandas,tensorflow","python,r"
Data Scientist,"aws,python,r,sas,sql",aws,"python,r,sas,sql"
Machine Learning Engineer,"excel,r",excel,r
Machine Learning Engineer,"excel,r",excel,r
Data Scientist,"api,aws,matlab,python,r,sas,scala,shiny,sql,tableau","aws,shiny,tableau","matlab,python,r,sas,scala,sql"
Machine Learning Engineer,"api,r",,r
Machine Learning Engineer,"excel,java,python,pytorch,r,scala,scikit-learn,tensorflow","excel,pytorch,scikit-learn,tensorflow","java,python,r,scala"
Machine Learning Engineer,"api,aws,c++,docker,excel,git,hadoop,java,kubernetes,python,pytorch,r,scala,spark,sql","aws,docker,excel,git,hadoop,kubernetes,pytorch,spark","c++,java,python,r,scala,sql"
Machine Learning Engineer,"api,aws,azure,java,python,pytorch,r,scala,scikit-learn,spark,tensorflow","aws,azure,pytorch,scikit-learn,spark,tensorflow","java,python,r,scala"
Data Scientist,"api,excel,power bi,python,r,sql,tableau","excel,power bi,tableau","python,r,sql"
Machine Learning Engineer,"excel,r",excel,r
Machine Learning Engineer,"docker,excel,pytorch,r,tensorflow","docker,excel,pytorch,tensorflow",r
Machine Learning Engineer,r,,r
Machine Learning Engineer,r,,r
Data Analyst,"api,aws,excel,r,sas,scala,tableau","aws,excel,tableau","r,sas,scala"
Data Analyst,"excel,git,python,r,sql","excel,git","python,r,sql"
Machine Learning Engineer,"api,r",,r
Machine Learning Engineer,"api,r,scala,spark",spark,"r,scala"
Machine Learning Engineer,"bash,excel,git,linux,r,sas,sql,tableau","excel,git,tableau","bash,r,sas,sql"
Machine Learning Engineer,r,,r
Machine Learning Engineer,"api,aws,azure,excel,gcp,numpy,pandas,python,r,tensorflow","aws,azure,excel,gcp,numpy,pandas,tensorflow","python,r"
Machine Learning Engineer,"api,aws,r",aws,r
Data Analyst,"excel,power bi,python,r,sql,tableau","excel,power bi,tableau","python,r,sql"
Machine Learning Engineer,"angular,aws,azure,c++,css,html,java,linux,python,r,sql,unix,vue","aws,azure","c++,css,html,java,python,r,sql"
Machine Learning Engineer,"api,docker,excel,kubernetes,python,pytorch,r,scala,tensorflow","docker,excel,kubernetes,pytorch,tensorflow","python,r,scala"
Machine Learning Engineer,"api,aws,azure,excel,gcp,numpy,pandas,python,r,tensorflow","aws,azure,excel,gcp,numpy,pandas,tensorflow","python,r"
Data Scientist,"aws,excel,git,linux,matplotlib,pandas,python,pytorch,r,scikit-learn,shell,sql","aws,excel,git,matplotlib,pandas,pytorch,scikit-learn","python,r,shell,sql"
Data Analyst,"excel,r,scala,sql",excel,"r,scala,sql"
Machine Learning Engineer,"api,docker,excel,kubernetes,python,pytorch,r,scala,tensorflow","docker,excel,kubernetes,pytorch,tensorflow","python,r,scala"
Data Scientist,"api,aws,excel,hadoop,python,r,scala,spark,sql","aws,excel,hadoop,spark","python,r,scala,sql"
Data Analyst,"excel,r,sas,sql",excel,"r,sas,sql"
Data Scientist,"python,r,sql,tableau",tableau,"python,r,sql"
Machine Learning Engineer,"api,aws,django,docker,excel,gcp,git,kubernetes,python,r,scala","aws,docker,excel,gcp,git,kubernetes","python,r,scala"
Machine Learning Engineer,"api,keras,pandas,python,pytorch,r,scikit-learn,tensorflow","keras,pandas,pytorch,scikit-learn,tensorflow","python,r"
Machine Learning Engineer,r,,r
Data Scientist,"aws,excel,git,python,r,spark,sql","aws,excel,git,spark","python,r,sql"
Machine Learning Engineer,r,,r
Data Analyst,"power bi,python,r,sql",power bi,"python,r,sql"
Machine Learning Engineer,"api,aws,r",aws,r
Data Analyst,"excel,power bi,r,sas,sql","excel,power bi","r,sas,sql"
Data Scientist,"python,r,scala,scikit-learn,spark,sql,tensorflow","scikit-learn,spark,tensorflow","python,r,scala,sql"
Machine Learning Engineer,"excel,r",excel,r
Data Analyst,"excel,git,r,scala,sql","excel,git","r,scala,sql"
Data Scientist,"excel,python,r,sas",excel,"python,r,sas"
Data Analyst,"api,aws,azure,hadoop,linux,python,r,shell,spark,sql","aws,azure,hadoop,spark","python,r,shell,sql"
Data Analyst,"excel,git,python,r,sql","excel,git","python,r,sql"
Machine Learning Engineer,"api,aws,azure,java,python,pytorch,r,scala,scikit-learn,spark,tensorflow","aws,azure,pytorch,scikit-learn,spark,tensorflow","java,python,r,scala"
Machine Learning Engineer,r,,r
Machine Learning Engineer,"azure,git,kubernetes,python,r,scala,scikit-learn,shell,spark","azure,git,kubernetes,scikit-learn,spark","python,r,scala,shell"
Machine Learning Engineer,"api,aws,excel,java,python,r,scala,sql,vue","aws,excel","java,python,r,scala,sql"
Data Analyst,"aws,excel,power bi,r,sas,sql,tableau","aws,excel,power bi,tableau","r,sas,sql"
Data Analyst,"excel,python,r,sql",excel,"python,r,sql"
Machine Learning Engineer,"api,java,json,python,r,soap,sql,unix",,"java,python,r,sql"
Data Analyst,"excel,git,linux,power bi,r,sql","excel,git,power bi","r,sql"
Data Scientist,"aws,excel,git,numpy,pandas,power bi,python,pytorch,r,scikit-learn,sql,tableau,tensorflow","aws,excel,git,numpy,pandas,power bi,pytorch,scikit-learn,tableau,tensorflow","python,r,sql"
Data Scientist,"excel,python,r,scala,sql",excel,"python,r,scala,sql"
Machine Learning Engineer,"api,aws,azure,excel,gcp,numpy,pandas,python,pytorch,r,tensorflow","aws,azure,excel,gcp,numpy,pandas,pytorch,tensorflow","python,r"
Data Scientist,"bash,c++,excel,hadoop,java,linux,python,r,spark,sql","excel,hadoop,spark","bash,c++,java,python,r,sql"
Data Scientist,"api,c++,git,java,julia,matlab,python,r,shiny,sql","git,shiny","c++,java,julia,matlab,python,r,sql"
Machine Learning Engineer,"api,docker,excel,kubernetes,python,pytorch,r,scala,tensorflow","docker,excel,kubernetes,pytorch,tensorflow","python,r,scala"
Machine Learning Engineer,"api,azure,bash,docker,excel,git,keras,kubernetes,linux,python,pytorch,r,scala,shell,spark,sql,tensorflow,vue","azure,docker,excel,git,keras,kubernetes,pytorch,spark,tensorflow","bash,python,r,scala,shell,sql"
Data Analyst,"excel,r,scala",excel,"r,scala"
Machine Learning Engineer,"api,r,scala,spark",spark,"r,scala"
Machine Learning Engineer,r,,r
Machine Learning Engineer,r,,r
Machine Learning Engineer,r,,r
Machine Learning Engineer,"c++,matlab,pandas,python,pytorch,r","pandas,pytorch","c++,matlab,python,r"
Machine Learning Engineer,"excel,r",excel,r
Machine Learning Engineer,"azure,excel,r,sas,scala,tableau","azure,excel,tableau","r,sas,scala"
Machine Learning Engineer,"api,bash,hadoop,linux,python,r,scala,spark,sql","hadoop,spark","bash,python,r,scala,sql"
Data Scientist,"aws,azure,excel,git,hadoop,python,pytorch,r,scala,spark,sql,tensorflow","aws,azure,excel,git,hadoop,pytorch,spark,tensorflow","python,r,scala,sql"
Data Analyst,"r,sql",,"r,sql"
Machine Learning Engineer,"api,r",,r
Machine Learning Engineer,"api,r,scala",,"r,scala"
Machine Learning Engineer,"api,aws,bash,css,excel,git,html,java,linux,numpy,python,pytorch,r,scipy,tensorflow,unix","aws,excel,git,numpy,pytorch,scipy,tensorflow","bash,css,html,java,python,r"
Data Analyst,"excel,git,python,r,sql","excel,git","python,r,sql"
Machine Learning Engineer,"excel,r",excel,r
Data Scientist,"aws,matlab,python,r,sas,scala,sql",aws,"matlab,python,r,sas,scala,sql"
Data Scientist,"python,r,sql",,"python,r,sql"
Data Analyst,"excel,power bi,python,r,sql,tableau","excel,power bi,tableau","python,r,sql"
Machine Learning Engineer,"api,aws,azure,excel,gcp,numpy,pandas,python,r,tensorflow","aws,azure,excel,gcp,numpy,pandas,tensorflow","python,r"
Machine Learning Engineer,"git,r",git,r
Data Scientist,"excel,matlab,python,r,sas,sql",excel,"matlab,python,r,sas,sql"
Data Scientist,"aws,c++,excel,java,python,r,spark,sql","aws,excel,spark","c++,java,python,r,sql"
Data Analyst,"excel,power bi,python,r,sas,sql,tableau","excel,power bi,tableau","python,r,sas,sql"
Data Scientist,"docker,hadoop,keras,kubernetes,matplotlib,numpy,pandas,power bi,python,pytorch,r,sas,seaborn,spark,sql,tableau,tensorflow","docker,hadoop,keras,kubernetes,matplotlib,numpy,pandas,power bi,pytorch,seaborn,spark,tableau,tensorflow","python,r,sas,sql"
Data Analyst,"excel,power bi,python,r,sql,tableau","excel,power bi,tableau","python,r,sql"
Data Analyst,"api,excel,python,r,sql,tableau","excel,tableau","python,r,sql"
Data Analyst,"excel,power bi,python,r,sql,tableau","excel,power bi,tableau","python,r,sql"
Data Analyst,"excel,java,power bi,python,r,sql,tableau","excel,power bi,tableau","java,python,r,sql"
Machine Learning Engineer,"aws,c++,excel,git,python,r,shell","aws,excel,git","c++,python,r,shell"
Machine Learning Engineer,"excel,r",excel,r
Machine Learning Engineer,"excel,r",excel,r
Machine Learning Engineer,"aws,c++,excel,keras,matlab,python,pytorch,r,scala,tensorflow","aws,excel,keras,pytorch,tensorflow","c++,matlab,python,r,scala"
Data Analyst,"excel,python,r,sas,sql,tableau","excel,tableau","python,r,sas,sql"
Machine Learning Engineer,"python,r",,"python,r"
Data Scientist,"api,power bi,python,r,sql,tableau","power bi,tableau","python,r,sql"
Machine Learning Engineer,r,,r
Machine Learning Engineer,"aws,azure,docker,excel,gcp,kubernetes,linux,python,pytorch,r,sql","aws,azure,docker,excel,gcp,kubernetes,pytorch","python,r,sql"
Machine Learning Engineer,"api,aws,azure,excel,gcp,numpy,pandas,python,pytorch,r,tensorflow","aws,azure,excel,gcp,numpy,pandas,pytorch,tensorflow","python,r"
Machine Learning Engineer,"java,r,scala",,"java,r,scala"
Data Scientist,"aws,c++,excel,git,hadoop,java,python,r,spark","aws,excel,git,hadoop,spark","c++,java,python,r"
Machine Learning Engineer,"api,aws,azure,excel,gcp,numpy,pandas,python,r,tensorflow","aws,azure,excel,gcp,numpy,pandas,tensorflow","python,r"
Machine Learning Engineer,"api,aws,azure,excel,gcp,numpy,pandas,python,r,tensorflow","aws,azure,excel,gcp,numpy,pandas,tensorflow","python,r"
Data Scientist,"excel,power bi,python,r,sql,tableau","excel,power bi,tableau","python,r,sql"
Data Analyst,"api,excel,git,python,r,sql,tableau","excel,git,tableau","python,r,sql"
Data Analyst,"excel,power bi,python,r,sql,tableau","excel,power bi,tableau","python,r,sql"
Data Scientist,"hadoop,python,r,spark,sql,tableau","hadoop,spark,tableau","python,r,sql"
Machine Learning Engineer,r,,r
Data Analyst,"excel,power bi,python,r,sql,tableau","excel,power bi,tableau","python,r,sql"
Data Analyst,"excel,r,sql,tableau","excel,tableau","r,sql"
Machine Learning Engineer,"api,docker,excel,kubernetes,python,pytorch,r,scala,tensorflow","docker,excel,kubernetes,pytorch,tensorflow","python,r,scala"
Data Analyst,"excel,r,sas,sql",excel,"r,sas,sql"
Data Scientist,"python,r",,"python,r"
Machine Learning Engineer,r,,r
Data Scientist,"python,r,sql",,"python,r,sql"
Data Scientist,"excel,git,keras,matplotlib,numpy,pandas,python,pytorch,r,scikit-learn,seaborn,tensorflow","excel,git,keras,matplotlib,numpy,pandas,pytorch,scikit-learn,seaborn,tensorflow","python,r"
Machine Learning Engineer,"api,aws,git,r","aws,git",r
Machine Learning Engineer,r,,r
Data Scientist,"excel,git,python,r,sql","excel,git","python,r,sql"
Data Scientist,"azure,excel,python,r,sas,sql","azure,excel","python,r,sas,sql"
Data Analyst,"api,aws,excel,python,r,sql","aws,excel","python,r,sql"
Machine Learning Engineer,"excel,r",excel,r
Data Scientist,"git,power bi,python,r,sql,tableau","git,power bi,tableau","python,r,sql"
Machine Learning Engineer,"aws,excel,git,r,tableau","aws,excel,git,tableau",r
Data Analyst,"excel,power bi,r,sql,tableau","excel,power bi,tableau","r,sql"
Data Scientist,"r,sas",,"r,sas"
Machine Learning Engineer,"api,aws,azure,docker,excel,gcp,git,numpy,pandas,power bi,python,r,sql,tableau,tensorflow","aws,azure,docker,excel,gcp,git,numpy,pandas,power bi,tableau,tensorflow","python,r,sql"
Data Scientist,"git,java,matlab,power bi,python,r,sas,scikit-learn,shiny,sql,tableau","git,power bi,scikit-learn,shiny,tableau","java,matlab,python,r,sas,sql"
Machine Learning Engineer,r,,r
Machine Learning Engineer,"api,aws,azure,excel,r","aws,azure,excel",r
Machine Learning Engineer,"excel,r",excel,r
Machine Learning Engineer,"c++,java,python,r",,"c++,java,python,r"
Data Scientist,"python,r,tableau",tableau,"python,r"
Machine Learning Engineer,"api,aws,java,python,pytorch,r,scala,scikit-learn,spark,tensorflow","aws,pytorch,scikit-learn,spark,tensorflow","java,python,r,scala"
Data Scientist,"api,r",,r
Data Analyst,"api,power bi,r",power bi,r
Data Scientist,"api,python,r,scala,spark,sql",spark,"python,r,scala,sql"
Data Analyst,"excel,matplotlib,python,r,sql,tableau","excel,matplotlib,tableau","python,r,sql"
Machine Learning Engineer,r,,r
Machine Learning Engineer,r,,r
Data Scientist,"excel,hadoop,keras,pytorch,r,scala,spark,tensorflow","excel,hadoop,keras,pytorch,spark,tensorflow","r,scala"
Data Analyst,"excel,power bi,python,r,sql,tableau","excel,power bi,tableau","python,r,sql"
Machine Learning Engineer,"excel,git,r","excel,git",r
Data Scientist,"python,r",,"python,r"
Data Scientist,"aws,azure,hadoop,matplotlib,numpy,pandas,power bi,python,pytorch,r,spark,tableau,tensorflow","aws,azure,hadoop,matplotlib,numpy,pandas,power bi,pytorch,spark,tableau,tensorflow","python,r"
Data Scientist,"aws,excel,matlab,python,r,sas,scala,shiny,spark,sql,tableau","aws,excel,shiny,spark,tableau","matlab,python,r,sas,scala,sql"
Machine Learning Engineer,"api,aws,git,r","aws,git",r
Machine Learning Engineer,"aws,azure,docker,excel,gcp,git,kubernetes,python,pytorch,r,scala,tensorflow","aws,azure,docker,excel,gcp,git,kubernetes,pytorch,tensorflow","python,r,scala"
Machine Learning Engineer,"api,r,scala,spark",spark,"r,scala"
Machine Learning Engineer,"api,css,docker,git,html,java,linux,r","docker,git","css,html,java,r"
Data Scientist,"excel,git,r,sas","excel,git","r,sas"
Machine Learning Engineer,"api,r",,r
Data Analyst,"excel,git,python,r,sql","excel,git","python,r,sql"
Machine Learning Engineer,"api,r",,r
Data Scientist,"api,excel,python,r,spark,sql","excel,spark","python,r,sql"
Data Scientist,"python,r,shiny,sql,tableau","shiny,tableau","python,r,sql"
Machine Learning Engineer,r,,r
Machine Learning Engineer,"excel,r",excel,r
Data Scientist,"git,python,r,sql,tableau","git,tableau","python,r,sql"
Data Analyst,"api,aws,excel,r,sas,scala,tableau","aws,excel,tableau","r,sas,scala"
Data Scientist,"excel,git,hadoop,matplotlib,numpy,pandas,python,pytorch,r,spark,sql,tensorflow","excel,git,hadoop,matplotlib,numpy,pandas,pytorch,spark,tensorflow","python,r,sql"
Machine Learning Engineer,"azure,git,kubernetes,python,r,scala,shell","azure,git,kubernetes","python,r,scala,shell"
Machine Learning Engineer,r,,r
Machine Learning Engineer,r,,r
Machine Learning Engineer,"api,aws,azure,docker,git,hadoop,java,kubernetes,linux,python,pytorch,r,scala,scikit-learn,spark,sql,tensorflow,unix","aws,azure,docker,git,hadoop,kubernetes,pytorch,scikit-learn,spark,tensorflow","java,python,r,scala,sql"
Data Scientist,"api,excel,python,r",excel,"python,r"
Data Scientist,"azure,hadoop,java,matlab,pandas,python,r,sas,spark,tensorflow","azure,hadoop,pandas,spark,tensorflow","java,matlab,python,r,sas"
Data Analyst,"r,sql,tableau",tableau,"r,sql"
Data Scientist,"aws,git,pandas,python,pytorch,r,scikit-learn,scipy,spark,sql,tensorflow","aws,git,pandas,pytorch,scikit-learn,scipy,spark,tensorflow","python,r,sql"
Machine Learning Engineer,"api,excel,r",excel,r
Machine Learning Engineer,"api,azure,excel,python,r,soap,sql","azure,excel","python,r,sql"
Data Scientist,"excel,git,keras,matplotlib,numpy,pandas,python,pytorch,r,scikit-learn,seaborn,tensorflow","excel,git,keras,matplotlib,numpy,pandas,pytorch,scikit-learn,seaborn,tensorflow","python,r"
Machine Learning Engineer,"api,aws,git,r","aws,git",r
Data Scientist,"api,aws,git,python,pytorch,r,scala,sql","aws,git,pytorch","python,r,scala,sql"
Machine Learning Engineer,r,,r
Machine Learning Engineer,"api,aws,django,docker,excel,gcp,git,kubernetes,python,r,scala","aws,docker,excel,gcp,git,kubernetes","python,r,scala"
Machine Learning Engineer,"aws,r",aws,r
Machine Learning Engineer,r,,r
Data Scientist,"aws,gcp,python,pytorch,r,spark,sql","aws,gcp,pytorch,spark","python,r,sql"
Data Scientist,"matlab,python,r",,"matlab,python,r"
Data Analyst,"api,excel,python,r,sql,tableau","excel,tableau","python,r,sql"
Data Analyst,"api,aws,excel,r","aws,excel",r
Data Analyst,r,,r
Machine Learning Engineer,r,,r
Machine Learning Engineer,"api,aws,azure,hadoop,java,python,pytorch,r,scala,scikit-learn,spark,tensorflow","aws,azure,hadoop,pytorch,scikit-learn,spark,tensorflow","java,python,r,scala"
Machine Learning Engineer,"api,r,scala,spark",spark,"r,scala"
Machine Learning Engineer,"aws,azure,c++,docker,excel,git,hadoop,java,keras,kubernetes,linux,matplotlib,numpy,pandas,python,pytorch,r,scala,seaborn,spark,sql,tensorflow","aws,azure,docker,excel,git,hadoop,keras,kubernetes,matplotlib,numpy,pandas,pytorch,seaborn,spark,tensorflow","c++,java,python,r,scala,sql"
Data Scientist,"azure,gcp,python,pytorch,r,sql,tensorflow","azure,gcp,pytorch,tensorflow","python,r,sql"
Machine Learning Engineer,"excel,r",excel,r
Data Analyst,"api,excel,python,r,sql,tableau","excel,tableau","python,r,sql"
Machine Learning Engineer,"api,docker,excel,hadoop,java,kubernetes,python,pytorch,r,scala,scikit-learn,spark,tensorflow","docker,excel,hadoop,kubernetes,pytorch,scikit-learn,spark,tensorflow","java,python,r,scala"
Machine Learning Engineer,"aws,excel,r,scala","aws,excel","r,scala"
Machine Learning Engineer,"aws,excel,python,r","aws,excel","python,r"
Data Analyst,"api,excel,power bi,r","excel,power bi",r
Machine Learning Engineer,"excel,r",excel,r
Data Analyst,"excel,matlab,python,r,sas,sql",excel,"matlab,python,r,sas,sql"
Data Analyst,"excel,git,python,r,sql","excel,git","python,r,sql"
Data Analyst,"excel,r",excel,r
Data Analyst,"api,excel,power bi,r","excel,power bi",r
Data Analyst,"aws,excel,r,sas,sql,tableau","aws,excel,tableau","r,sas,sql"
Data Analyst,"api,aws,excel,git,numpy,pandas,python,r,sql","aws,excel,git,numpy,pandas","python,r,sql"
Data Analyst,"api,r,sql",,"r,sql"
Machine Learning Engineer,"api,excel,python,r",excel,"python,r"
Machine Learning Engineer,"c++,git,java,matlab,pandas,python,pytorch,r","git,pandas,pytorch","c++,java,matlab,python,r"
Machine Learning Engineer,"api,c++,keras,linux,matlab,python,pytorch,r,sas,scala,tensorflow","keras,pytorch,tensorflow","c++,matlab,python,r,sas,scala"
Machine Learning Engineer,"excel,r,sas",excel,"r,sas"
Machine Learning Engineer,"aws,excel,pytorch,r,tensorflow","aws,excel,pytorch,tensorflow",r
Data Scientist,"aws,azure,gcp,git,python,r,spark,sql,tableau,tensorflow","aws,azure,gcp,git,spark,tableau,tensorflow","python,r,sql"
Machine Learning Engineer,"excel,r",excel,r
Data Scientist,"hadoop,python,r,sas,scala,spark,sql,tableau","hadoop,spark,tableau","python,r,sas,scala,sql"
Machine Learning Engineer,r,,r
Data Scientist,"aws,azure,git,python,r,scala,spark,sql","aws,azure,git,spark","python,r,scala,sql"
Data Analyst,"excel,power bi,python,r,sql,tableau","excel,power bi,tableau","python,r,sql"
Data Analyst,"excel,power bi,python,r,sql,tableau","excel,power bi,tableau","python,r,sql"
Machine Learning Engineer,r,,r
Data Analyst,"excel,power bi,python,r,sql,tableau","excel,power bi,tableau","python,r,sql"
Data Analyst,"api,azure,excel,git,power bi,r,sql,tableau","azure,excel,git,power bi,tableau","r,sql"
Data Analyst,"api,excel,r",excel,r
Data Analyst,"git,r,shell,sql",git,"r,shell,sql"
Data Analyst,"hadoop,r,sql,tableau","hadoop,tableau","r,sql"
Data Analyst,"excel,r",excel,r
Data Analyst,"aws,python,r,sql",aws,"python,r,sql"
Data Analyst,"api,azure,git,power bi,r,sql,tableau","azure,git,power bi,tableau","r,sql"
Data Analyst,"r,sql",,"r,sql"
Data Analyst,"aws,excel,r,sas,sql,tableau","aws,excel,tableau","r,sas,sql"
Data Analyst,"aws,python,r,sql,tableau","aws,tableau","python,r,sql"
Data Analyst,"excel,r,sql",excel,"r,sql"
Data Analyst,"power bi,r,sql",power bi,"r,sql"
Data Analyst,"excel,python,r,sql",excel,"python,r,sql"
Data Analyst,"excel,r",excel,r
Data Analyst,"api,excel,python,r,sql,tableau","excel,tableau","python,r,sql"
Data Analyst,"excel,python,r,sql,tableau","excel,tableau","python,r,sql"
Data Analyst,"excel,r,sas,tableau","excel,tableau","r,sas"
Data Analyst,"aws,excel,git,java,power bi,python,r,sql,tableau","aws,excel,git,power bi,tableau","java,python,r,sql"
Data Analyst,"excel,r",excel,r
Data Analyst,"excel,r,shell",excel,"r,shell"
Data Analyst,"api,excel,r",excel,r
Data Analyst,"excel,r,sas,sql,tableau","excel,tableau","r,sas,sql"
Data Analyst,"git,r,sas",git,"r,sas"
Data Analyst,"r,sas",,"r,sas"
Data Analyst,"excel,power bi,python,r,sql,tableau","excel,power bi,tableau","python,r,sql"
Data Analyst,"c++,matlab,python,r",,"c++,matlab,python,r"
Data Analyst,"excel,r",excel,r
Data Analyst,"excel,r",excel,r
Data Analyst,"aws,excel,r","aws,excel",r
Data Analyst,"api,aws,excel,power bi,python,r,sql","aws,excel,power bi","python,r,sql"
Data Analyst,"git,hadoop,python,r,spark,sql","git,hadoop,spark","python,r,sql"
Data Analyst,"api,excel,power bi,r","excel,power bi",r
Data Analyst,"excel,power bi,python,r,sql,tableau","excel,power bi,tableau","python,r,sql"
Data Analyst,"aws,excel,power bi,python,r,sas,sql,tableau","aws,excel,power bi,tableau","python,r,sas,sql"
Data Analyst,"api,excel,power bi,python,r,scala,sql,tableau","excel,power bi,tableau","python,r,scala,sql"
Data Analyst,"api,aws,excel,python,r,scala,spark,sql,tableau","aws,excel,spark,tableau","python,r,scala,sql"
Data Analyst,"excel,power bi,r","excel,power bi",r
Data Analyst,"aws,azure,hadoop,python,r,sas,spark,sql","aws,azure,hadoop,spark","python,r,sas,sql"
Data Analyst,"api,hadoop,r,sql",hadoop,"r,sql"
Data Analyst,"aws,git,python,r,shell,sql","aws,git","python,r,shell,sql"
Data Analyst,"excel,r,sql",excel,"r,sql"
Data Analyst,"api,aws,excel,r,sas,scala,tableau","aws,excel,tableau","r,sas,scala"
Data Scientist,"aws,azure,excel,python,r,sas,unix","aws,azure,excel","python,r,sas"
Machine Learning Engineer,"python,pytorch,r,scala,spark,tensorflow","pytorch,spark,tensorflow","python,r,scala"
Machine Learning Engineer,"excel,r",excel,r
Machine Learning Engineer,"api,aws,python,pytorch,r,scala,tensorflow","aws,pytorch,tensorflow","python,r,scala"
Machine Learning Engineer,"aws,azure,excel,git,python,pytorch,r,scikit-learn,tensorflow","aws,azure,excel,git,pytorch,scikit-learn,tensorflow","python,r"
Machine Learning Engineer,"azure,gcp,git,r,scala","azure,gcp,git","r,scala"
Machine Learning Engineer,r,,r
Machine Learning Engineer,"excel,r",excel,r
Machine Learning Engineer,r,,r
Data Analyst,"python,pytorch,r,sql",pytorch,"python,r,sql"
Machine Learning Engineer,r,,r
Machine Learning Engineer,r,,r
Machine Learning Engineer,r,,r
Machine Learning Engineer,"excel,r",excel,r
Machine Learning Engineer,"api,aws,azure,java,python,pytorch,r,scala,scikit-learn,tensorflow","aws,azure,pytorch,scikit-learn,tensorflow","java,python,r,scala"
Machine Learning Engineer,r,,r
Machine Learning Engineer,r,,r
Data Analyst,"aws,excel,power bi,r,sql,tableau","aws,excel,power bi,tableau","r,sql"
Data Analyst,"css,html,java,r,sql",,"css,html,java,r,sql"
Data Analyst,"c++,excel,flask,git,java,python,r,sql","excel,git","c++,java,python,r,sql"
Data Analyst,"azure,excel,r","azure,excel",r
Data Analyst,"excel,git,power bi,r,sql,tableau","excel,git,power bi,tableau","r,sql"
Data Analyst,"api,excel,power bi,r","excel,power bi",r
Data Analyst,"excel,power bi,python,r,sql,tableau","excel,power bi,tableau","python,r,sql"
Data Analyst,"git,python,r,sql",git,"python,r,sql"
Data Analyst,"excel,r,sql",excel,"r,sql"
Data Analyst,"api,excel,hadoop,r,soap,sql,unix","excel,hadoop","r,sql"
Data Analyst,"excel,git,power bi,r,sql","excel,git,power bi","r,sql"
Data Analyst,"excel,python,r,sql",excel,"python,r,sql"
Data Analyst,"excel,git,r,sas","excel,git","r,sas"
Data Analyst,"r,sas,sql,unix",,"r,sas,sql"
Data Analyst,"excel,r",excel,r
Data Analyst,"aws,azure,docker,excel,gcp,git,hadoop,kubernetes,power bi,python,r,sas,spark,sql,tableau","aws,azure,docker,excel,gcp,git,hadoop,kubernetes,power bi,spark,tableau","python,r,sas,sql"
Data Analyst,"excel,r,sas,sql,tableau","excel,tableau","r,sas,sql"
Data Analyst,"api,excel,git,java,pandas,power bi,python,r,sas,sql,tableau","excel,git,pandas,power bi,tableau","java,python,r,sas,sql"
Data Analyst,"matlab,python,r,sql",,"matlab,python,r,sql"
Data Analyst,"excel,r",excel,r
Data Analyst,r,,r
Data Analyst,"excel,power bi,r,sql","excel,power bi","r,sql"
Data Analyst,"excel,r",excel,r
Data Scientist,"aws,azure,excel,git,julia,python,pytorch,r,sql,tensorflow","aws,azure,excel,git,pytorch,tensorflow","julia,python,r,sql"
Data Analyst,"excel,python,r",excel,"python,r"
Data Analyst,"api,r,scala",,"r,scala"
Data Analyst,"excel,power bi,python,r,sql,tableau","excel,power bi,tableau","python,r,sql"
Data Analyst,"aws,git,python,r,sql","aws,git","python,r,sql"
Data Analyst,"power bi,python,r,spark,sql,tableau","power bi,spark,tableau","python,r,sql"
Data Analyst,"excel,r",excel,r
Data Analyst,"excel,r",excel,r
Data Analyst,"excel,power bi,python,r,sql,tableau","excel,power bi,tableau","python,r,sql"
Data Analyst,"hadoop,power bi,r,sql,tableau","hadoop,power bi,tableau","r,sql"
Data Analyst,"api,excel,git,json,power bi,r,sql,tableau,xml","excel,git,power bi,tableau","r,sql"
Data Analyst,"excel,python,r,sql",excel,"python,r,sql"
Data Analyst,"python,r,sql",,"python,r,sql"
Data Analyst,r,,r
Data Analyst,"aws,bash,git,hadoop,linux,python,r,spark,sql,tableau","aws,git,hadoop,spark,tableau","bash,python,r,sql"
Data Analyst,"aws,excel,r","aws,excel",r
Data Analyst,"excel,r",excel,r
Data Analyst,"excel,r,sql",excel,"r,sql"
Data Analyst,"api,r,sas,sql,tableau",tableau,"r,sas,sql"
Data Analyst,"api,azure,excel,git,power bi,r,sql,tableau","azure,excel,git,power bi,tableau","r,sql"
Data Analyst,"excel,python,r,sas,sql,tableau","excel,tableau","python,r,sas,sql"
Data Analyst,r,,r
Data Analyst,"excel,r,tableau","excel,tableau",r
Data Scientist,"aws,c++,docker,excel,git,java,python,r,tensorflow","aws,docker,excel,git,tensorflow","c++,java,python,r"
Data Scientist,"excel,keras,python,pytorch,r,tensorflow","excel,keras,pytorch,tensorflow","python,r"
Data Scientist,"aws,excel,r,sql,tableau,vue","aws,excel,tableau","r,sql"
Machine Learning Engineer,"api,python,r",,"python,r"
Data Scientist,"git,python,pytorch,r,tensorflow","git,pytorch,tensorflow","python,r"
Data Analyst,"azure,excel,power bi,r,sql","azure,excel,power bi","r,sql"
Machine Learning Engineer,"aws,azure,excel,keras,matplotlib,numpy,pandas,python,pytorch,r,seaborn,sql,tensorflow","aws,azure,excel,keras,matplotlib,numpy,pandas,pytorch,seaborn,tensorflow","python,r,sql"
Data Analyst,"excel,r,sql",excel,"r,sql"
Machine Learning Engineer,r,,r
Machine Learning Engineer,r,,r
Machine Learning Engineer,"api,docker,excel,kubernetes,python,pytorch,r,scala,tensorflow","docker,excel,kubernetes,pytorch,tensorflow","python,r,scala"
Data Analyst,"excel,r,sql",excel,"r,sql"
Machine Learning Engineer,"excel,r,sas",excel,"r,sas"
Data Analyst,"api,r,sql",,"r,sql"
Machine Learning Engineer,"aws,c++,git,java,linux,python,pytorch,r,scala,scikit-learn,shell,spark,sql,tensorflow","aws,git,pytorch,scikit-learn,spark,tensorflow","c++,java,python,r,scala,shell,sql"
Machine Learning Engineer,"c++,python,pytorch,r,tensorflow","pytorch,tensorflow","c++,python,r"
Data Analyst,"aws,excel,ggplot,hadoop,python,r,spark,sql","aws,excel,ggplot,hadoop,spark","python,r,sql"
Data Scientist,"api,aws,hadoop,python,r,scala,spark,sql","aws,hadoop,spark","python,r,scala,sql"
Machine Learning Engineer,"aws,r",aws,r
Data Analyst,"aws,power bi,python,r,sql,tableau","aws,power bi,tableau","python,r,sql"
Data Analyst,"excel,gcp,git,power bi,python,r,scala,spark,sql,tableau","excel,gcp,git,power bi,spark,tableau","python,r,scala,sql"
Data Analyst,"excel,r,sas",excel,"r,sas"
Data Analyst,"excel,r,sql",excel,"r,sql"
Machine Learning Engineer,"api,bash,c++,docker,kubernetes,python,r,sql","docker,kubernetes","bash,c++,python,r,sql"
Machine Learning Engineer,"api,r,scala",,"r,scala"
Data Analyst,"api,aws,hadoop,r,sql,tableau","aws,hadoop,tableau","r,sql"
Data Analyst,"aws,r",aws,r
Data Analyst,"python,r,sql,tableau",tableau,"python,r,sql"
Machine Learning Engineer,"excel,r",excel,r
Data Analyst,"excel,power bi,r,sql,tableau","excel,power bi,tableau","r,sql"
Data Analyst,"excel,r,sql",excel,"r,sql"
Machine Learning Engineer,"c++,git,linux,r",git,"c++,r"
Machine Learning Engineer,"aws,excel,git,keras,pandas,python,pytorch,r,scala,scikit-learn,sql,tensorflow","aws,excel,git,keras,pandas,pytorch,scikit-learn,tensorflow","python,r,scala,sql"
Machine Learning Engineer,r,,r
Data Analyst,"api,c++,excel,java,python,r,tableau","excel,tableau","c++,java,python,r"
Data Scientist,"excel,hadoop,python,r,scala,spark,sql,unix","excel,hadoop,spark","python,r,scala,sql"
Data Scientist,"api,power bi,python,r,sql,tableau","power bi,tableau","python,r,sql"
Data Analyst,"aws,excel,python,r,sql,tableau","aws,excel,tableau","python,r,sql"
Machine Learning Engineer,"excel,r",excel,r
Machine Learning Engineer,"python,pytorch,r,scala",pytorch,"python,r,scala"
Machine Learning Engineer,"git,r",git,r
Data Scientist,"python,r,scala,sql",,"python,r,scala,sql"
Machine Learning Engineer,"aws,azure,docker,excel,gcp,kubernetes,numpy,pandas,python,pytorch,r,scala,scikit-learn,sql,tensorflow","aws,azure,docker,excel,gcp,kubernetes,numpy,pandas,pytorch,scikit-learn,tensorflow","python,r,scala,sql"
Data Analyst,"api,aws,azure,excel,gcp,hadoop,power bi,python,r,sas,scala,spark,sql","aws,azure,excel,gcp,hadoop,power bi,spark","python,r,sas,scala,sql"
Data Analyst,"excel,r",excel,r
Data Scientist,"python,r,sas,sql",,"python,r,sas,sql"
Data Analyst,"aws,r",aws,r
Machine Learning Engineer,"api,c++,docker,excel,kubernetes,python,pytorch,r,tensorflow","docker,excel,kubernetes,pytorch,tensorflow","c++,python,r"
Machine Learning Engineer,"c++,excel,java,python,r,sql",excel,"c++,java,python,r,sql"
Data Scientist,"aws,azure,power bi,python,r,tableau","aws,azure,power bi,tableau","python,r"
Data Analyst,"api,excel,python,r,sql,tableau","excel,tableau","python,r,sql"
Machine Learning Engineer,"api,aws,azure,excel,gcp,numpy,pandas,python,r,tensorflow","aws,azure,excel,gcp,numpy,pandas,tensorflow","python,r"
Machine Learning Engineer,"api,r,scala,spark",spark,"r,scala"
Machine Learning Engineer,"api,docker,excel,kubernetes,python,pytorch,r,scala,tensorflow","docker,excel,kubernetes,pytorch,tensorflow","python,r,scala"
Machine Learning Engineer,"api,aws,django,docker,excel,gcp,git,kubernetes,python,r,scala","aws,docker,excel,gcp,git,kubernetes","python,r,scala"
Data Scientist,"git,hadoop,java,linux,python,r,scala,spark,sql","git,hadoop,spark","java,python,r,scala,sql"
Data Analyst,"r,sql",,"r,sql"
Machine Learning Engineer,"api,aws,azure,hadoop,java,python,pytorch,r,scala,scikit-learn,spark,sql,tensorflow","aws,azure,hadoop,pytorch,scikit-learn,spark,tensorflow","java,python,r,scala,sql"
Machine Learning Engineer,"api,aws,azure,excel,gcp,numpy,pandas,python,r,tensorflow","aws,azure,excel,gcp,numpy,pandas,tensorflow","python,r"
Data Analyst,"excel,power bi,python,r,sql","excel,power bi","python,r,sql"
Data Analyst,"excel,git,power bi,python,r,scala,sql,tableau","excel,git,power bi,tableau","python,r,scala,sql"
Data Analyst,"git,r",git,r
Machine Learning Engineer,r,,r
Machine Learning Engineer,"excel,r",excel,r
Data Analyst,"api,excel,python,r,sql,tableau","excel,tableau","python,r,sql"
Machine Learning Engineer,"excel,r",excel,r
Machine Learning Engineer,r,,r
Machine Learning Engineer,r,,r
Machine Learning Engineer,r,,r
Data Scientist,"bash,linux,python,r,sql",,"bash,python,r,sql"
Data Analyst,"excel,r",excel,r
Data Scientist,"matlab,python,r,sql",,"matlab,python,r,sql"
Data Scientist,"api,git,r",git,r
Data Analyst,"power bi,r,sql,tableau","power bi,tableau","r,sql"
Machine Learning Engineer,"excel,r",excel,r
Machine Learning Engineer,"excel,r",excel,r
Data Analyst,"excel,python,r,sql,tableau","excel,tableau","python,r,sql"
Machine Learning Engineer,"excel,r",excel,r
Machine Learning Engineer,"excel,r,sas",excel,"r,sas"
Data Analyst,"r,sql,tableau",tableau,"r,sql"
Machine Learning Engineer,"aws,r",aws,r
Data Analyst,"aws,python,r,sql",aws,"python,r,sql"
Data Scientist,"excel,git,keras,matplotlib,numpy,pandas,python,pytorch,r,scikit-learn,seaborn,tensorflow","excel,git,keras,matplotlib,numpy,pandas,pytorch,scikit-learn,seaborn,tensorflow","python,r"
Data Analyst,"aws,git,hadoop,power bi,python,r,sql,tableau","aws,git,hadoop,power bi,tableau","python,r,sql"
Data Analyst,"r,sql",,"r,sql"
Data Analyst,"excel,r",excel,r
Data Analyst,"power bi,r,sql",power bi,"r,sql"
Data Analyst,"excel,power bi,python,r,sql,tableau","excel,power bi,tableau","python,r,sql"
Data Analyst,"excel,power bi,python,r,sql,tableau","excel,power bi,tableau","python,r,sql"
Machine Learning Engineer,"excel,r",excel,r
Data Analyst,"excel,power bi,python,r,sql,tableau","excel,power bi,tableau","python,r,sql"
Data Analyst,"excel,r",excel,r
Data Analyst,"excel,power bi,python,r,sql,tableau","excel,power bi,tableau","python,r,sql"
Data Analyst,"excel,r",excel,r
Machine Learning Engineer,"api,r,scala,spark",spark,"r,scala"
Data Analyst,"excel,power bi,python,r,sql,tableau","excel,power bi,tableau","python,r,sql"
Data Analyst,"excel,r",excel,r
Data Analyst,r,,r
Data Analyst,"excel,power bi,python,r,sql,tableau","excel,power bi,tableau","python,r,sql"
Data Analyst,"aws,excel,r,sql,tableau","aws,excel,tableau","r,sql"
Machine Learning Engineer,r,,r
Data Analyst,"api,excel,r",excel,r
Data Analyst,"api,git,power bi,python,r,sas,sql","git,power bi","python,r,sas,sql"
Data Analyst,"excel,r,sas,sql,tableau","excel,tableau","r,sas,sql"
Data Analyst,r,,r
Data Analyst,"excel,git,linux,r,unix","excel,git",r
Data Analyst,"excel,hadoop,python,r,scala,spark,sql","excel,hadoop,spark","python,r,scala,sql"
Data Analyst,"api,aws,excel,git,power bi,python,r,sql,tableau","aws,excel,git,power bi,tableau","python,r,sql"
Data Analyst,"api,excel,r",excel,r
Data Analyst,"api,excel,python,r,sql",excel,"python,r,sql"
Data Analyst,"aws,azure,excel,gcp,r,sql","aws,azure,excel,gcp","r,sql"
Data Analyst,"api,python,r,sql",,"python,r,sql"
Data Analyst,"excel,power bi,r,sql","excel,power bi","r,sql"
Data Analyst,"excel,power bi,python,r,tableau","excel,power bi,tableau","python,r"
Data Analyst,"api,excel,python,r,sql,tableau","excel,tableau","python,r,sql"
Data Scientist,"python,r,sql",,"python,r,sql"
Data Scientist,"api,excel,git,java,keras,matlab,python,r,sas,tensorflow","excel,git,keras,tensorflow","java,matlab,python,r,sas"
Data Analyst,"aws,excel,html,power bi,python,r,sql,tableau","aws,excel,power bi,tableau","html,python,r,sql"
Data Analyst,r,,r
Data Analyst,"excel,r,sql,tableau","excel,tableau","r,sql"
Data Scientist,"aws,azure,git,pytorch,r,sql,tableau,tensorflow","aws,azure,git,pytorch,tableau,tensorflow","r,sql"
Data Analyst,"aws,excel,git,numpy,pandas,python,r,sql,tableau","aws,excel,git,numpy,pandas,tableau","python,r,sql"
Data Analyst,"excel,r",excel,r
Data Analyst,"api,aws,c++,excel,hadoop,java,power bi,python,r,sas,sql,tableau","aws,excel,hadoop,power bi,tableau","c++,java,python,r,sas,sql"
Data Analyst,"excel,python,r,sql,tableau","excel,tableau","python,r,sql"
Data Analyst,"api,azure,excel,git,power bi,r,sql,tableau","azure,excel,git,power bi,tableau","r,sql"
Data Analyst,"api,excel,python,r,sql,tableau","excel,tableau","python,r,sql"
Data Analyst,"api,aws,excel,java,power bi,python,r,sql,tableau","aws,excel,power bi,tableau","java,python,r,sql"
Data Analyst,"excel,git,r,sas","excel,git","r,sas"
Data Analyst,"aws,excel,r,sas,sql,tableau,xml","aws,excel,tableau","r,sas,sql"
Data Analyst,"api,excel,power bi,r,sas,sql,tableau","excel,power bi,tableau","r,sas,sql"
Data Analyst,"power bi,python,r,shiny,tableau","power bi,shiny,tableau","python,r"
Data Analyst,"excel,r",excel,r
Data Analyst,"excel,r",excel,r
Data Analyst,"api,excel,python,r,sql",excel,"python,r,sql"
Data Analyst,"excel,python,r,sql",excel,"python,r,sql"
Data Analyst,"aws,azure,excel,r,sql,tableau","aws,azure,excel,tableau","r,sql"
Data Analyst,"matlab,python,r,sas",,"matlab,python,r,sas"
Data Analyst,"aws,excel,html,power bi,python,r,sql,tableau","aws,excel,power bi,tableau","html,python,r,sql"
Data Analyst,"aws,excel,git,r,sas,sql,tableau","aws,excel,git,tableau","r,sas,sql"
Data Analyst,"r,sql",,"r,sql"
Data Analyst,"excel,python,r,sql,tableau","excel,tableau","python,r,sql"
Data Analyst,"api,aws,excel,git,r,scala","aws,excel,git","r,scala"
Data Analyst,"django,excel,python,r,scala",excel,"python,r,scala"
Data Analyst,"excel,r,shell",excel,"r,shell"
Data Analyst,"excel,git,r,scala","excel,git","r,scala"
Data Analyst,"api,excel,r,sql,tableau","excel,tableau","r,sql"
Data Analyst,"api,python,r,scala,sql,tableau",tableau,"python,r,scala,sql"
Data Analyst,"aws,excel,r,sas","aws,excel","r,sas"
Data Analyst,"aws,excel,power bi,python,r,sas,sql,tableau","aws,excel,power bi,tableau","python,r,sas,sql"
Data Analyst,"excel,r",excel,r
Data Analyst,"api,r",,r
Data Analyst,r,,r
Data Analyst,"api,excel,git,python,r,sql,tableau","excel,git,tableau","python,r,sql"
Data Analyst,r,,r
Data Analyst,"excel,r",excel,r
Data Analyst,"excel,git,python,r,sas,sql,tableau","excel,git,tableau","python,r,sas,sql"
Data Analyst,"git,power bi,python,r,scala,sql,tableau","git,power bi,tableau","python,r,scala,sql"
Data Analyst,"aws,python,r,scala,spark,sql","aws,spark","python,r,scala,sql"
Data Analyst,"aws,excel,html,power bi,python,r,sql,tableau","aws,excel,power bi,tableau","html,python,r,sql"
Data Analyst,r,,r
Data Analyst,"excel,r,sql,tableau","excel,tableau","r,sql"
Data Analyst,"aws,azure,excel,hadoop,power bi,r,spark,sql,tableau","aws,azure,excel,hadoop,power bi,spark,tableau","r,sql"
Data Analyst,"aws,azure,gcp,git,java,python,r,scala,spark,sql,tableau","aws,azure,gcp,git,spark,tableau","java,python,r,scala,sql"
Data Analyst,"python,r,sas,sql",,"python,r,sas,sql"
Data Analyst,"excel,python,r,sas,sql",excel,"python,r,sas,sql"
Data Analyst,"aws,excel,r,sas,sql","aws,excel","r,sas,sql"
Data Analyst,"api,excel,r,sql,tableau","excel,tableau","r,sql"
Data Analyst,"excel,r,sql",excel,"r,sql"
Data Analyst,"aws,azure,docker,git,hadoop,java,kubernetes,linux,python,r,scala,spark","aws,azure,docker,git,hadoop,kubernetes,spark","java,python,r,scala"
Data Analyst,"excel,python,r,sql",excel,"python,r,sql"
Data Analyst,"aws,excel,git,power bi,r,sql,tableau","aws,excel,git,power bi,tableau","r,sql"
Data Analyst,"excel,power bi,python,r,sql,tableau","excel,power bi,tableau","python,r,sql"
Data Analyst,r,,r
Data Analyst,"excel,git,hadoop,linux,python,r,spark,sql","excel,git,hadoop,spark","python,r,sql"
Data Analyst,"excel,r,sql,tableau","excel,tableau","r,sql"
Data Analyst,"excel,power bi,python,r,sql,tableau","excel,power bi,tableau","python,r,sql"
Data Analyst,"excel,r,tableau","excel,tableau",r
Data Analyst,"r,sql",,"r,sql"
Data Analyst,"r,sql",,"r,sql"
Data Analyst,"api,excel,numpy,pandas,python,r,sql,tableau","excel,numpy,pandas,tableau","python,r,sql"
Data Analyst,"aws,excel,power bi,python,r,sas,sql,tableau","aws,excel,power bi,tableau","python,r,sas,sql"
Data Analyst,"excel,power bi,python,r,sql,tableau","excel,power bi,tableau","python,r,sql"
Data Analyst,"excel,r,sql,tableau","excel,tableau","r,sql"
Data Analyst,"excel,power bi,python,r,sql,tableau","excel,power bi,tableau","python,r,sql"
Data Analyst,"excel,r,sql",excel,"r,sql"
Data Analyst,"api,aws,git,python,r,spark,sql","aws,git,spark","python,r,sql"
Data Analyst,"excel,python,r,spark,sql,tableau","excel,spark,tableau","python,r,sql"
Data Analyst,"api,aws,gcp,java,python,r,spark","aws,gcp,spark","java,python,r"
Data Analyst,"api,excel,r,tableau","excel,tableau",r
Data Analyst,"aws,excel,ggplot,hadoop,python,r,spark,sql","aws,excel,ggplot,hadoop,spark","python,r,sql"
Data Analyst,"excel,r",excel,r
Data Analyst,"api,excel,python,r,sql,tableau","excel,tableau","python,r,sql"
Data Analyst,"excel,power bi,r,sql","excel,power bi","r,sql"
Data Analyst,"git,python,r,sas,sql,tableau","git,tableau","python,r,sas,sql"
Data Analyst,"api,aws,python,r,sql,tableau,unix","aws,tableau","python,r,sql"
Data Analyst,"aws,excel,python,r,sql","aws,excel","python,r,sql"
Data Analyst,"excel,power bi,r,sql,tableau","excel,power bi,tableau","r,sql"
Data Analyst,"excel,power bi,r,tableau","excel,power bi,tableau",r
Machine Learning Engineer,"api,aws,azure,excel,gcp,numpy,pandas,python,pytorch,r,tensorflow","aws,azure,excel,gcp,numpy,pandas,pytorch,tensorflow","python,r"
Data Analyst,"r,sql,unix",,"r,sql"
Data Analyst,"api,excel,python,r,sql,tableau","excel,tableau","python,r,sql"
Data Analyst,"aws,excel,r,shell","aws,excel","r,shell"
Data Analyst,"excel,r,sql",excel,"r,sql"
Data Analyst,"gcp,git,python,r,sql","gcp,git","python,r,sql"
Data Analyst,"api,azure,excel,json,python,r,sql,tableau","azure,excel,tableau","python,r,sql"
Data Analyst,"excel,r",excel,r
Data Analyst,r,,r
Data Analyst,r,,r
Data Analyst,"azure,excel,git,power bi,r,sql","azure,excel,git,power bi","r,sql"
Data Analyst,"excel,python,r,sql,tableau","excel,tableau","python,r,sql"
Data Analyst,"excel,power bi,r,sql,tableau","excel,power bi,tableau","r,sql"
Data Analyst,"api,aws,excel,power bi,r,tableau","aws,excel,power bi,tableau",r
Data Analyst,"aws,excel,r,tableau","aws,excel,tableau",r
Data Analyst,"excel,r,scala",excel,"r,scala"
Data Analyst,"excel,r,sql",excel,"r,sql"
Data Analyst,"azure,excel,power bi,python,r,sql","azure,excel,power bi","python,r,sql"
Data Analyst,"excel,git,python,r,sas,sql,tableau","excel,git,tableau","python,r,sas,sql"
Data Analyst,"excel,python,r,sql,tableau","excel,tableau","python,r,sql"
Data Analyst,"java,python,r,sql,tableau",tableau,"java,python,r,sql"
Machine Learning Engineer,"api,r,scala,spark",spark,"r,scala"
Data Analyst,"python,r,sql,tableau",tableau,"python,r,sql"
Data Analyst,"excel,html,power bi,python,r,shell,xml","excel,power bi","html,python,r,shell"
Data Analyst,"excel,git,python,r,sql","excel,git","python,r,sql"
Machine Learning Engineer,r,,r
Data Analyst,"excel,power bi,python,r,sql,tableau","excel,power bi,tableau","python,r,sql"
Data Analyst,"excel,git,python,r,sas,sql,tableau","excel,git,tableau","python,r,sas,sql"
Data Analyst,"excel,python,r",excel,"python,r"
Data Analyst,"excel,r,sql",excel,"r,sql"
Machine Learning Engineer,"css,html,java,r",,"css,html,java,r"
Data Analyst,r,,r
Data Analyst,"api,excel,power bi,r,scala","excel,power bi","r,scala"
Machine Learning Engineer,"api,aws,docker,fastapi,flask,kubernetes,python,r","aws,docker,kubernetes","python,r"
Data Analyst,"aws,excel,html,power bi,python,r,sql,tableau","aws,excel,power bi,tableau","html,python,r,sql"
Data Scientist,"azure,excel,git,power bi,python,r,spark,sql","azure,excel,git,power bi,spark","python,r,sql"
Data Analyst,"api,aws,azure,git,hadoop,keras,linux,matplotlib,numpy,pandas,power bi,python,pytorch,r,seaborn,spark,sql,tableau,tensorflow,unix","aws,azure,git,hadoop,keras,matplotlib,numpy,pandas,power bi,pytorch,seaborn,spark,tableau,tensorflow","python,r,sql"
Data Analyst,"excel,git,python,r,sql,tableau","excel,git,tableau","python,r,sql"
Machine Learning Engineer,r,,r
Machine Learning Engineer,"angular,api,docker,flask,kubernetes,python,r","docker,kubernetes","python,r"
Machine Learning Engineer,"r,unix,xml",,r
Machine Learning Engineer,"api,azure,css,excel,html,r,sql","azure,excel","css,html,r,sql"
Data Analyst,"excel,git,python,r,scala,spark,sql,tableau","excel,git,spark,tableau","python,r,scala,sql"
Machine Learning Engineer,"api,aws,azure,excel,python,r,scala,sql","aws,azure,excel","python,r,scala,sql"
Data Analyst,r,,r
Machine Learning Engineer,"api,aws,azure,java,python,r,scala","aws,azure","java,python,r,scala"
Machine Learning Engineer,"angular,css,excel,git,html,java,r","excel,git","css,html,java,r"
Machine Learning Engineer,"api,docker,excel,hadoop,java,kubernetes,python,pytorch,r,scala,scikit-learn,spark,tensorflow","docker,excel,hadoop,kubernetes,pytorch,scikit-learn,spark,tensorflow","java,python,r,scala"
Machine Learning Engineer,"gcp,r",gcp,r
Machine Learning Engineer,"excel,git,matplotlib,numpy,pandas,python,pytorch,r,scikit-learn,tensorflow","excel,git,matplotlib,numpy,pandas,pytorch,scikit-learn,tensorflow","python,r"
Machine Learning Engineer,"api,docker,excel,hadoop,java,kubernetes,python,pytorch,r,scala,scikit-learn,spark,tensorflow","docker,excel,hadoop,kubernetes,pytorch,scikit-learn,spark,tensorflow","java,python,r,scala"
Machine Learning Engineer,"pytorch,r,tensorflow","pytorch,tensorflow",r
Data Analyst,"python,r,sql",,"python,r,sql"
Data Analyst,"api,r,scala",,"r,scala"
Machine Learning Engineer,"aws,azure,python,r","aws,azure","python,r"
Data Analyst,"excel,r,sql,tableau","excel,tableau","r,sql"
Data Analyst,"api,excel,git,java,pandas,power bi,python,r,sas,sql,tableau","excel,git,pandas,power bi,tableau","java,python,r,sas,sql"
Machine Learning Engineer,"api,docker,excel,hadoop,java,kubernetes,python,pytorch,r,scala,scikit-learn,spark,tensorflow","docker,excel,hadoop,kubernetes,pytorch,scikit-learn,spark,tensorflow","java,python,r,scala"
Data Scientist,"api,hadoop,java,python,r,sas,spark,sql,tableau","hadoop,spark,tableau","java,python,r,sas,sql"
Machine Learning Engineer,"c++,java,python,r,scala",,"c++,java,python,r,scala"
Machine Learning Engineer,"api,aws,azure,excel,gcp,numpy,pandas,python,r,tensorflow","aws,azure,excel,gcp,numpy,pandas,tensorflow","python,r"
Data Analyst,"excel,r",excel,r
Machine Learning Engineer,"aws,gcp,java,python,r","aws,gcp","java,python,r"
Data Analyst,"excel,r",excel,r
Data Analyst,"excel,power bi,r,sql","excel,power bi","r,sql"
Machine Learning Engineer,"aws,python,r",aws,"python,r"
Machine Learning Engineer,r,,r
Machine Learning Engineer,"excel,r",excel,r
Machine Learning Engineer,"aws,excel,r","aws,excel",r
Data Scientist,"python,r,shiny,sql,tableau","shiny,tableau","python,r,sql"
Machine Learning Engineer,"api,aws,docker,git,kubernetes,python,r,spark,sql","aws,docker,git,kubernetes,spark","python,r,sql"
Data Scientist,"c++,git,python,r,sql",git,"c++,python,r,sql"
Machine Learning Engineer,r,,r
Machine Learning Engineer,"api,excel,python,r,scala",excel,"python,r,scala"
Data Scientist,"aws,python,r",aws,"python,r"
Data Scientist,"aws,azure,git,pytorch,r,scikit-learn,tensorflow","aws,azure,git,pytorch,scikit-learn,tensorflow",r
Machine Learning Engineer,"api,docker,git,keras,python,pytorch,r,scikit-learn,tensorflow","docker,git,keras,pytorch,scikit-learn,tensorflow","python,r"
Machine Learning Engineer,"api,aws,azure,css,excel,fastapi,python,pytorch,r,scala","aws,azure,excel,pytorch","css,python,r,scala"
Machine Learning Engineer,"api,gcp,python,r,sql",gcp,"python,r,sql"
Machine Learning Engineer,"api,aws,django,docker,excel,gcp,git,kubernetes,python,r,scala","aws,docker,excel,gcp,git,kubernetes","python,r,scala"
Machine Learning Engineer,"api,docker,excel,kubernetes,python,pytorch,r,scala,tensorflow","docker,excel,kubernetes,pytorch,tensorflow","python,r,scala"
Machine Learning Engineer,"api,aws,azure,java,python,pytorch,r,scala,scikit-learn,spark,tensorflow","aws,azure,pytorch,scikit-learn,spark,tensorflow","java,python,r,scala"
Data Scientist,"api,aws,c++,excel,gcp,julia,linux,python,r,spark,tensorflow","aws,excel,gcp,spark,tensorflow","c++,julia,python,r"
Machine Learning Engineer,"aws,azure,docker,gcp,git,kubernetes,python,r,sql","aws,azure,docker,gcp,git,kubernetes","python,r,sql"
Data Scientist,"aws,git,python,r,sql,unix","aws,git","python,r,sql"
Machine Learning Engineer,"aws,python,pytorch,r,scala,tensorflow","aws,pytorch,tensorflow","python,r,scala"
Machine Learning Engineer,"api,aws,azure,java,python,pytorch,r,scala,scikit-learn,spark,tensorflow","aws,azure,pytorch,scikit-learn,spark,tensorflow","java,python,r,scala"
Machine Learning Engineer,"api,aws,azure,docker,excel,gcp,git,hadoop,kubernetes,linux,matlab,python,pytorch,r,scala,sql,tensorflow,unix","aws,azure,docker,excel,gcp,git,hadoop,kubernetes,pytorch,tensorflow","matlab,python,r,scala,sql"
Data Scientist,"excel,hadoop,python,r,spark","excel,hadoop,spark","python,r"
Data Scientist,"java,python,r,spark,sql,tensorflow","spark,tensorflow","java,python,r,sql"
Machine Learning Engineer,"python,pytorch,r,tensorflow","pytorch,tensorflow","python,r"
Machine Learning Engineer,"aws,azure,docker,excel,gcp,kubernetes,python,pytorch,r,tensorflow","aws,azure,docker,excel,gcp,kubernetes,pytorch,tensorflow","python,r"
Data Scientist,"python,r,sql",,"python,r,sql"
Machine Learning Engineer,"api,docker,excel,kubernetes,python,pytorch,r,scala,sql,tensorflow","docker,excel,kubernetes,pytorch,tensorflow","python,r,scala,sql"
Data Scientist,"excel,git,python,r,sql","excel,git","python,r,sql"
Machine Learning Engineer,"api,git,r",git,r
Data Scientist,"excel,python,r,sql",excel,"python,r,sql"
Machine Learning Engineer,"aws,azure,docker,excel,gcp,kubernetes,python,r","aws,azure,docker,excel,gcp,kubernetes","python,r"
Machine Learning Engineer,"api,excel,python,r,tensorflow","excel,tensorflow","python,r"
Machine Learning Engineer,"c++,flask,python,r,vue",,"c++,python,r"
Machine Learning Engineer,"api,docker,excel,kubernetes,python,pytorch,r,scala,tensorflow","docker,excel,kubernetes,pytorch,tensorflow","python,r,scala"
Machine Learning Engineer,"aws,excel,python,pytorch,r,scala,scikit-learn,tensorflow","aws,excel,pytorch,scikit-learn,tensorflow","python,r,scala"
Machine Learning Engineer,"api,aws,azure,excel,gcp,numpy,pandas,python,r,tensorflow","aws,azure,excel,gcp,numpy,pandas,tensorflow","python,r"
Machine Learning Engineer,"aws,c++,git,java,linux,python,pytorch,r,scala,scikit-learn,shell,spark,sql,tensorflow","aws,git,pytorch,scikit-learn,spark,tensorflow","c++,java,python,r,scala,shell,sql"
Machine Learning Engineer,"api,c++,excel,git,matlab,python,pytorch,r,tensorflow","excel,git,pytorch,tensorflow","c++,matlab,python,r"
Machine Learning Engineer,"api,docker,fastapi,flask,numpy,pandas,python,pytorch,r,scala,scikit-learn,scipy,sql","docker,numpy,pandas,pytorch,scikit-learn,scipy","python,r,scala,sql"
Machine Learning Engineer,"api,aws,azure,c++,docker,excel,gcp,hadoop,java,kubernetes,linux,python,pytorch,r,spark,sql,tensorflow,unix","aws,azure,docker,excel,gcp,hadoop,kubernetes,pytorch,spark,tensorflow","c++,java,python,r,sql"
Data Scientist,"git,java,python,r,sql,tableau","git,tableau","java,python,r,sql"
Data Scientist,"aws,python,r",aws,"python,r"
Machine Learning Engineer,r,,r
Machine Learning Engineer,"api,aws,azure,linux,python,r,scala,unix","aws,azure","python,r,scala"
Data Scientist,"excel,python,pytorch,r,scala,tensorflow","excel,pytorch,tensorflow","python,r,scala"
Data Analyst,"r,sql",,"r,sql"
Machine Learning Engineer,r,,r
Machine Learning Engineer,r,,r
Machine Learning Engineer,r,,r
Machine Learning Engineer,r,,r
Machine Learning Engineer,"azure,docker,excel,kubernetes,linux,python,pytorch,r,scala,spark,sql,tensorflow,unix","azure,docker,excel,kubernetes,pytorch,spark,tensorflow","python,r,scala,sql"
Data Scientist,"aws,excel,git,matplotlib,python,r,scala,seaborn,sql,tableau","aws,excel,git,matplotlib,seaborn,tableau","python,r,scala,sql"
Machine Learning Engineer,"aws,excel,r","aws,excel",r
Machine Learning Engineer,"api,python,r,scala",,"python,r,scala"
Data Scientist,"git,r,sas",git,"r,sas"
Machine Learning Engineer,"excel,r",excel,r
Machine Learning Engineer,"api,excel,gcp,git,hadoop,java,python,r,scala,spark,sql,tensorflow","excel,gcp,git,hadoop,spark,tensorflow","java,python,r,scala,sql"
Data Scientist,"aws,hadoop,java,python,r,spark,sql,tableau","aws,hadoop,spark,tableau","java,python,r,sql"
Machine Learning Engineer,"api,aws,r,scala",aws,"r,scala"
Machine Learning Engineer,r,,r
Data Scientist,"matlab,python,r,sql",,"matlab,python,r,sql"
Data Scientist,"c++,excel,hadoop,java,python,r,scala,sql,tableau","excel,hadoop,tableau","c++,java,python,r,scala,sql"
Data Analyst,"api,excel,python,r,sql,tableau","excel,tableau","python,r,sql"
Machine Learning Engineer,r,,r
Data Analyst,"api,excel,python,r,sql,tableau","excel,tableau","python,r,sql"
Machine Learning Engineer,r,,r
Data Analyst,"excel,power bi,python,r,sql,tableau","excel,power bi,tableau","python,r,sql"
Machine Learning Engineer,"api,docker,excel,kubernetes,python,pytorch,r,scala,tensorflow","docker,excel,kubernetes,pytorch,tensorflow","python,r,scala"
Data Analyst,"r,sql",,"r,sql"
Machine Learning Engineer,"azure,git,kubernetes,r","azure,git,kubernetes",r
Data Analyst,"api,excel,python,r,sql,tableau","excel,tableau","python,r,sql"
Machine Learning Engineer,r,,r
Data Analyst,"api,excel,python,r,sql,tableau","excel,tableau","python,r,sql"
Data Analyst,"api,excel,python,r,sql,tableau","excel,tableau","python,r,sql"
Data Analyst,"api,excel,python,r,sql,tableau","excel,tableau","python,r,sql"
Data Analyst,"api,excel,python,r,sql,tableau","excel,tableau","python,r,sql"
Machine Learning Engineer,"excel,r",excel,r
Data Analyst,"api,excel,python,r,sql,tableau","excel,tableau","python,r,sql"
Data Scientist,"aws,python,r,sql,tableau","aws,tableau","python,r,sql"
Machine Learning Engineer,"excel,r",excel,r
Data Scientist,r,,r
Data Scientist,"aws,git,r","aws,git",r
Machine Learning Engineer,"aws,r",aws,r
Data Scientist,"azure,excel,git,graphql,java,python,r,spark,sql","azure,excel,git,spark","java,python,r,sql"
Machine Learning Engineer,r,,r
Machine Learning Engineer,"aws,r,scala",aws,"r,scala"
Machine Learning Engineer,"excel,r,sas",excel,"r,sas"
Machine Learning Engineer,r,,r
Machine Learning Engineer,"excel,r,sas",excel,"r,sas"
Machine Learning Engineer,"excel,r",excel,r
Machine Learning Engineer,r,,r
Machine Learning Engineer,"excel,r",excel,r
Data Scientist,"git,r,sas",git,"r,sas"
Machine Learning Engineer,"aws,r",aws,r
Data Scientist,"aws,python,r,sas",aws,"python,r,sas"
Machine Learning Engineer,"c++,matlab,python,pytorch,r,tensorflow","pytorch,tensorflow","c++,matlab,python,r"
Machine Learning Engineer,r,,r
Machine Learning Engineer,r,,r
Data Scientist,"aws,azure,excel,hadoop,python,r,spark,sql","aws,azure,excel,hadoop,spark","python,r,sql"
Machine Learning Engineer,"excel,r",excel,r
Data Scientist,"api,aws,excel,hadoop,keras,numpy,pandas,python,pytorch,r,scala,scikit-learn,tensorflow","aws,excel,hadoop,keras,numpy,pandas,pytorch,scikit-learn,tensorflow","python,r,scala"
Data Scientist,"matlab,python,r,sql",,"matlab,python,r,sql"
Machine Learning Engineer,"api,excel,r",excel,r
Machine Learning Engineer,r,,r
Data Scientist,"api,excel,git,python,r","excel,git","python,r"
Data Scientist,"git,python,r,scala,sql",git,"python,r,scala,sql"
Machine Learning Engineer,r,,r
Machine Learning Engineer,r,,r
Machine Learning Engineer,r,,r
Data Scientist,"excel,power bi,python,r,scala,sql,tableau","excel,power bi,tableau","python,r,scala,sql"
Data Analyst,"r,sql,tableau",tableau,"r,sql"
Data Scientist,r,,r
Data Scientist,"aws,c++,excel,git,java,python,r","aws,excel,git","c++,java,python,r"
Machine Learning Engineer,r,,r
Data Scientist,"aws,azure,excel,ggplot,hadoop,python,r,spark,sql","aws,azure,excel,ggplot,hadoop,spark","python,r,sql"
Data Scientist,"api,azure,excel,git,hadoop,python,r,sas,scala,spark,sql","azure,excel,git,hadoop,spark","python,r,sas,scala,sql"
Machine Learning Engineer,"excel,r",excel,r
Machine Learning Engineer,"excel,r",excel,r
Machine Learning Engineer,"excel,r",excel,r
Data Scientist,"aws,linux,r",aws,r
Machine Learning Engineer,r,,r
Data Scientist,"api,azure,excel,git,hadoop,python,r,sas,scala,spark,sql","azure,excel,git,hadoop,spark","python,r,sas,scala,sql"
Data Scientist,"power bi,python,r,tableau","power bi,tableau","python,r"
Machine Learning Engineer,r,,r
Machine Learning Engineer,"excel,r",excel,r
Data Scientist,"excel,matlab,python,r,sql",excel,"matlab,python,r,sql"
Data Scientist,r,,r
Data Scientist,"excel,matlab,python,r,sql",excel,"matlab,python,r,sql"
Machine Learning Engineer,"excel,r",excel,r
Machine Learning Engineer,"excel,r",excel,r
Data Scientist,"api,excel,r",excel,r
Machine Learning Engineer,"excel,r",excel,r
Machine Learning Engineer,r,,r
Machine Learning Engineer,"excel,r",excel,r
Machine Learning Engineer,"excel,r",excel,r
Data Scientist,"aws,java,python,r,scala",aws,"java,python,r,scala"
Machine Learning Engineer,"aws,r",aws,r
Machine Learning Engineer,"excel,r",excel,r
Machine Learning Engineer,"aws,r",aws,r
Machine Learning Engineer,r,,r
Machine Learning Engineer,r,,r
Machine Learning Engineer,"aws,r,sas,scala",aws,"r,sas,scala"
Machine Learning Engineer,r,,r
Data Scientist,"python,r",,"python,r"
Machine Learning Engineer,"excel,r",excel,r
Data Scientist,"api,excel,python,r",excel,"python,r"
Data Scientist,"aws,azure,excel,ggplot,hadoop,python,r,spark,sql","aws,azure,excel,ggplot,hadoop,spark","python,r,sql"
Machine Learning Engineer,"aws,r",aws,r
Data Scientist,"aws,azure,excel,power bi,python,r,spark,sql,tableau","aws,azure,excel,power bi,spark,tableau","python,r,sql"
Data Scientist,"excel,python,r,scala",excel,"python,r,scala"
Data Scientist,"api,excel,python,r,shell",excel,"python,r,shell"
Machine Learning Engineer,r,,r
Machine Learning Engineer,"excel,r,sas",excel,"r,sas"
Data Scientist,"excel,git,java,python,pytorch,r,scala,spark,tensorflow","excel,git,pytorch,spark,tensorflow","java,python,r,scala"
Machine Learning Engineer,"excel,r",excel,r
Data Scientist,"excel,python,r,sql,tableau","excel,tableau","python,r,sql"
Data Scientist,"git,power bi,python,r,spark,sql,tableau","git,power bi,spark,tableau","python,r,sql"
Machine Learning Engineer,r,,r
Machine Learning Engineer,"excel,r",excel,r
Machine Learning Engineer,"api,excel,r",excel,r
Machine Learning Engineer,r,,r
Machine Learning Engineer,r,,r
Machine Learning Engineer,r,,r
Machine Learning Engineer,r,,r
Machine Learning Engineer,"excel,r,sas",excel,"r,sas"
Machine Learning Engineer,r,,r
Machine Learning Engineer,r,,r
Machine Learning Engineer,r,,r
Machine Learning Engineer,r,,r
Data Scientist,"aws,excel,r","aws,excel",r
Machine Learning Engineer,r,,r
Machine Learning Engineer,"git,r",git,r
Machine Learning Engineer,"api,hadoop,linux,python,r,scala,spark","hadoop,spark","python,r,scala"
Machine Learning Engineer,"api,aws,azure,c++,excel,gcp,git,java,keras,python,pytorch,r,tensorflow","aws,azure,excel,gcp,git,keras,pytorch,tensorflow","c++,java,python,r"
Machine Learning Engineer,"excel,r",excel,r
Machine Learning Engineer,"aws,azure,docker,git,html,kubernetes,linux,python,pytorch,r,sas,scala","aws,azure,docker,git,kubernetes,pytorch","html,python,r,sas,scala"
Machine Learning Engineer,"api,docker,fastapi,flask,numpy,pandas,python,pytorch,r,scala,scikit-learn,scipy,sql","docker,numpy,pandas,pytorch,scikit-learn,scipy","python,r,scala,sql"
Data Scientist,"azure,python,r",azure,"python,r"
Machine Learning Engineer,r,,r
Machine Learning Engineer,r,,r
Machine Learning Engineer,r,,r
Machine Learning Engineer,"excel,r",excel,r
Machine Learning Engineer,r,,r
Machine Learning Engineer,r,,r
Machine Learning Engineer,r,,r
Machine Learning Engineer,r,,r
Machine Learning Engineer,r,,r
Machine Learning Engineer,r,,r
Machine Learning Engineer,"api,aws,r",aws,r
Machine Learning Engineer,r,,r
Machine Learning Engineer,r,,r
Machine Learning Engineer,r,,r
Data Scientist,"docker,linux,python,pytorch,r,tensorflow","docker,pytorch,tensorflow","python,r"
Data Scientist,"excel,git,keras,matplotlib,numpy,pandas,python,pytorch,r,scikit-learn,seaborn,tensorflow","excel,git,keras,matplotlib,numpy,pandas,pytorch,scikit-learn,seaborn,tensorflow","python,r"
Machine Learning Engineer,r,,r
Data Scientist,"api,python,r,sql",,"python,r,sql"
Data Scientist,"api,aws,python,r,sql,tableau","aws,tableau","python,r,sql"
Machine Learning Engineer,"api,aws,r",aws,r
Data Scientist,"excel,python,r",excel,"python,r"
Data Scientist,"python,r,scala,spark,sql",spark,"python,r,scala,sql"
Data Scientist,"aws,excel,git,python,r,scipy","aws,excel,git,scipy","python,r"
Data Scientist,r,,r
Machine Learning Engineer,r,,r
Machine Learning Engineer,r,,r
Machine Learning Engineer,"api,aws,r",aws,r
Machine Learning Engineer,"api,aws,r",aws,r
Data Scientist,"aws,r",aws,r
Data Scientist,"api,aws,azure,git,python,r,sql","aws,azure,git","python,r,sql"
Machine Learning Engineer,"git,r",git,r
Machine Learning Engineer,"git,r",git,r
Machine Learning Engineer,r,,r
Data Analyst,"excel,r",excel,r
Data Scientist,"azure,python,r,sql",azure,"python,r,sql"
Data Scientist,"aws,docker,java,kubernetes,python,r,shiny","aws,docker,kubernetes,shiny","java,python,r"
Data Scientist,"api,excel,python,pytorch,r,scikit-learn,tensorflow","excel,pytorch,scikit-learn,tensorflow","python,r"
Machine Learning Engineer,r,,r
Data Scientist,"excel,python,r,sas,sql",excel,"python,r,sas,sql"
Machine Learning Engineer,"git,matlab,python,pytorch,r,tensorflow","git,pytorch,tensorflow","matlab,python,r"
Data Scientist,"excel,git,keras,matplotlib,numpy,pandas,python,pytorch,r,scikit-learn,seaborn,tensorflow","excel,git,keras,matplotlib,numpy,pandas,pytorch,scikit-learn,seaborn,tensorflow","python,r"
Data Scientist,"api,git,python,pytorch,r,sql,tensorflow","git,pytorch,tensorflow","python,r,sql"
Machine Learning Engineer,"api,r",,r
Machine Learning Engineer,"flask,git,keras,python,pytorch,r,sql,tableau,tensorflow","git,keras,pytorch,tableau,tensorflow","python,r,sql"
Data Scientist,"api,aws,azure,python,pytorch,r","aws,azure,pytorch","python,r"
Data Scientist,"java,python,r,sql",,"java,python,r,sql"
Machine Learning Engineer,"api,aws,r",aws,r
Machine Learning Engineer,"api,aws,r",aws,r
Data Scientist,"python,r,sql",,"python,r,sql"
Data Scientist,"aws,r",aws,r
Machine Learning Engineer,"api,r",,r
Machine Learning Engineer,r,,r
Machine Learning Engineer,r,,r
Machine Learning Engineer,"excel,r",excel,r
Data Analyst,"excel,power bi,r,tableau","excel,power bi,tableau",r
Machine Learning Engineer,"excel,r",excel,r
Data Analyst,"aws,excel,power bi,r,sql","aws,excel,power bi","r,sql"
Data Analyst,"r,sql",,"r,sql"
Data Analyst,"aws,excel,power bi,r,sql","aws,excel,power bi","r,sql"
Data Analyst,"aws,excel,git,power bi,python,r,sas,sql,tableau","aws,excel,git,power bi,tableau","python,r,sas,sql"
Machine Learning Engineer,"excel,r",excel,r
Machine Learning Engineer,"api,aws,azure,excel,gcp,numpy,pandas,python,r,tensorflow","aws,azure,excel,gcp,numpy,pandas,tensorflow","python,r"
Data Analyst,"linux,python,r,scala,sql",,"python,r,scala,sql"
Data Analyst,r,,r
Data Analyst,"excel,power bi,r,sas,sql,tableau","excel,power bi,tableau","r,sas,sql"
Machine Learning Engineer,"excel,r",excel,r
Machine Learning Engineer,"excel,r",excel,r
Data Analyst,"api,css,excel,html,java,power bi,python,r,shiny,sql,tableau,xml","excel,power bi,shiny,tableau","css,html,java,python,r,sql"
Data Analyst,"aws,r",aws,r
Machine Learning Engineer,"excel,r",excel,r
Data Analyst,"aws,excel,git,numpy,pandas,python,r,sql,tableau","aws,excel,git,numpy,pandas,tableau","python,r,sql"
Data Analyst,"excel,git,r","excel,git",r
Data Analyst,"excel,r,scala",excel,"r,scala"
Data Analyst,"excel,r,sas",excel,"r,sas"
Data Analyst,"excel,power bi,r,sas,sql,tableau","excel,power bi,tableau","r,sas,sql"
Data Analyst,"aws,excel,git,python,r","aws,excel,git","python,r"
Machine Learning Engineer,"excel,r",excel,r
Data Analyst,"aws,excel,python,r,tableau","aws,excel,tableau","python,r"
Data Analyst,"excel,r",excel,r
Machine Learning Engineer,"excel,r",excel,r
Data Analyst,"excel,r,sql",excel,"r,sql"
Data Analyst,"api,excel,r",excel,r
Machine Learning Engineer,"c++,python,r,scala",,"c++,python,r,scala"
Data Scientist,"api,c++,java,python,r,scala,spark,sql,tensorflow","spark,tensorflow","c++,java,python,r,scala,sql"
Machine Learning Engineer,"api,git,r",git,r
Machine Learning Engineer,"api,c++,excel,git,matlab,python,r","excel,git","c++,matlab,python,r"
Data Analyst,"excel,git,r,sql,tableau","excel,git,tableau","r,sql"
Machine Learning Engineer,"aws,excel,json,kubernetes,r,scala","aws,excel,kubernetes","r,scala"
Data Analyst,"excel,power bi,python,r,sql,tableau","excel,power bi,tableau","python,r,sql"
Data Analyst,"excel,power bi,python,r,sql,tableau","excel,power bi,tableau","python,r,sql"
Data Analyst,"aws,excel,r,scala","aws,excel","r,scala"
Data Scientist,"c++,hadoop,python,r,sas,sql,tableau","hadoop,tableau","c++,python,r,sas,sql"
Machine Learning Engineer,"excel,r,sql",excel,"r,sql"
Machine Learning Engineer,"api,aws,azure,java,linux,python,pytorch,r,scala,scikit-learn,spark,tensorflow,unix","aws,azure,pytorch,scikit-learn,spark,tensorflow","java,python,r,scala"
Data Analyst,"aws,azure,gcp,r","aws,azure,gcp",r
Data Analyst,"r,sql",,"r,sql"
Data Analyst,"excel,r",excel,r
Data Analyst,"excel,python,r,sas,sql",excel,"python,r,sas,sql"
Data Analyst,"excel,java,r,sas,sql,xml",excel,"java,r,sas,sql"
Data Analyst,r,,r
Data Scientist,"api,matlab,python,r,sql",,"matlab,python,r,sql"
Machine Learning Engineer,"aws,azure,c++,excel,python,r","aws,azure,excel","c++,python,r"
Machine Learning Engineer,"excel,r,tensorflow","excel,tensorflow",r
Machine Learning Engineer,r,,r
Machine Learning Engineer,"api,aws,azure,excel,gcp,numpy,pandas,python,r,tensorflow","aws,azure,excel,gcp,numpy,pandas,tensorflow","python,r"
Machine Learning Engineer,"api,aws,azure,c++,excel,gcp,git,java,keras,python,pytorch,r,tensorflow","aws,azure,excel,gcp,git,keras,pytorch,tensorflow","c++,java,python,r"
Machine Learning Engineer,"api,r",,r
Machine Learning Engineer,"api,r",,r
Machine Learning Engineer,"api,r",,r
Machine Learning Engineer,"excel,r",excel,r
Machine Learning Engineer,"aws,r",aws,r
Data Scientist,"api,aws,keras,python,pytorch,r,scala,scikit-learn,tensorflow","aws,keras,pytorch,scikit-learn,tensorflow","python,r,scala"
Machine Learning Engineer,r,,r
Machine Learning Engineer,"excel,r",excel,r
Data Scientist,"aws,git,python,r,unix","aws,git","python,r"
Machine Learning Engineer,r,,r
Machine Learning Engineer,"excel,numpy,python,r","excel,numpy","python,r"
Machine Learning Engineer,"excel,r",excel,r
Machine Learning Engineer,"api,excel,html,r",excel,"html,r"
Machine Learning Engineer,r,,r
Machine Learning Engineer,"aws,linux,pytorch,r,tensorflow","aws,pytorch,tensorflow",r
Machine Learning Engineer,"api,docker,excel,kubernetes,python,pytorch,r,scala,tensorflow","docker,excel,kubernetes,pytorch,tensorflow","python,r,scala"
Machine Learning Engineer,"python,pytorch,r,scala,spark,tensorflow","pytorch,spark,tensorflow","python,r,scala"
Data Scientist,"aws,azure,excel,ggplot,hadoop,python,r,spark,sql,tableau","aws,azure,excel,ggplot,hadoop,spark,tableau","python,r,sql"
Machine Learning Engineer,"aws,azure,docker,gcp,git,kubernetes,python,r,sql","aws,azure,docker,gcp,git,kubernetes","python,r,sql"
Data Scientist,"api,excel,python,pytorch,r,scala,tensorflow","excel,pytorch,tensorflow","python,r,scala"
Data Scientist,"api,excel,git,java,power bi,python,r,sql,tableau","excel,git,power bi,tableau","java,python,r,sql"
Machine Learning Engineer,"api,bash,hadoop,linux,python,r,scala,spark,sql","hadoop,spark","bash,python,r,scala,sql"
Machine Learning Engineer,"api,docker,excel,hadoop,java,kubernetes,python,pytorch,r,scala,scikit-learn,spark,tensorflow","docker,excel,hadoop,kubernetes,pytorch,scikit-learn,spark,tensorflow","java,python,r,scala"
Machine Learning Engineer,"c++,julia,matlab,python,r,scala",,"c++,julia,matlab,python,r,scala"
Data Scientist,"aws,azure,excel,hadoop,python,pytorch,r,scala,spark,tensorflow","aws,azure,excel,hadoop,pytorch,spark,tensorflow","python,r,scala"
Machine Learning Engineer,"excel,python,pytorch,r,tensorflow","excel,pytorch,tensorflow","python,r"
Data Scientist,"api,aws,python,pytorch,r,scikit-learn,tensorflow,xml","aws,pytorch,scikit-learn,tensorflow","python,r"
Machine Learning Engineer,"api,aws,excel,r","aws,excel",r
Machine Learning Engineer,"api,c++,css,excel,html,r",excel,"c++,css,html,r"
Machine Learning Engineer,"c++,java,python,r,spark",spark,"c++,java,python,r"
Machine Learning Engineer,"c++,excel,linux,matlab,python,pytorch,r,scala,tensorflow","excel,pytorch,tensorflow","c++,matlab,python,r,scala"
Machine Learning Engineer,"api,aws,java,python,pytorch,r,scala,scikit-learn,spark,tensorflow","aws,pytorch,scikit-learn,spark,tensorflow","java,python,r,scala"
Machine Learning Engineer,"api,r,scala,spark",spark,"r,scala"
Machine Learning Engineer,"api,c++,python,pytorch,r,tensorflow","pytorch,tensorflow","c++,python,r"
Machine Learning Engineer,"excel,r",excel,r
Data Scientist,"python,r",,"python,r"
Data Scientist,"aws,azure,hadoop,java,python,r,spark","aws,azure,hadoop,spark","java,python,r"
Machine Learning Engineer,"excel,r,sas",excel,"r,sas"
Machine Learning Engineer,"python,pytorch,r,sql,tensorflow","pytorch,tensorflow","python,r,sql"
Machine Learning Engineer,"azure,python,r,scala",azure,"python,r,scala"
Machine Learning Engineer,"api,docker,excel,kubernetes,python,pytorch,r,scala,tensorflow","docker,excel,kubernetes,pytorch,tensorflow","python,r,scala"
Machine Learning Engineer,r,,r
Machine Learning Engineer,"git,r",git,r
Machine Learning Engineer,"api,r",,r
Machine Learning Engineer,"excel,r,sas",excel,"r,sas"
Machine Learning Engineer,"excel,r,sas",excel,"r,sas"
Machine Learning Engineer,"excel,r,sas",excel,"r,sas"
Machine Learning Engineer,"api,r",,r
Machine Learning Engineer,"git,r",git,r
Data Analyst,"excel,r",excel,r
Machine Learning Engineer,"excel,r,sas",excel,"r,sas"
Machine Learning Engineer,"api,r",,r
Machine Learning Engineer,"api,r",,r
Machine Learning Engineer,"api,r",,r
Machine Learning Engineer,"excel,r",excel,r
Machine Learning Engineer,r,,r
Data Scientist,"api,python,r,sql",,"python,r,sql"
Machine Learning Engineer,r,,r
Machine Learning Engineer,"excel,r,sas",excel,"r,sas"
Machine Learning Engineer,"excel,r,sas",excel,"r,sas"
Data Scientist,"aws,r,sql",aws,"r,sql"
Data Scientist,"aws,python,pytorch,r,scala,spark,sql","aws,pytorch,spark","python,r,scala,sql"
Machine Learning Engineer,r,,r
Data Scientist,"api,excel,power bi,python,r,scala,sql","excel,power bi","python,r,scala,sql"
Data Scientist,"excel,git,keras,matplotlib,numpy,pandas,python,pytorch,r,scikit-learn,seaborn,tensorflow","excel,git,keras,matplotlib,numpy,pandas,pytorch,scikit-learn,seaborn,tensorflow","python,r"
Machine Learning Engineer,r,,r
Data Scientist,"aws,azure,c++,excel,gcp,hadoop,python,pytorch,r,spark,sql,tensorflow","aws,azure,excel,gcp,hadoop,pytorch,spark,tensorflow","c++,python,r,sql"
Data Scientist,"excel,json,python,r,scala,sql,xml",excel,"python,r,scala,sql"
Machine Learning Engineer,"aws,gcp,java,python,r","aws,gcp","java,python,r"
Machine Learning Engineer,"pytorch,r,tensorflow","pytorch,tensorflow",r
Data Analyst,"excel,r",excel,r
Data Analyst,"api,excel,r",excel,r
Data Analyst,"aws,python,r,sql,tableau","aws,tableau","python,r,sql"
Data Analyst,"azure,excel,r,sql","azure,excel","r,sql"
Data Analyst,"excel,python,r,sql",excel,"python,r,sql"
Machine Learning Engineer,"api,excel,r,tableau","excel,tableau",r
Data Analyst,"api,excel,r,scala,sql",excel,"r,scala,sql"
Data Analyst,"excel,matlab,python,r",excel,"matlab,python,r"
Data Analyst,"api,r,sql",,"r,sql"
Data Analyst,"python,r,sas,sql,tableau",tableau,"python,r,sas,sql"
Machine Learning Engineer,"aws,r,scala",aws,"r,scala"
Data Analyst,"excel,power bi,r","excel,power bi",r
Machine Learning Engineer,"aws,excel,r,scala","aws,excel","r,scala"
Machine Learning Engineer,"aws,excel,r,scala","aws,excel","r,scala"
Machine Learning Engineer,"excel,r",excel,r
Data Analyst,"excel,r",excel,r
Machine Learning Engineer,r,,r
Data Analyst,r,,r
Machine Learning Engineer,"excel,r",excel,r
Machine Learning Engineer,"aws,excel,r","aws,excel",r
Data Analyst,"excel,power bi,python,r,sql,tableau","excel,power bi,tableau","python,r,sql"
Data Analyst,"excel,power bi,python,r,sql,tableau","excel,power bi,tableau","python,r,sql"
Data Analyst,"excel,power bi,r,sql,tableau","excel,power bi,tableau","r,sql"
Machine Learning Engineer,"api,docker,excel,kubernetes,python,pytorch,r,scala,tensorflow","docker,excel,kubernetes,pytorch,tensorflow","python,r,scala"
Data Analyst,"excel,power bi,r,sql","excel,power bi","r,sql"
Data Analyst,"aws,git,hadoop,power bi,python,r,sql,tableau","aws,git,hadoop,power bi,tableau","python,r,sql"
Data Analyst,"excel,power bi,python,r,sql,tableau","excel,power bi,tableau","python,r,sql"
Machine Learning Engineer,"aws,excel,r","aws,excel",r
Data Analyst,"r,sql",,"r,sql"
Data Analyst,"api,excel,git,python,r,sql,tableau","excel,git,tableau","python,r,sql"
Data Analyst,"excel,r,sql",excel,"r,sql"
Data Analyst,"java,r",,"java,r"
Machine Learning Engineer,"excel,git,r","excel,git",r
Data Analyst,"r,sql,tableau",tableau,"r,sql"
Data Analyst,"python,r,sql",,"python,r,sql"
Machine Learning Engineer,"aws,azure,c++,docker,gcp,java,kubernetes,python,r,sql,tensorflow","aws,azure,docker,gcp,kubernetes,tensorflow","c++,java,python,r,sql"
Machine Learning Engineer,"api,azure,docker,excel,hadoop,kubernetes,python,pytorch,r,scala,spark,sql,tensorflow","azure,docker,excel,hadoop,kubernetes,pytorch,spark,tensorflow","python,r,scala,sql"
Data Analyst,"hadoop,python,r,scala,spark,sql","hadoop,spark","python,r,scala,sql"
Data Analyst,r,,r
Data Analyst,"excel,git,r,scala,sql","excel,git","r,scala,sql"
Data Analyst,"api,aws,azure,excel,gcp,power bi,r,sql,tableau","aws,azure,excel,gcp,power bi,tableau","r,sql"
Data Analyst,"excel,r",excel,r
Data Analyst,"api,aws,excel,r,sas,scala,tableau","aws,excel,tableau","r,sas,scala"
Data Analyst,"excel,r,sas,scala",excel,"r,sas,scala"
Data Analyst,"api,excel,git,java,pandas,power bi,python,r,sas,sql,tableau","excel,git,pandas,power bi,tableau","java,python,r,sas,sql"
Data Analyst,r,,r
Data Analyst,"api,excel,r",excel,r
Data Analyst,"excel,r,scala,sql",excel,"r,scala,sql"
Data Analyst,r,,r
Data Analyst,"excel,r,spark","excel,spark",r
Data Analyst,"power bi,python,r,sql,tableau","power bi,tableau","python,r,sql"
Data Analyst,"excel,git,r,shell,sql,tableau,unix","excel,git,tableau","r,shell,sql"
Data Analyst,"r,sas,sql",,"r,sas,sql"
Data Analyst,"excel,r",excel,r
Data Analyst,"aws,r,sas,sql,tableau","aws,tableau","r,sas,sql"
Data Analyst,"excel,power bi,python,r,scala,sql,tableau","excel,power bi,tableau","python,r,scala,sql"
Data Analyst,"aws,excel,python,r,scala,spark,sql","aws,excel,spark","python,r,scala,sql"
Data Analyst,"excel,r",excel,r
Data Analyst,"excel,r",excel,r
Data Analyst,"aws,excel,r","aws,excel",r
Data Analyst,"azure,excel,r","azure,excel",r
Data Analyst,"api,excel,git,java,pandas,power bi,python,r,sas,sql,tableau","excel,git,pandas,power bi,tableau","java,python,r,sas,sql"
Data Analyst,"aws,excel,python,r,sql,tableau","aws,excel,tableau","python,r,sql"
Data Analyst,"aws,python,r,scala,sql,tableau","aws,tableau","python,r,scala,sql"
Data Analyst,"excel,git,r,sas,sql","excel,git","r,sas,sql"
Data Analyst,"api,excel,python,r,sql",excel,"python,r,sql"
Data Analyst,"excel,r,sql,tableau","excel,tableau","r,sql"
Data Analyst,"r,scala",,"r,scala"
Data Analyst,"excel,git,matlab,r,sas,scala,sql","excel,git","matlab,r,sas,scala,sql"
Data Analyst,"aws,python,r,sql",aws,"python,r,sql"
Data Analyst,"excel,r",excel,r
Data Analyst,"aws,git,hadoop,power bi,python,r,sql,tableau","aws,git,hadoop,power bi,tableau","python,r,sql"
Data Analyst,"excel,python,r,sql",excel,"python,r,sql"
Data Analyst,"excel,git,r,scala,sql","excel,git","r,scala,sql"
Data Analyst,"excel,power bi,python,r,sql,tableau","excel,power bi,tableau","python,r,sql"
Data Analyst,"r,sas",,"r,sas"
Data Analyst,"excel,git,r","excel,git",r
Data Analyst,"api,python,r",,"python,r"
Data Analyst,"excel,python,r,sas,sql",excel,"python,r,sas,sql"
Data Analyst,"git,r",git,r
Data Analyst,"aws,excel,r,sql,tableau","aws,excel,tableau","r,sql"
Data Analyst,"azure,excel,power bi,r,sql","azure,excel,power bi","r,sql"
Data Analyst,"api,r",,r
Data Analyst,"aws,excel,git,r,sas,sql,tableau","aws,excel,git,tableau","r,sas,sql"
Data Analyst,r,,r
Data Analyst,"api,excel,git,power bi,python,r,sql","excel,git,power bi","python,r,sql"
Data Analyst,"excel,numpy,pandas,python,r,sql,tableau","excel,numpy,pandas,tableau","python,r,sql"
Data Analyst,"excel,r,scala,tableau","excel,tableau","r,scala"
Data Analyst,"r,sas,sql,tableau",tableau,"r,sas,sql"
Data Analyst,"api,excel,git,java,pandas,power bi,python,r,sas,sql,tableau","excel,git,pandas,power bi,tableau","java,python,r,sas,sql"
Data Analyst,"git,r",git,r
Data Analyst,"excel,r,sql",excel,"r,sql"
Data Analyst,"excel,git,r,sas","excel,git","r,sas"
Data Analyst,"api,excel,r,scala",excel,"r,scala"
Data Analyst,"api,excel,r",excel,r
Data Analyst,"excel,r,tableau","excel,tableau",r
Data Analyst,"api,excel,r,sql",excel,"r,sql"
Data Analyst,"git,python,r,sql,unix",git,"python,r,sql"
Data Analyst,"r,sas,unix",,"r,sas"
Data Analyst,"r,sas",,"r,sas"
Data Analyst,"excel,python,r,sql",excel,"python,r,sql"
Data Analyst,"excel,python,r,scala,sql",excel,"python,r,scala,sql"
Data Analyst,"api,excel,git,java,pandas,power bi,python,r,sas,sql,tableau","excel,git,pandas,power bi,tableau","java,python,r,sas,sql"
Data Analyst,"power bi,python,r,sas,sql",power bi,"python,r,sas,sql"
Data Analyst,"api,excel,git,java,pandas,power bi,python,r,sas,sql,tableau","excel,git,pandas,power bi,tableau","java,python,r,sas,sql"
Data Analyst,"excel,r,tableau","excel,tableau",r
Data Analyst,"aws,python,r,sql,tableau","aws,tableau","python,r,sql"
Data Analyst,"aws,python,r,sas,sql",aws,"python,r,sas,sql"
Data Analyst,"api,git,power bi,python,r,sql,tableau","git,power bi,tableau","python,r,sql"
Data Analyst,"api,excel,hadoop,python,r,scala,spark,sql,tableau","excel,hadoop,spark,tableau","python,r,scala,sql"
Data Analyst,"api,excel,git,java,pandas,power bi,python,r,sas,sql,tableau","excel,git,pandas,power bi,tableau","java,python,r,sas,sql"
Data Analyst,"api,aws,excel,power bi,python,r,sas,sql","aws,excel,power bi","python,r,sas,sql"
Data Analyst,"azure,excel,power bi,r,sql","azure,excel,power bi","r,sql"
Data Analyst,"excel,r",excel,r
Data Analyst,"aws,excel,r,sql","aws,excel","r,sql"
Data Analyst,"excel,r",excel,r
Data Analyst,"excel,git,linux,python,r","excel,git","python,r"
Data Analyst,r,,r
Data Analyst,"api,excel,r",excel,r
Data Analyst,"api,excel,python,r,sql,tableau","excel,tableau","python,r,sql"
Data Analyst,"api,excel,git,java,pandas,power bi,python,r,sas,sql,tableau","excel,git,pandas,power bi,tableau","java,python,r,sas,sql"
Data Analyst,"api,git,power bi,python,r,sql,tableau","git,power bi,tableau","python,r,sql"
Data Analyst,"excel,html,power bi,python,r,shell,xml","excel,power bi","html,python,r,shell"
Data Analyst,"excel,power bi,python,r,sql","excel,power bi","python,r,sql"
Data Analyst,"aws,excel,r,tableau","aws,excel,tableau",r
Data Analyst,"api,excel,r,sql,tableau","excel,tableau","r,sql"
Data Analyst,"python,r,sas",,"python,r,sas"
Data Analyst,r,,r
Data Analyst,"excel,power bi,python,r,sql,tableau","excel,power bi,tableau","python,r,sql"
Data Analyst,"power bi,python,r,sql,tableau","power bi,tableau","python,r,sql"
Data Analyst,"git,r,sql",git,"r,sql"
Data Analyst,"excel,r",excel,r
Data Analyst,"excel,r",excel,r
Data Analyst,"aws,python,r,sql",aws,"python,r,sql"
Data Analyst,"api,aws,excel,r","aws,excel",r
Data Analyst,"excel,r",excel,r
Data Analyst,"excel,git,java,python,r,sas,sql,tableau,xml","excel,git,tableau","java,python,r,sas,sql"
Data Analyst,"api,excel,python,r,sql,tableau","excel,tableau","python,r,sql"
Data Analyst,"api,excel,git,html,r","excel,git","html,r"
Data Analyst,"excel,r",excel,r
Data Analyst,"excel,git,r,shell,sql,tableau,unix","excel,git,tableau","r,shell,sql"
Data Analyst,"aws,python,r,sql,tableau","aws,tableau","python,r,sql"
Data Analyst,"excel,r,sas,tableau","excel,tableau","r,sas"
Data Analyst,"excel,power bi,r,sql","excel,power bi","r,sql"
Data Analyst,r,,r
Data Analyst,"excel,python,r,sql,tableau","excel,tableau","python,r,sql"
Data Analyst,"api,excel,power bi,r,sql","excel,power bi","r,sql"
Data Analyst,"api,excel,python,r,sql,tableau","excel,tableau","python,r,sql"
Data Analyst,"api,excel,power bi,python,r,sas,sql","excel,power bi","python,r,sas,sql"
Data Analyst,r,,r
Data Analyst,"aws,python,r,scala,sql",aws,"python,r,scala,sql"
Data Analyst,"api,excel,python,r,sql,tableau","excel,tableau","python,r,sql"
Data Analyst,"docker,excel,git,python,r,spark,sql,tableau","docker,excel,git,spark,tableau","python,r,sql"
Data Analyst,"excel,git,r,scala,sql","excel,git","r,scala,sql"
Data Analyst,"azure,excel,power bi,r,sql","azure,excel,power bi","r,sql"
Data Analyst,"api,excel,html,r",excel,"html,r"
Data Analyst,"excel,power bi,r,sql","excel,power bi","r,sql"
Data Analyst,"aws,python,r,sql,tableau","aws,tableau","python,r,sql"
Data Analyst,"api,power bi,python,r,sql,tableau","power bi,tableau","python,r,sql"
Data Analyst,"aws,azure,r,sas,sql,tableau","aws,azure,tableau","r,sas,sql"
Data Analyst,"api,excel,python,r,sql,tableau","excel,tableau","python,r,sql"
Data Analyst,"api,excel,git,r,sql","excel,git","r,sql"
Machine Learning Engineer,"api,r",,r
Data Analyst,"aws,excel,r,sql,tableau","aws,excel,tableau","r,sql"
Data Analyst,"r,sas",,"r,sas"
Data Analyst,"excel,r,sas,sql,tableau","excel,tableau","r,sas,sql"
Data Analyst,"aws,excel,git,r","aws,excel,git",r
Data Analyst,"excel,git,python,r,sql","excel,git","python,r,sql"
Data Analyst,"excel,html,java,linux,matlab,python,r,sql,unix",excel,"html,java,matlab,python,r,sql"
Data Analyst,"aws,excel,python,r,sql,tableau","aws,excel,tableau","python,r,sql"
Data Analyst,"excel,r,scala",excel,"r,scala"
Data Analyst,"excel,r,tableau","excel,tableau",r
Data Analyst,"api,excel,git,python,r,sql,tableau","excel,git,tableau","python,r,sql"
Data Analyst,"aws,excel,python,r,sas,sql","aws,excel","python,r,sas,sql"
Data Analyst,r,,r
Data Analyst,"api,excel,git,python,r,sql,tableau","excel,git,tableau","python,r,sql"
Data Analyst,"aws,excel,r,sas,sql","aws,excel","r,sas,sql"
Data Analyst,r,,r
Data Analyst,"aws,html,r,sas",aws,"html,r,sas"
Data Analyst,"aws,excel,java,r,sql,xml","aws,excel","java,r,sql"
Data Analyst,"excel,power bi,r","excel,power bi",r
Data Analyst,"r,sql,tableau",tableau,"r,sql"
Data Analyst,"aws,excel,r,sql","aws,excel","r,sql"
Data Analyst,"excel,r",excel,r
Data Analyst,"azure,excel,power bi,r,spark,xml","azure,excel,power bi,spark",r
Data Analyst,"excel,java,python,r",excel,"java,python,r"
Data Analyst,"excel,power bi,r,sql,tableau","excel,power bi,tableau","r,sql"
Data Analyst,"api,git,python,r,sql,vue",git,"python,r,sql"
Data Analyst,"azure,excel,r,scala,sql","azure,excel","r,scala,sql"
Data Analyst,"excel,power bi,r,sql,tableau","excel,power bi,tableau","r,sql"
Data Analyst,"aws,python,r,sql,tableau","aws,tableau","python,r,sql"
Data Analyst,"api,excel,python,r,sql,tableau","excel,tableau","python,r,sql"
Data Analyst,"excel,r",excel,r
Data Analyst,"api,excel,python,r,sql,tableau","excel,tableau","python,r,sql"
Data Analyst,"power bi,python,r,scala,shell,sql,tableau","power bi,tableau","python,r,scala,shell,sql"
Data Analyst,"excel,power bi,r,sql","excel,power bi","r,sql"
Data Analyst,"excel,python,r,scala,sql",excel,"python,r,scala,sql"
Data Analyst,"r,sql,tableau",tableau,"r,sql"
Data Analyst,"excel,r,sql",excel,"r,sql"
Data Analyst,"excel,gcp,power bi,python,r,sql,tableau","excel,gcp,power bi,tableau","python,r,sql"
Data Analyst,"excel,gcp,r,sas","excel,gcp","r,sas"
Data Analyst,"excel,git,python,r,sql,tableau","excel,git,tableau","python,r,sql"
Data Analyst,"aws,excel,html,power bi,python,r,sql,tableau","aws,excel,power bi,tableau","html,python,r,sql"
Data Analyst,"r,sql",,"r,sql"
Data Analyst,"api,aws,git,hadoop,python,r,sas,spark,sql,tableau","aws,git,hadoop,spark,tableau","python,r,sas,sql"
Data Analyst,"api,aws,python,r,sql",aws,"python,r,sql"
Data Analyst,"excel,hadoop,power bi,python,r,sas,spark,sql,tableau","excel,hadoop,power bi,spark,tableau","python,r,sas,sql"
Data Analyst,"excel,python,r,sql,tableau","excel,tableau","python,r,sql"
Data Analyst,"api,excel,power bi,r","excel,power bi",r
Data Analyst,"excel,r,sql",excel,"r,sql"
Data Analyst,"excel,power bi,python,r","excel,power bi","python,r"
Data Analyst,"excel,power bi,python,r,sql","excel,power bi","python,r,sql"
Data Analyst,"api,excel,power bi,r","excel,power bi",r
Data Analyst,"aws,c++,hadoop,java,power bi,python,r,scala,spark,sql,tableau","aws,hadoop,power bi,spark,tableau","c++,java,python,r,scala,sql"
Data Analyst,"excel,git,python,r,sql","excel,git","python,r,sql"
Data Analyst,"aws,excel,r","aws,excel",r
Data Analyst,"excel,r",excel,r
Data Analyst,"azure,power bi,r,sql","azure,power bi","r,sql"
Data Analyst,"api,aws,excel,git,power bi,python,r,sql","aws,excel,git,power bi","python,r,sql"
Data Analyst,"api,azure,excel,r,sql,tableau","azure,excel,tableau","r,sql"
Data Analyst,"excel,r",excel,r
Data Analyst,"aws,excel,python,r,scala,sql,tableau","aws,excel,tableau","python,r,scala,sql"
Data Analyst,"api,excel,r,scala,sql,tableau","excel,tableau","r,scala,sql"
Data Analyst,"aws,excel,git,r,scala,sql,tableau","aws,excel,git,tableau","r,scala,sql"
Data Analyst,"aws,power bi,python,r,scala,sql,tableau","aws,power bi,tableau","python,r,scala,sql"
Data Analyst,"git,r,sql,tableau","git,tableau","r,sql"
Data Analyst,"excel,power bi,r,sql","excel,power bi","r,sql"
Data Analyst,"aws,python,r,sql,tableau","aws,tableau","python,r,sql"
Data Analyst,"aws,excel,r,sql,tableau","aws,excel,tableau","r,sql"
Data Analyst,"excel,git,python,r,sas,sql,tableau","excel,git,tableau","python,r,sas,sql"
Data Analyst,"api,aws,python,r,sql",aws,"python,r,sql"
Data Analyst,"api,excel,r,sql,tableau","excel,tableau","r,sql"
Data Analyst,"excel,html,java,python,r,sas,scipy,shell,sql,tableau,unix","excel,scipy,tableau","html,java,python,r,sas,shell,sql"
Data Analyst,"excel,git,r,sql,tableau","excel,git,tableau","r,sql"
Data Analyst,r,,r
Data Analyst,"excel,git,r","excel,git",r
Data Analyst,"aws,excel,python,r,sas,tableau","aws,excel,tableau","python,r,sas"
Data Analyst,"aws,excel,r,sas,sql","aws,excel","r,sas,sql"
Data Analyst,"excel,python,r,sql",excel,"python,r,sql"
Data Analyst,"azure,git,power bi,python,r,sql","azure,git,power bi","python,r,sql"
Data Analyst,"api,excel,python,r,sas,sql",excel,"python,r,sas,sql"
Data Analyst,"r,sql,tableau",tableau,"r,sql"
Data Analyst,"power bi,r",power bi,r
Data Analyst,r,,r
Data Analyst,"power bi,python,r,sql",power bi,"python,r,sql"
Data Analyst,"api,excel,python,r,sql,tableau","excel,tableau","python,r,sql"
Data Analyst,"api,excel,git,java,pandas,power bi,python,r,sas,sql,tableau","excel,git,pandas,power bi,tableau","java,python,r,sas,sql"
Data Analyst,"api,excel,git,java,pandas,power bi,python,r,sas,sql,tableau","excel,git,pandas,power bi,tableau","java,python,r,sas,sql"
Data Analyst,"excel,python,r,sql,tableau","excel,tableau","python,r,sql"
Data Analyst,"excel,power bi,r,sql","excel,power bi","r,sql"
Data Analyst,"excel,power bi,python,r,sql","excel,power bi","python,r,sql"
Data Analyst,"api,aws,git,python,r,spark,sql","aws,git,spark","python,r,sql"
Data Analyst,"excel,python,r",excel,"python,r"
Data Analyst,"python,r,sql",,"python,r,sql"
Data Analyst,"power bi,python,r,sas,sql",power bi,"python,r,sas,sql"
Data Analyst,"excel,html,java,python,r,sas,scipy,shell,sql,tableau,unix","excel,scipy,tableau","html,java,python,r,sas,shell,sql"
Data Analyst,"python,r,sql,tableau",tableau,"python,r,sql"
Data Analyst,"excel,git,r","excel,git",r
Data Analyst,"excel,power bi,r,sql","excel,power bi","r,sql"
Data Analyst,"excel,r,tableau","excel,tableau",r
Data Analyst,"excel,power bi,r,tableau","excel,power bi,tableau",r
Data Analyst,"aws,excel,r,sql,tableau","aws,excel,tableau","r,sql"
Data Analyst,"api,aws,azure,django,excel,flask,numpy,pandas,python,r,sql","aws,azure,excel,numpy,pandas","python,r,sql"
Data Analyst,"excel,html,java,python,r,sas,scipy,shell,sql,tableau,unix","excel,scipy,tableau","html,java,python,r,sas,shell,sql"
Data Analyst,"python,r,sql",,"python,r,sql"
Data Analyst,"excel,r",excel,r
Data Analyst,"excel,git,power bi,r,sql","excel,git,power bi","r,sql"
Data Analyst,"api,power bi,r,tableau","power bi,tableau",r
Data Analyst,"excel,r",excel,r
Data Analyst,"aws,azure,gcp,power bi,r,sql","aws,azure,gcp,power bi","r,sql"
Data Analyst,"excel,python,r,sas,sql,tableau","excel,tableau","python,r,sas,sql"
Data Analyst,"excel,r,sql",excel,"r,sql"
Data Analyst,"excel,r",excel,r
Data Analyst,"excel,r",excel,r
Data Analyst,"r,sql,tableau",tableau,"r,sql"
Data Analyst,"hadoop,python,r,scala,spark,sql","hadoop,spark","python,r,scala,sql"
Data Analyst,"python,r,sql",,"python,r,sql"
Data Analyst,"api,git,r,sql",git,"r,sql"
Data Analyst,"aws,excel,r,sql,tableau","aws,excel,tableau","r,sql"
Data Analyst,"api,aws,excel,r,sql,tableau","aws,excel,tableau","r,sql"
Data Analyst,"excel,r,sql",excel,"r,sql"
Data Analyst,"api,excel,git,java,pandas,power bi,python,r,sas,sql,tableau","excel,git,pandas,power bi,tableau","java,python,r,sas,sql"
Data Analyst,"excel,git,r,sql","excel,git","r,sql"
Data Analyst,"api,excel,python,r,sql,tableau","excel,tableau","python,r,sql"
Data Analyst,"r,sql",,"r,sql"
Data Analyst,"api,python,r,sql,tableau",tableau,"python,r,sql"
Data Analyst,"api,excel,git,r,sql","excel,git","r,sql"
Data Analyst,"excel,power bi,r","excel,power bi",r
Data Analyst,"excel,r",excel,r
Data Analyst,"excel,r",excel,r
Data Analyst,"git,java,python,r,sql,tableau","git,tableau","java,python,r,sql"
Data Analyst,"api,excel,r",excel,r
Data Analyst,"excel,git,r,sql","excel,git","r,sql"
Data Analyst,"api,aws,git,hadoop,python,r,spark,sql","aws,git,hadoop,spark","python,r,sql"
Data Analyst,"excel,r,scala,sql",excel,"r,scala,sql"
Data Analyst,"excel,power bi,python,r,sql","excel,power bi","python,r,sql"
Data Analyst,"power bi,python,r,sas,sql,tableau","power bi,tableau","python,r,sas,sql"
Data Analyst,"api,excel,gcp,git,python,r,sas,sql","excel,gcp,git","python,r,sas,sql"
Data Analyst,"excel,python,r,sql,tableau","excel,tableau","python,r,sql"
Data Analyst,"python,r,sql",,"python,r,sql"
Data Analyst,"api,excel,python,r,sql,tableau","excel,tableau","python,r,sql"
Data Analyst,"power bi,python,r,sas,sql",power bi,"python,r,sas,sql"
Data Analyst,"api,aws,git,hadoop,power bi,python,r,spark,sql,tableau","aws,git,hadoop,power bi,spark,tableau","python,r,sql"
Data Analyst,"api,aws,excel,python,r,sql","aws,excel","python,r,sql"
Data Analyst,"excel,pandas,python,pytorch,r","excel,pandas,pytorch","python,r"
Data Analyst,"aws,excel,git,power bi,python,r,sas,sql,tableau","aws,excel,git,power bi,tableau","python,r,sas,sql"
Data Analyst,"excel,power bi,python,r,sql,tableau","excel,power bi,tableau","python,r,sql"
Data Analyst,"excel,git,python,r,sql","excel,git","python,r,sql"
Data Analyst,"aws,excel,r","aws,excel",r
Data Analyst,"api,excel,r",excel,r
Data Analyst,"excel,git,r,sas,sql,tableau","excel,git,tableau","r,sas,sql"
Data Analyst,"excel,power bi,r,scala,sql","excel,power bi","r,scala,sql"
Data Analyst,"excel,python,r,sql,tableau","excel,tableau","python,r,sql"
Data Analyst,"azure,git,r,sql","azure,git","r,sql"
Data Analyst,r,,r
Data Analyst,"r,sas,sql",,"r,sas,sql"
Data Analyst,"aws,r,sql,tableau","aws,tableau","r,sql"
Data Analyst,"excel,r",excel,r
Data Analyst,"python,r,sql,tableau",tableau,"python,r,sql"
Machine Learning Engineer,"api,docker,excel,hadoop,java,kubernetes,python,pytorch,r,scala,scikit-learn,spark,tensorflow","docker,excel,hadoop,kubernetes,pytorch,scikit-learn,spark,tensorflow","java,python,r,scala"
Data Analyst,"api,excel,matlab,python,r,sql,unix",excel,"matlab,python,r,sql"
Data Analyst,"aws,git,hadoop,power bi,python,r,sas,sql,tableau","aws,git,hadoop,power bi,tableau","python,r,sas,sql"
Data Analyst,"api,excel,git,power bi,python,r,sql,tableau","excel,git,power bi,tableau","python,r,sql"
Data Analyst,"excel,ggplot,power bi,python,r,sql,tableau","excel,ggplot,power bi,tableau","python,r,sql"
Data Analyst,"excel,r",excel,r
Data Analyst,"api,excel,git,java,pandas,power bi,python,r,sas,sql,tableau","excel,git,pandas,power bi,tableau","java,python,r,sas,sql"
Data Analyst,"api,power bi,python,r,sas,sql,tableau","power bi,tableau","python,r,sas,sql"
Data Analyst,"aws,azure,excel,power bi,r","aws,azure,excel,power bi",r
Data Analyst,"aws,python,r,sql,tableau","aws,tableau","python,r,sql"
Data Analyst,"excel,power bi,python,r,sql","excel,power bi","python,r,sql"
Data Analyst,"aws,r,sql,tableau","aws,tableau","r,sql"
Data Analyst,"azure,excel,power bi,r,sql","azure,excel,power bi","r,sql"
Data Analyst,"angular,aws,docker,excel,git,java,python,r,scala,tableau","aws,docker,excel,git,tableau","java,python,r,scala"
Data Analyst,r,,r
Data Analyst,"excel,git,python,r,sql","excel,git","python,r,sql"
Data Analyst,r,,r
Data Analyst,"aws,r",aws,r
Data Analyst,"power bi,r,sas,sql,tableau","power bi,tableau","r,sas,sql"
Data Analyst,"excel,java,r,sas,sql,xml",excel,"java,r,sas,sql"
Data Analyst,"git,python,r,sql,tableau","git,tableau","python,r,sql"
Data Analyst,"excel,git,r","excel,git",r
Data Analyst,"git,power bi,r,sql","git,power bi","r,sql"
Data Analyst,"api,excel,power bi,r,tableau","excel,power bi,tableau",r
Data Analyst,"python,r,sas,sql,tableau",tableau,"python,r,sas,sql"
Data Analyst,"aws,excel,python,r,sas,sql,tableau","aws,excel,tableau","python,r,sas,sql"
Data Analyst,"azure,excel,html,java,python,r,sql,vue","azure,excel","html,java,python,r,sql"
Data Analyst,"excel,python,r,sql,tableau","excel,tableau","python,r,sql"
Data Analyst,"angular,aws,docker,excel,git,java,python,r,scala,tableau","aws,docker,excel,git,tableau","java,python,r,scala"
Data Analyst,"aws,python,r,sql,tableau","aws,tableau","python,r,sql"
Data Analyst,"aws,excel,java,python,r,sql,tableau,xml","aws,excel,tableau","java,python,r,sql"
Data Analyst,"api,excel,power bi,r","excel,power bi",r
Data Analyst,"python,r,tableau",tableau,"python,r"
Data Analyst,"excel,r,sas",excel,"r,sas"
Data Analyst,"excel,r,sql,tableau","excel,tableau","r,sql"
Data Analyst,"excel,power bi,r","excel,power bi",r
Data Analyst,"excel,python,r,sas,scala,sql,tableau","excel,tableau","python,r,sas,scala,sql"
Data Analyst,"aws,excel,r,sql,tableau","aws,excel,tableau","r,sql"
Data Analyst,"excel,r,sql",excel,"r,sql"
Data Analyst,"excel,python,r,sql",excel,"python,r,sql"
Data Analyst,"api,excel,power bi,r,sql","excel,power bi","r,sql"
Data Analyst,"excel,git,python,r,sql","excel,git","python,r,sql"
Data Analyst,"r,sql,tableau",tableau,"r,sql"
Data Analyst,"excel,power bi,python,r,sql","excel,power bi","python,r,sql"
Data Scientist,"api,aws,python,pytorch,r,tensorflow","aws,pytorch,tensorflow","python,r"
Machine Learning Engineer,"api,aws,azure,excel,gcp,numpy,pandas,python,r,tensorflow","aws,azure,excel,gcp,numpy,pandas,tensorflow","python,r"
Data Analyst,"git,linux,pytorch,r,sql,tensorflow","git,pytorch,tensorflow","r,sql"
Data Analyst,"api,excel,git,r","excel,git",r
Data Analyst,"linux,r",,r
Data Analyst,"api,aws,excel,power bi,r,sql,tableau","aws,excel,power bi,tableau","r,sql"
Data Analyst,"aws,azure,excel,git,power bi,python,r,sql","aws,azure,excel,git,power bi","python,r,sql"
Data Analyst,r,,r
Data Analyst,"excel,r",excel,r
Data Analyst,"r,sql,tableau",tableau,"r,sql"
Data Analyst,"excel,git,power bi,python,r,sql,tableau","excel,git,power bi,tableau","python,r,sql"
Data Analyst,"git,r,sql",git,"r,sql"
Data Analyst,"excel,git,r,sql","excel,git","r,sql"
Data Analyst,"r,sql,tableau",tableau,"r,sql"
Data Analyst,"azure,power bi,r","azure,power bi",r
Data Analyst,r,,r
Data Analyst,"excel,git,python,r,sql","excel,git","python,r,sql"
Data Analyst,"azure,excel,r,sql","azure,excel","r,sql"
Data Analyst,"excel,r,sql,tableau","excel,tableau","r,sql"
Data Analyst,"excel,r,sql",excel,"r,sql"
Data Analyst,r,,r
Data Analyst,"excel,r,scala,sql",excel,"r,scala,sql"
Data Analyst,"excel,r",excel,r
Data Analyst,"api,aws,r,scala",aws,"r,scala"
Data Analyst,"excel,r",excel,r
Data Analyst,"excel,r",excel,r
Data Analyst,"hadoop,r,sql,tableau","hadoop,tableau","r,sql"
Data Analyst,"excel,power bi,python,r,sql,tableau","excel,power bi,tableau","python,r,sql"
Data Analyst,"power bi,python,r,sql,tableau","power bi,tableau","python,r,sql"
Data Analyst,"azure,power bi,r,sql","azure,power bi","r,sql"
Data Analyst,"python,r,sql",,"python,r,sql"
Data Analyst,"api,excel,python,r,sql,tableau","excel,tableau","python,r,sql"
Data Analyst,"excel,git,python,r,scala,spark,sql,tableau","excel,git,spark,tableau","python,r,scala,sql"
Data Analyst,"git,hadoop,java,python,r,sql,tableau","git,hadoop,tableau","java,python,r,sql"
Data Analyst,"excel,r,sql",excel,"r,sql"
Data Analyst,"excel,power bi,python,r,sql,tableau","excel,power bi,tableau","python,r,sql"
Data Analyst,"python,r,sas,sql,tableau",tableau,"python,r,sas,sql"
Data Analyst,"excel,power bi,r,sql","excel,power bi","r,sql"
Machine Learning Engineer,"api,aws,git,r","aws,git",r
Machine Learning Engineer,"excel,r",excel,r
Machine Learning Engineer,"api,aws,git,r","aws,git",r
Machine Learning Engineer,"docker,excel,python,pytorch,r,tensorflow","docker,excel,pytorch,tensorflow","python,r"
Data Scientist,"excel,git,keras,matplotlib,numpy,pandas,python,pytorch,r,scikit-learn,seaborn,tensorflow","excel,git,keras,matplotlib,numpy,pandas,pytorch,scikit-learn,seaborn,tensorflow","python,r"
Data Analyst,"r,scala",,"r,scala"
Data Analyst,"git,python,r,scala,spark,sql","git,spark","python,r,scala,sql"
Data Analyst,"api,excel,python,r,sql,tableau","excel,tableau","python,r,sql"
Data Analyst,"api,aws,excel,r","aws,excel",r
Data Analyst,"excel,power bi,r,sql,tableau","excel,power bi,tableau","r,sql"
Data Analyst,"aws,azure,excel,kubernetes,python,r,sql,tableau","aws,azure,excel,kubernetes,tableau","python,r,sql"
Data Analyst,"aws,excel,power bi,python,r,sql,tableau","aws,excel,power bi,tableau","python,r,sql"
Data Analyst,"power bi,r,tableau","power bi,tableau",r
Data Analyst,"excel,pandas,python,r,sas,scala,sql,tableau","excel,pandas,tableau","python,r,sas,scala,sql"
Data Analyst,"excel,power bi,r,scala","excel,power bi","r,scala"
Data Analyst,"api,aws,excel,python,r,scala,sql","aws,excel","python,r,scala,sql"
Data Analyst,"aws,azure,excel,python,r,sql,tableau","aws,azure,excel,tableau","python,r,sql"
Data Analyst,"excel,power bi,r","excel,power bi",r
Data Analyst,"excel,power bi,python,r,sas,sql,tableau","excel,power bi,tableau","python,r,sas,sql"
Data Analyst,"excel,python,r,sql",excel,"python,r,sql"
Data Analyst,"azure,excel,power bi,r,sql","azure,excel,power bi","r,sql"
Data Analyst,"api,excel,git,python,r,sql","excel,git","python,r,sql"
Data Analyst,r,,r
Data Analyst,"excel,git,power bi,python,r,sql,tableau","excel,git,power bi,tableau","python,r,sql"
Data Analyst,"excel,hadoop,python,r,sas,spark,sql,tableau","excel,hadoop,spark,tableau","python,r,sas,sql"
Data Analyst,"aws,excel,power bi,r,sql,tableau","aws,excel,power bi,tableau","r,sql"
Data Analyst,"api,excel,git,r,tableau","excel,git,tableau",r
Data Analyst,"aws,python,r,sql,tableau","aws,tableau","python,r,sql"
Data Analyst,"aws,r",aws,r
Data Analyst,"excel,git,python,r,scala,spark,sql,tableau","excel,git,spark,tableau","python,r,scala,sql"
Data Analyst,"aws,excel,power bi,python,r,sas,sql,tableau","aws,excel,power bi,tableau","python,r,sas,sql"
Data Analyst,"aws,excel,r","aws,excel",r
Machine Learning Engineer,"excel,r",excel,r
Machine Learning Engineer,"api,r",,r
Machine Learning Engineer,"excel,r",excel,r
Machine Learning Engineer,"aws,excel,git,r,scala","aws,excel,git","r,scala"
Data Analyst,"excel,python,r",excel,"python,r"
Machine Learning Engineer,"azure,docker,git,kubernetes,python,r,scala","azure,docker,git,kubernetes","python,r,scala"
Data Analyst,"excel,python,r,sql",excel,"python,r,sql"
Machine Learning Engineer,"aws,html,power bi,python,r,sql,tableau","aws,power bi,tableau","html,python,r,sql"
Machine Learning Engineer,"excel,python,r,sas,scala,sql",excel,"python,r,sas,scala,sql"
Data Analyst,"excel,r,sql",excel,"r,sql"
Machine Learning Engineer,"aws,excel,r,sas","aws,excel","r,sas"
Data Analyst,r,,r
Machine Learning Engineer,"aws,excel,r,scala","aws,excel","r,scala"
Data Analyst,"git,python,r,sas,sql,tableau","git,tableau","python,r,sas,sql"
Data Scientist,"python,r",,"python,r"
Machine Learning Engineer,r,,r
Machine Learning Engineer,"aws,docker,gcp,git,python,r,sql","aws,docker,gcp,git","python,r,sql"
Machine Learning Engineer,"api,r",,r
Machine Learning Engineer,"api,aws,excel,r,scala","aws,excel","r,scala"
Data Analyst,"excel,power bi,r,sql,tableau","excel,power bi,tableau","r,sql"
Data Scientist,"api,git,pandas,python,r,scikit-learn,sql,tensorflow","git,pandas,scikit-learn,tensorflow","python,r,sql"
Data Scientist,"api,aws,azure,gcp,hadoop,numpy,pandas,python,r,scala,scipy,spark,sql,tableau","aws,azure,gcp,hadoop,numpy,pandas,scipy,spark,tableau","python,r,scala,sql"
Machine Learning Engineer,r,,r
Machine Learning Engineer,r,,r
Machine Learning Engineer,r,,r
Machine Learning Engineer,"api,aws,docker,excel,gcp,kubernetes,python,pytorch,r,scala,tensorflow","aws,docker,excel,gcp,kubernetes,pytorch,tensorflow","python,r,scala"
Data Analyst,"api,excel,r,tableau","excel,tableau",r
Machine Learning Engineer,"api,python,r,sql",,"python,r,sql"
Machine Learning Engineer,"excel,python,pytorch,r","excel,pytorch","python,r"
Machine Learning Engineer,"api,aws,azure,java,python,pytorch,r,scala,scikit-learn,spark,tensorflow","aws,azure,pytorch,scikit-learn,spark,tensorflow","java,python,r,scala"
Machine Learning Engineer,"c++,excel,java,matlab,python,r,sas",excel,"c++,java,matlab,python,r,sas"
Machine Learning Engineer,"api,r",,r
Data Scientist,"c++,git,java,python,pytorch,r,scikit-learn,seaborn,tensorflow","git,pytorch,scikit-learn,seaborn,tensorflow","c++,java,python,r"
Machine Learning Engineer,"java,python,r",,"java,python,r"
Machine Learning Engineer,"api,r",,r
Machine Learning Engineer,"api,aws,azure,excel,gcp,git,hadoop,linux,numpy,pandas,python,pytorch,r,sas,spark,sql,tensorflow,unix","aws,azure,excel,gcp,git,hadoop,numpy,pandas,pytorch,spark,tensorflow","python,r,sas,sql"
Machine Learning Engineer,"api,docker,excel,kubernetes,python,pytorch,r,scala,tensorflow","docker,excel,kubernetes,pytorch,tensorflow","python,r,scala"
Machine Learning Engineer,"api,r",,r
Machine Learning Engineer,"api,docker,excel,kubernetes,python,pytorch,r,scala,tensorflow","docker,excel,kubernetes,pytorch,tensorflow","python,r,scala"
Machine Learning Engineer,r,,r
Data Analyst,"excel,power bi,r,sql,tableau","excel,power bi,tableau","r,sql"
Data Analyst,"excel,power bi,r,sql,tableau","excel,power bi,tableau","r,sql"
Data Analyst,"excel,power bi,r,sql,tableau","excel,power bi,tableau","r,sql"
Data Analyst,"api,java,r,scala,sql",,"java,r,scala,sql"
Machine Learning Engineer,"excel,r",excel,r
Data Analyst,"azure,power bi,r,spark,xml","azure,power bi,spark",r
Data Analyst,"excel,python,r,sql",excel,"python,r,sql"
Data Analyst,"excel,power bi,r","excel,power bi",r
Data Scientist,"aws,azure,excel,gcp,python,r,sas,unix","aws,azure,excel,gcp","python,r,sas"
Machine Learning Engineer,r,,r
Machine Learning Engineer,r,,r
Machine Learning Engineer,r,,r
Machine Learning Engineer,"api,r",,r
Machine Learning Engineer,"excel,r,scala",excel,"r,scala"
Machine Learning Engineer,r,,r
Machine Learning Engineer,"aws,excel,r","aws,excel",r
Machine Learning Engineer,"excel,r",excel,r
Machine Learning Engineer,r,,r
Machine Learning Engineer,"excel,r",excel,r
Machine Learning Engineer,"excel,r",excel,r
Machine Learning Engineer,"excel,r",excel,r
Machine Learning Engineer,"excel,r",excel,r
Machine Learning Engineer,"excel,r",excel,r
Machine Learning Engineer,r,,r
Machine Learning Engineer,r,,r
Machine Learning Engineer,r,,r
Machine Learning Engineer,"excel,r",excel,r
Machine Learning Engineer,"excel,r",excel,r
Machine Learning Engineer,"api,excel,r",excel,r
Machine Learning Engineer,"excel,r",excel,r
Machine Learning Engineer,r,,r
Machine Learning Engineer,r,,r
Machine Learning Engineer,r,,r
Machine Learning Engineer,r,,r
Machine Learning Engineer,"aws,gcp,kubernetes,pytorch,r,scala,tensorflow","aws,gcp,kubernetes,pytorch,tensorflow","r,scala"
Machine Learning Engineer,"python,pytorch,r,scala,spark,tensorflow","pytorch,spark,tensorflow","python,r,scala"
Machine Learning Engineer,"azure,docker,excel,keras,kubernetes,linux,python,r,scala,spark,tensorflow,unix","azure,docker,excel,keras,kubernetes,spark,tensorflow","python,r,scala"
Machine Learning Engineer,"api,aws,python,pytorch,r,spark,tensorflow","aws,pytorch,spark,tensorflow","python,r"
Machine Learning Engineer,r,,r
Machine Learning Engineer,"api,aws,excel,gcp,hadoop,python,r,sas,spark,tensorflow","aws,excel,gcp,hadoop,spark,tensorflow","python,r,sas"
Machine Learning Engineer,"aws,azure,git,python,r,scala,spark,sql","aws,azure,git,spark","python,r,scala,sql"
Machine Learning Engineer,"api,aws,azure,java,python,pytorch,r,scala,scikit-learn,spark,tensorflow","aws,azure,pytorch,scikit-learn,spark,tensorflow","java,python,r,scala"
Machine Learning Engineer,"api,aws,azure,java,python,pytorch,r,scala,scikit-learn,spark,tensorflow","aws,azure,pytorch,scikit-learn,spark,tensorflow","java,python,r,scala"
Machine Learning Engineer,"api,docker,excel,kubernetes,python,pytorch,r,scala,tensorflow","docker,excel,kubernetes,pytorch,tensorflow","python,r,scala"
Machine Learning Engineer,"api,docker,excel,kubernetes,python,pytorch,r,scala,tensorflow","docker,excel,kubernetes,pytorch,tensorflow","python,r,scala"
Machine Learning Engineer,"excel,r",excel,r
Machine Learning Engineer,r,,r
Machine Learning Engineer,r,,r
Machine Learning Engineer,"excel,r",excel,r
Machine Learning Engineer,"excel,r",excel,r
Machine Learning Engineer,"excel,r",excel,r
Machine Learning Engineer,"excel,r",excel,r
Machine Learning Engineer,r,,r
Machine Learning Engineer,r,,r
Machine Learning Engineer,r,,r
Machine Learning Engineer,r,,r
Machine Learning Engineer,r,,r
Machine Learning Engineer,r,,r
Machine Learning Engineer,r,,r
Machine Learning Engineer,r,,r
Machine Learning Engineer,r,,r
Machine Learning Engineer,r,,r
Machine Learning Engineer,"excel,git,r","excel,git",r
Machine Learning Engineer,"excel,git,r","excel,git",r
Machine Learning Engineer,"excel,git,r","excel,git",r
Data Scientist,"angular,api,aws,git,hadoop,java,python,r,scala,spark,sql,tableau","aws,git,hadoop,spark,tableau","java,python,r,scala,sql"
Machine Learning Engineer,"excel,r",excel,r
Machine Learning Engineer,"excel,r",excel,r
Machine Learning Engineer,"aws,c++,git,java,linux,python,pytorch,r,scala,scikit-learn,shell,spark,sql,tensorflow","aws,git,pytorch,scikit-learn,spark,tensorflow","c++,java,python,r,scala,shell,sql"
Data Scientist,"api,aws,git,python,r,scala,sql","aws,git","python,r,scala,sql"
Machine Learning Engineer,"excel,git,r,scala","excel,git","r,scala"
Machine Learning Engineer,"aws,r",aws,r
Data Analyst,"excel,python,r,sas,scala",excel,"python,r,sas,scala"
Data Analyst,"aws,excel,python,r,sql,tableau","aws,excel,tableau","python,r,sql"
Data Analyst,"excel,power bi,r,tableau","excel,power bi,tableau",r
Machine Learning Engineer,"api,r",,r
Data Scientist,"api,excel,r",excel,r
Data Analyst,"aws,excel,python,r,sql,tableau","aws,excel,tableau","python,r,sql"
Machine Learning Engineer,"aws,excel,r,scala","aws,excel","r,scala"
Data Scientist,"aws,python,r,sql",aws,"python,r,sql"
Data Analyst,"excel,python,r,sas",excel,"python,r,sas"
Data Analyst,"excel,r,sql",excel,"r,sql"
Data Analyst,"excel,r",excel,r
Data Analyst,"excel,r,tableau","excel,tableau",r
Machine Learning Engineer,"api,excel,r",excel,r
Machine Learning Engineer,"api,java,r,scala,sql",,"java,r,scala,sql"
Data Analyst,"api,power bi,r,sql,tableau","power bi,tableau","r,sql"
Data Analyst,"api,aws,excel,power bi,r,sql,tableau","aws,excel,power bi,tableau","r,sql"
Machine Learning Engineer,"aws,python,r",aws,"python,r"
Data Analyst,"excel,power bi,r,sql","excel,power bi","r,sql"
Data Analyst,"excel,power bi,r","excel,power bi",r
Data Analyst,"excel,power bi,r","excel,power bi",r
Machine Learning Engineer,"api,python,pytorch,r,tensorflow","pytorch,tensorflow","python,r"
Data Analyst,"excel,r",excel,r
Machine Learning Engineer,"aws,r",aws,r
Machine Learning Engineer,r,,r
Machine Learning Engineer,r,,r
Machine Learning Engineer,"azure,git,kubernetes,python,r,scala,scikit-learn,shell,spark","azure,git,kubernetes,scikit-learn,spark","python,r,scala,shell"
Data Scientist,"c++,java,matlab,python,r",,"c++,java,matlab,python,r"
Machine Learning Engineer,r,,r
Machine Learning Engineer,r,,r
Machine Learning Engineer,r,,r
Machine Learning Engineer,r,,r
Machine Learning Engineer,"c++,excel,java,keras,python,pytorch,r,scala,scikit-learn,sql,tensorflow","excel,keras,pytorch,scikit-learn,tensorflow","c++,java,python,r,scala,sql"
Machine Learning Engineer,"excel,r",excel,r
Machine Learning Engineer,"excel,r",excel,r
Machine Learning Engineer,"excel,r",excel,r
Machine Learning Engineer,"aws,r",aws,r
Machine Learning Engineer,r,,r
Machine Learning Engineer,r,,r
Machine Learning Engineer,r,,r
Machine Learning Engineer,r,,r
Machine Learning Engineer,r,,r
Machine Learning Engineer,r,,r
Machine Learning Engineer,"api,python,r",,"python,r"
Machine Learning Engineer,"aws,keras,pandas,python,pytorch,r,tensorflow","aws,keras,pandas,pytorch,tensorflow","python,r"
Machine Learning Engineer,"api,r",,r
Data Scientist,"git,keras,matlab,python,pytorch,r,tensorflow","git,keras,pytorch,tensorflow","matlab,python,r"
Data Scientist,"excel,python,r,scala",excel,"python,r,scala"
Machine Learning Engineer,"aws,docker,git,keras,pandas,python,pytorch,r,scikit-learn,tensorflow","aws,docker,git,keras,pandas,pytorch,scikit-learn,tensorflow","python,r"
Machine Learning Engineer,"api,aws,azure,fastapi,flask,git,power bi,python,r,sql,tensorflow,unix","aws,azure,git,power bi,tensorflow","python,r,sql"
Machine Learning Engineer,"api,aws,azure,c++,excel,gcp,git,java,keras,python,pytorch,r,tensorflow","aws,azure,excel,gcp,git,keras,pytorch,tensorflow","c++,java,python,r"
Machine Learning Engineer,"api,aws,r",aws,r
Machine Learning Engineer,"aws,excel,linux,python,pytorch,r,scikit-learn,tensorflow","aws,excel,pytorch,scikit-learn,tensorflow","python,r"
Machine Learning Engineer,"aws,azure,excel,git,python,pytorch,r,scikit-learn,tensorflow","aws,azure,excel,git,pytorch,scikit-learn,tensorflow","python,r"
Data Scientist,"aws,azure,excel,hadoop,numpy,pandas,power bi,python,r,scala,spark,tableau","aws,azure,excel,hadoop,numpy,pandas,power bi,spark,tableau","python,r,scala"
Machine Learning Engineer,"excel,kubernetes,pytorch,r,spark,tensorflow","excel,kubernetes,pytorch,spark,tensorflow",r
Data Scientist,"aws,python,r",aws,"python,r"
Machine Learning Engineer,"api,python,r",,"python,r"
Data Scientist,"c++,excel,java,matlab,python,r,sas,sql,tableau","excel,tableau","c++,java,matlab,python,r,sas,sql"
Machine Learning Engineer,"c++,excel,git,python,pytorch,r,tensorflow","excel,git,pytorch,tensorflow","c++,python,r"
Machine Learning Engineer,"api,aws,azure,docker,excel,gcp,git,kubernetes,pytorch,r,tensorflow","aws,azure,docker,excel,gcp,git,kubernetes,pytorch,tensorflow",r
Machine Learning Engineer,"aws,azure,gcp,git,linux,python,pytorch,r,unix","aws,azure,gcp,git,pytorch","python,r"
Data Scientist,"api,aws,excel,flask,git,power bi,python,r,shiny,spark,sql,tableau","aws,excel,git,power bi,shiny,spark,tableau","python,r,sql"
Machine Learning Engineer,"api,excel,python,pytorch,r,tensorflow","excel,pytorch,tensorflow","python,r"
Machine Learning Engineer,"python,pytorch,r,scala,sql,tensorflow","pytorch,tensorflow","python,r,scala,sql"
Machine Learning Engineer,"python,r",,"python,r"
Data Scientist,"aws,excel,git,pandas,python,r,spark,sql","aws,excel,git,pandas,spark","python,r,sql"
Machine Learning Engineer,"aws,excel,gcp,python,pytorch,r,scikit-learn,tensorflow","aws,excel,gcp,pytorch,scikit-learn,tensorflow","python,r"
Data Scientist,"aws,azure,gcp,python,r,spark,sql","aws,azure,gcp,spark","python,r,sql"
Machine Learning Engineer,"api,aws,azure,docker,excel,gcp,hadoop,java,kubernetes,python,pytorch,r,scala,scikit-learn,spark,sql,tensorflow","aws,azure,docker,excel,gcp,hadoop,kubernetes,pytorch,scikit-learn,spark,tensorflow","java,python,r,scala,sql"
Data Scientist,"docker,git,kubernetes,numpy,pandas,python,pytorch,r,scikit-learn,sql","docker,git,kubernetes,numpy,pandas,pytorch,scikit-learn","python,r,sql"
Machine Learning Engineer,"c++,excel,pytorch,r,tensorflow","excel,pytorch,tensorflow","c++,r"
Machine Learning Engineer,"api,excel,json,keras,pytorch,r,sql,tensorflow,xml","excel,keras,pytorch,tensorflow","r,sql"
Data Scientist,"git,r",git,r
Machine Learning Engineer,"aws,azure,excel,hadoop,java,kubernetes,python,pytorch,r,scala,spark,sql,tensorflow","aws,azure,excel,hadoop,kubernetes,pytorch,spark,tensorflow","java,python,r,scala,sql"
Data Scientist,"excel,r",excel,r
Data Scientist,"python,r,sql",,"python,r,sql"
Machine Learning Engineer,"api,aws,azure,flask,git,power bi,python,r,sql,tensorflow,unix","aws,azure,git,power bi,tensorflow","python,r,sql"
Machine Learning Engineer,"c++,excel,git,keras,linux,matlab,matplotlib,numpy,pandas,python,pytorch,r,scala,scikit-learn,scipy,seaborn,tensorflow,unix","excel,git,keras,matplotlib,numpy,pandas,pytorch,scikit-learn,scipy,seaborn,tensorflow","c++,matlab,python,r,scala"
Machine Learning Engineer,"aws,azure,excel,git,python,pytorch,r,scikit-learn,tensorflow","aws,azure,excel,git,pytorch,scikit-learn,tensorflow","python,r"
Data Scientist,"api,bash,linux,python,r",,"bash,python,r"
Data Scientist,"api,aws,gcp,hadoop,python,r,scala,spark,sql","aws,gcp,hadoop,spark","python,r,scala,sql"
Data Scientist,r,,r
Data Analyst,r,,r
Machine Learning Engineer,"c++,excel,linux,python,r,sql",excel,"c++,python,r,sql"
Data Scientist,"excel,gcp,git,java,python,r,spark,sql","excel,gcp,git,spark","java,python,r,sql"
Machine Learning Engineer,"c++,python,pytorch,r,tensorflow","pytorch,tensorflow","c++,python,r"
Machine Learning Engineer,"java,keras,python,r,scala,spark,sql,tensorflow","keras,spark,tensorflow","java,python,r,scala,sql"
Machine Learning Engineer,"aws,azure,excel,gcp,git,linux,matlab,python,r,scala,sql","aws,azure,excel,gcp,git","matlab,python,r,scala,sql"
Machine Learning Engineer,"api,docker,gcp,kubernetes,linux,numpy,pandas,pytorch,r,scala","docker,gcp,kubernetes,numpy,pandas,pytorch","r,scala"
Data Scientist,"aws,matlab,python,r,sas,shiny,sql,tableau","aws,shiny,tableau","matlab,python,r,sas,sql"
Data Scientist,r,,r
Machine Learning Engineer,r,,r
Machine Learning Engineer,"git,r,scala",git,"r,scala"
Machine Learning Engineer,"gcp,r",gcp,r
Machine Learning Engineer,r,,r
Machine Learning Engineer,"api,aws,azure,excel,gcp,numpy,pandas,python,r,tensorflow","aws,azure,excel,gcp,numpy,pandas,tensorflow","python,r"
Machine Learning Engineer,"api,bash,git,hadoop,linux,python,r,scala,spark,sql","git,hadoop,spark","bash,python,r,scala,sql"
Data Scientist,"aws,python,r,scala,spark,sql","aws,spark","python,r,scala,sql"
Machine Learning Engineer,"keras,pytorch,r,tensorflow","keras,pytorch,tensorflow",r
Data Scientist,"azure,docker,git,keras,kubernetes,numpy,pandas,python,pytorch,r,scikit-learn,tensorflow","azure,docker,git,keras,kubernetes,numpy,pandas,pytorch,scikit-learn,tensorflow","python,r"
Data Scientist,"api,excel,python,r,spark","excel,spark","python,r"
Machine Learning Engineer,"excel,r",excel,r
Machine Learning Engineer,"api,bash,hadoop,linux,python,r,scala,spark,sql","hadoop,spark","bash,python,r,scala,sql"
Machine Learning Engineer,"api,docker,excel,linux,numpy,pandas,python,pytorch,r,sql,tensorflow","docker,excel,numpy,pandas,pytorch,tensorflow","python,r,sql"
Machine Learning Engineer,"c++,python,r",,"c++,python,r"
Machine Learning Engineer,"api,bash,docker,excel,fastapi,flask,git,json,keras,kubernetes,python,pytorch,r,scala,scikit-learn,spark,sql","docker,excel,git,keras,kubernetes,pytorch,scikit-learn,spark","bash,python,r,scala,sql"
Machine Learning Engineer,"api,aws,azure,c++,excel,gcp,git,java,keras,python,pytorch,r,tensorflow","aws,azure,excel,gcp,git,keras,pytorch,tensorflow","c++,java,python,r"
Machine Learning Engineer,"api,git,numpy,pandas,python,r,scala,spark,sql","git,numpy,pandas,spark","python,r,scala,sql"
Machine Learning Engineer,"c++,docker,git,python,r,tensorflow","docker,git,tensorflow","c++,python,r"
Data Analyst,"git,r,sql",git,"r,sql"
Machine Learning Engineer,"excel,python,pytorch,r","excel,pytorch","python,r"
Machine Learning Engineer,"c++,python,r",,"c++,python,r"
Data Scientist,"excel,git,java,keras,pytorch,r,scala,scikit-learn,spark,sql,tensorflow","excel,git,keras,pytorch,scikit-learn,spark,tensorflow","java,r,scala,sql"
Machine Learning Engineer,"c++,git,python,r",git,"c++,python,r"
Machine Learning Engineer,"api,excel,git,python,pytorch,r","excel,git,pytorch","python,r"
Machine Learning Engineer,"api,bash,docker,kubernetes,python,r,sql","docker,kubernetes","bash,python,r,sql"
Data Scientist,"api,excel,python,r,scala,spark","excel,spark","python,r,scala"
Machine Learning Engineer,"api,docker,excel,hadoop,java,kubernetes,python,pytorch,r,scala,scikit-learn,spark,sql,tensorflow","docker,excel,hadoop,kubernetes,pytorch,scikit-learn,spark,tensorflow","java,python,r,scala,sql"
Machine Learning Engineer,"aws,c++,django,excel,git,html,java,matlab,power bi,python,r,sas,sql","aws,excel,git,power bi","c++,html,java,matlab,python,r,sas,sql"
Machine Learning Engineer,"azure,docker,git,kubernetes,python,r,sql","azure,docker,git,kubernetes","python,r,sql"
Machine Learning Engineer,"api,css,excel,html,java,r,sql,xml",excel,"css,html,java,r,sql"
Data Scientist,"api,git,python,r",git,"python,r"
Data Scientist,"python,pytorch,r,scala,spark,tensorflow","pytorch,spark,tensorflow","python,r,scala"
Machine Learning Engineer,"api,r",,r
Machine Learning Engineer,"api,docker,excel,kubernetes,python,pytorch,r,scala,tensorflow","docker,excel,kubernetes,pytorch,tensorflow","python,r,scala"
Machine Learning Engineer,"api,r",,r
Machine Learning Engineer,"aws,azure,gcp,hadoop,python,r,scala,spark,sql","aws,azure,gcp,hadoop,spark","python,r,scala,sql"
Data Scientist,"c++,excel,java,matlab,python,r,sas,sql,tableau","excel,tableau","c++,java,matlab,python,r,sas,sql"
Machine Learning Engineer,"api,c++,excel,java,python,r",excel,"c++,java,python,r"
Machine Learning Engineer,"git,python,r,shell,unix",git,"python,r,shell"
Data Analyst,"excel,git,power bi,r,sql,tableau","excel,git,power bi,tableau","r,sql"
Machine Learning Engineer,"api,aws,django,docker,excel,gcp,git,kubernetes,python,r,scala","aws,docker,excel,gcp,git,kubernetes","python,r,scala"
Machine Learning Engineer,"api,r,scala,spark",spark,"r,scala"
Data Analyst,"excel,power bi,r,sql,tableau","excel,power bi,tableau","r,sql"
Machine Learning Engineer,"python,pytorch,r,scala,tensorflow","pytorch,tensorflow","python,r,scala"
Data Analyst,"excel,python,r",excel,"python,r"
Machine Learning Engineer,"aws,azure,bash,git,hadoop,linux,python,r,scala,spark,sql,unix","aws,azure,git,hadoop,spark","bash,python,r,scala,sql"
Machine Learning Engineer,"api,aws,azure,excel,gcp,numpy,pandas,python,r,tensorflow","aws,azure,excel,gcp,numpy,pandas,tensorflow","python,r"
Machine Learning Engineer,"api,docker,excel,kubernetes,python,pytorch,r,scala,tensorflow","docker,excel,kubernetes,pytorch,tensorflow","python,r,scala"
Machine Learning Engineer,"aws,azure,git,hadoop,html,java,json,python,r,scala,spark,sql","aws,azure,git,hadoop,spark","html,java,python,r,scala,sql"
Data Scientist,"docker,excel,git,python,r,sql,unix","docker,excel,git","python,r,sql"
Machine Learning Engineer,"api,c++,docker,git,java,linux,python,pytorch,r,tensorflow","docker,git,pytorch,tensorflow","c++,java,python,r"
Data Scientist,"aws,git,python,pytorch,r,scala,spark,tensorflow","aws,git,pytorch,spark,tensorflow","python,r,scala"
Data Scientist,"python,pytorch,r,scala,spark,tensorflow","pytorch,spark,tensorflow","python,r,scala"
Machine Learning Engineer,"api,docker,excel,kubernetes,python,pytorch,r,scala,tensorflow","docker,excel,kubernetes,pytorch,tensorflow","python,r,scala"
Machine Learning Engineer,"docker,gcp,git,java,linux,python,r,scala,spark,sql,unix","docker,gcp,git,spark","java,python,r,scala,sql"
Machine Learning Engineer,"aws,python,r,scala",aws,"python,r,scala"
Data Scientist,"aws,azure,gcp,python,pytorch,r,scala,tensorflow","aws,azure,gcp,pytorch,tensorflow","python,r,scala"
Machine Learning Engineer,"api,aws,azure,excel,gcp,numpy,pandas,python,r,tensorflow","aws,azure,excel,gcp,numpy,pandas,tensorflow","python,r"
Machine Learning Engineer,"api,aws,django,docker,excel,gcp,git,kubernetes,python,r,scala,sql","aws,docker,excel,gcp,git,kubernetes","python,r,scala,sql"
Machine Learning Engineer,"api,r",,r
Machine Learning Engineer,"api,r",,r
Machine Learning Engineer,"api,keras,r,tensorflow","keras,tensorflow",r
Machine Learning Engineer,"aws,docker,excel,git,java,keras,kubernetes,python,pytorch,r,spark,sql,tensorflow","aws,docker,excel,git,keras,kubernetes,pytorch,spark,tensorflow","java,python,r,sql"
Data Scientist,"api,git,hadoop,java,keras,python,pytorch,r,scikit-learn,spark,tensorflow","git,hadoop,keras,pytorch,scikit-learn,spark,tensorflow","java,python,r"
Machine Learning Engineer,"api,aws,azure,java,python,pytorch,r,scala,scikit-learn,spark,tensorflow","aws,azure,pytorch,scikit-learn,spark,tensorflow","java,python,r,scala"
Data Scientist,"api,excel,power bi,python,r","excel,power bi","python,r"
Data Scientist,"azure,excel,power bi,python,r,sas,spark,sql,tableau,tensorflow","azure,excel,power bi,spark,tableau,tensorflow","python,r,sas,sql"
Machine Learning Engineer,"gcp,keras,kubernetes,matplotlib,python,pytorch,r,seaborn,tensorflow","gcp,keras,kubernetes,matplotlib,pytorch,seaborn,tensorflow","python,r"
Machine Learning Engineer,"excel,java,keras,python,pytorch,r,tensorflow","excel,keras,pytorch,tensorflow","java,python,r"
Machine Learning Engineer,"docker,git,kubernetes,r","docker,git,kubernetes",r
Machine Learning Engineer,"api,git,pytorch,r,scikit-learn,tensorflow","git,pytorch,scikit-learn,tensorflow",r
Machine Learning Engineer,"api,azure,c++,docker,kubernetes,linux,python,r","azure,docker,kubernetes","c++,python,r"
Machine Learning Engineer,"aws,flask,git,keras,python,pytorch,r,sql,tableau,tensorflow","aws,git,keras,pytorch,tableau,tensorflow","python,r,sql"
Machine Learning Engineer,"api,aws,bash,git,keras,linux,python,pytorch,r,tensorflow","aws,git,keras,pytorch,tensorflow","bash,python,r"
Machine Learning Engineer,"api,docker,excel,kubernetes,python,pytorch,r,scala,tensorflow","docker,excel,kubernetes,pytorch,tensorflow","python,r,scala"
Machine Learning Engineer,"docker,git,kubernetes,python,r","docker,git,kubernetes","python,r"
Machine Learning Engineer,"aws,excel,linux,python,pytorch,r,scikit-learn,tensorflow","aws,excel,pytorch,scikit-learn,tensorflow","python,r"
Data Scientist,"ggplot,hadoop,python,r,seaborn,spark,sql","ggplot,hadoop,seaborn,spark","python,r,sql"
Data Scientist,"git,java,linux,python,r,scala,spark,sql","git,spark","java,python,r,scala,sql"
Machine Learning Engineer,"aws,r,sas,scala",aws,"r,sas,scala"
Machine Learning Engineer,"api,bash,hadoop,linux,python,r,scala,spark,sql","hadoop,spark","bash,python,r,scala,sql"
Machine Learning Engineer,"api,aws,django,docker,excel,gcp,git,kubernetes,python,r,scala","aws,docker,excel,gcp,git,kubernetes","python,r,scala"
Machine Learning Engineer,"aws,azure,docker,excel,gcp,kubernetes,numpy,pandas,python,pytorch,r,scala,scikit-learn,sql,tensorflow","aws,azure,docker,excel,gcp,kubernetes,numpy,pandas,pytorch,scikit-learn,tensorflow","python,r,scala,sql"
Data Scientist,"aws,excel,java,python,r,sql","aws,excel","java,python,r,sql"
Machine Learning Engineer,"api,aws,azure,django,docker,excel,gcp,git,kubernetes,python,r,scala,sql","aws,azure,docker,excel,gcp,git,kubernetes","python,r,scala,sql"
Machine Learning Engineer,"api,docker,excel,hadoop,java,kubernetes,python,pytorch,r,scala,scikit-learn,spark,tensorflow","docker,excel,hadoop,kubernetes,pytorch,scikit-learn,spark,tensorflow","java,python,r,scala"
Machine Learning Engineer,"api,excel,r",excel,r
Data Scientist,"aws,bash,c++,excel,java,python,r,spark,sql","aws,excel,spark","bash,c++,java,python,r,sql"
Machine Learning Engineer,"excel,r",excel,r
Machine Learning Engineer,"docker,kubernetes,pytorch,r,tensorflow","docker,kubernetes,pytorch,tensorflow",r
Data Analyst,"api,power bi,r,sql",power bi,"r,sql"
Machine Learning Engineer,"docker,git,kubernetes,r","docker,git,kubernetes",r
Machine Learning Engineer,"api,aws,excel,r,scala","aws,excel","r,scala"
Machine Learning Engineer,r,,r
Machine Learning Engineer,"aws,excel,r","aws,excel",r
Machine Learning Engineer,"excel,r",excel,r
Machine Learning Engineer,"java,r,scala",,"java,r,scala"
Machine Learning Engineer,r,,r
Machine Learning Engineer,"r,sas",,"r,sas"
Machine Learning Engineer,r,,r
Machine Learning Engineer,"aws,excel,r,scala","aws,excel","r,scala"
Machine Learning Engineer,"aws,r",aws,r
Machine Learning Engineer,r,,r
Machine Learning Engineer,r,,r
Machine Learning Engineer,"api,r",,r
Machine Learning Engineer,r,,r
Data Scientist,"c++,hadoop,java,python,r,scala,spark,sql","hadoop,spark","c++,java,python,r,scala,sql"
Machine Learning Engineer,"api,aws,azure,java,python,pytorch,r,scala,scikit-learn,spark,tensorflow","aws,azure,pytorch,scikit-learn,spark,tensorflow","java,python,r,scala"
Data Analyst,"api,excel,git,r,tableau","excel,git,tableau",r
Machine Learning Engineer,"c++,git,linux,python,r",git,"c++,python,r"
Machine Learning Engineer,"aws,c++,git,java,linux,python,pytorch,r,scala,scikit-learn,shell,spark,sql,tensorflow","aws,git,pytorch,scikit-learn,spark,tensorflow","c++,java,python,r,scala,shell,sql"
Machine Learning Engineer,"api,bash,docker,excel,linux,python,r","docker,excel","bash,python,r"
Machine Learning Engineer,"api,aws,azure,java,python,pytorch,r,scala,scikit-learn,spark,tensorflow","aws,azure,pytorch,scikit-learn,spark,tensorflow","java,python,r,scala"
Machine Learning Engineer,r,,r
Machine Learning Engineer,r,,r
Machine Learning Engineer,r,,r
Machine Learning Engineer,r,,r
Machine Learning Engineer,r,,r
Machine Learning Engineer,r,,r
Machine Learning Engineer,r,,r
Machine Learning Engineer,r,,r
Machine Learning Engineer,r,,r
Machine Learning Engineer,r,,r
Data Scientist,"aws,excel,python,r,sql,tableau","aws,excel,tableau","python,r,sql"
Data Analyst,"excel,r",excel,r
Machine Learning Engineer,r,,r
Machine Learning Engineer,"excel,r",excel,r
Data Scientist,"excel,git,hadoop,python,r,spark,sql","excel,git,hadoop,spark","python,r,sql"
Machine Learning Engineer,"c++,python,pytorch,r",pytorch,"c++,python,r"
Data Analyst,"api,aws,excel,r,tableau","aws,excel,tableau",r
Data Analyst,"excel,power bi,python,r,sql,tableau","excel,power bi,tableau","python,r,sql"
Data Scientist,"aws,docker,git,python,r,sql,tableau","aws,docker,git,tableau","python,r,sql"
Data Scientist,"excel,hadoop,python,r,sas,scala,spark,sql,tableau","excel,hadoop,spark,tableau","python,r,sas,scala,sql"
Machine Learning Engineer,r,,r
Machine Learning Engineer,"excel,r",excel,r
Machine Learning Engineer,"excel,r",excel,r
Data Analyst,"excel,power bi,python,r,sql,tableau","excel,power bi,tableau","python,r,sql"
Machine Learning Engineer,r,,r
Data Analyst,"r,sql,xml",,"r,sql"
Data Analyst,"aws,r",aws,r
Machine Learning Engineer,"aws,excel,git,r","aws,excel,git",r
Machine Learning Engineer,"api,docker,excel,kubernetes,python,pytorch,r,scala,tensorflow","docker,excel,kubernetes,pytorch,tensorflow","python,r,scala"
Machine Learning Engineer,"c++,git,r",git,"c++,r"
Data Scientist,"ggplot,hadoop,python,r,seaborn,spark,sql","ggplot,hadoop,seaborn,spark","python,r,sql"
Machine Learning Engineer,"excel,r",excel,r
Data Scientist,"aws,azure,docker,excel,kubernetes,python,r,spark,sql","aws,azure,docker,excel,kubernetes,spark","python,r,sql"
Data Analyst,"excel,power bi,python,r,sql,tableau","excel,power bi,tableau","python,r,sql"
Data Scientist,"api,aws,azure,hadoop,python,r,spark,sql","aws,azure,hadoop,spark","python,r,sql"
Data Scientist,"excel,python,r,sql",excel,"python,r,sql"
Data Scientist,"git,python,r,spark,sql,tableau","git,spark,tableau","python,r,sql"
Data Scientist,"aws,azure,gcp,git,hadoop,java,python,r,scala,spark,sql,tableau","aws,azure,gcp,git,hadoop,spark,tableau","java,python,r,scala,sql"
Data Scientist,"git,python,r,spark,sql,tableau","git,spark,tableau","python,r,sql"
Machine Learning Engineer,"api,aws,azure,excel,gcp,numpy,pandas,python,r,tensorflow","aws,azure,excel,gcp,numpy,pandas,tensorflow","python,r"
Data Analyst,"excel,r",excel,r
Machine Learning Engineer,"git,r",git,r
Machine Learning Engineer,"api,r",,r
Machine Learning Engineer,"excel,r",excel,r
Data Scientist,r,,r
Machine Learning Engineer,r,,r
Machine Learning Engineer,"excel,r",excel,r
Machine Learning Engineer,"excel,r",excel,r
Machine Learning Engineer,"pytorch,r,tensorflow","pytorch,tensorflow",r
Machine Learning Engineer,r,,r
Machine Learning Engineer,r,,r
Machine Learning Engineer,r,,r
Data Scientist,"api,excel,python,r",excel,"python,r"
Machine Learning Engineer,"r,sas",,"r,sas"
Machine Learning Engineer,r,,r
Machine Learning Engineer,"api,aws,azure,java,python,pytorch,r,scala,scikit-learn,spark,tensorflow","aws,azure,pytorch,scikit-learn,spark,tensorflow","java,python,r,scala"
Machine Learning Engineer,"aws,excel,kubernetes,python,r","aws,excel,kubernetes","python,r"
Machine Learning Engineer,"excel,r",excel,r
Machine Learning Engineer,r,,r
Machine Learning Engineer,"aws,r,sas",aws,"r,sas"
Machine Learning Engineer,"excel,r",excel,r
Machine Learning Engineer,r,,r
Data Scientist,"bash,c++,git,hadoop,java,python,r,spark,sql,tableau,unix","git,hadoop,spark,tableau","bash,c++,java,python,r,sql"
Machine Learning Engineer,"git,r",git,r
Machine Learning Engineer,"excel,r",excel,r
Data Scientist,"c++,java,python,r",,"c++,java,python,r"
Machine Learning Engineer,r,,r
Machine Learning Engineer,r,,r
Data Scientist,"python,r,sql",,"python,r,sql"
Machine Learning Engineer,r,,r
Machine Learning Engineer,r,,r
Machine Learning Engineer,"aws,excel,keras,pytorch,r,tensorflow","aws,excel,keras,pytorch,tensorflow",r
Data Scientist,"excel,python,r,sas,sql",excel,"python,r,sas,sql"
Machine Learning Engineer,r,,r
Machine Learning Engineer,"excel,r",excel,r
Data Analyst,"excel,power bi,python,r,sql,tableau","excel,power bi,tableau","python,r,sql"
Machine Learning Engineer,r,,r
Machine Learning Engineer,r,,r
Machine Learning Engineer,"excel,r",excel,r
Machine Learning Engineer,r,,r
Machine Learning Engineer,"git,r",git,r
Machine Learning Engineer,r,,r
Data Scientist,"api,aws,bash,excel,flask,git,java,python,r,shiny,sql,unix","aws,excel,git,shiny","bash,java,python,r,sql"
Machine Learning Engineer,r,,r
Data Scientist,"git,keras,pandas,pytorch,r,scikit-learn,scipy,sql,tensorflow","git,keras,pandas,pytorch,scikit-learn,scipy,tensorflow","r,sql"
Machine Learning Engineer,r,,r
Machine Learning Engineer,r,,r
Data Scientist,"excel,java,python,r,sas,scala,spark,sql,tableau","excel,spark,tableau","java,python,r,sas,scala,sql"
Machine Learning Engineer,r,,r
Data Analyst,"excel,power bi,python,r,sql,tableau","excel,power bi,tableau","python,r,sql"
Machine Learning Engineer,r,,r
Machine Learning Engineer,"excel,r",excel,r
Machine Learning Engineer,r,,r
Machine Learning Engineer,r,,r
Machine Learning Engineer,"excel,r",excel,r
Machine Learning Engineer,"excel,r",excel,r
Machine Learning Engineer,r,,r
Data Scientist,"excel,hadoop,json,keras,python,pytorch,r,scala,spark,sql,tensorflow,xml","excel,hadoop,keras,pytorch,spark,tensorflow","python,r,scala,sql"
Data Scientist,"api,git,python,r,sql",git,"python,r,sql"
Data Analyst,"excel,power bi,python,r,sql,tableau","excel,power bi,tableau","python,r,sql"
Data Analyst,"excel,power bi,python,r,sql,tableau","excel,power bi,tableau","python,r,sql"
Machine Learning Engineer,"excel,r",excel,r
Machine Learning Engineer,r,,r
Machine Learning Engineer,"excel,r",excel,r
Machine Learning Engineer,r,,r
Machine Learning Engineer,"julia,r",,"julia,r"
Machine Learning Engineer,"r,scala",,"r,scala"
Machine Learning Engineer,r,,r
Data Analyst,"api,excel,python,r,sql,tableau","excel,tableau","python,r,sql"
Machine Learning Engineer,"excel,r",excel,r
Data Scientist,"aws,excel,python,r,sql,tableau","aws,excel,tableau","python,r,sql"
Machine Learning Engineer,"excel,r",excel,r
Data Analyst,"aws,excel,matlab,python,r,sas,sql","aws,excel","matlab,python,r,sas,sql"
Machine Learning Engineer,"excel,java,python,r",excel,"java,python,r"
Data Analyst,"api,excel,python,r,sql,tableau","excel,tableau","python,r,sql"
Data Scientist,"excel,python,r",excel,"python,r"
Machine Learning Engineer,"r,sas",,"r,sas"
Machine Learning Engineer,"aws,azure,c++,excel,gcp,java,python,pytorch,r,scala,scikit-learn,tensorflow","aws,azure,excel,gcp,pytorch,scikit-learn,tensorflow","c++,java,python,r,scala"
Machine Learning Engineer,"excel,python,pytorch,r,scikit-learn,tensorflow","excel,pytorch,scikit-learn,tensorflow","python,r"
Machine Learning Engineer,"api,docker,excel,kubernetes,python,pytorch,r,scala,tensorflow","docker,excel,kubernetes,pytorch,tensorflow","python,r,scala"
Machine Learning Engineer,"api,aws,azure,excel,gcp,numpy,pandas,python,r,sql,tensorflow","aws,azure,excel,gcp,numpy,pandas,tensorflow","python,r,sql"
Data Analyst,"git,r",git,r
Data Scientist,"angular,api,aws,git,hadoop,java,python,r,scala,spark,sql,tableau","aws,git,hadoop,spark,tableau","java,python,r,scala,sql"
Data Scientist,"aws,azure,excel,ggplot,git,hadoop,power bi,python,r,sas,spark,sql,tableau","aws,azure,excel,ggplot,git,hadoop,power bi,spark,tableau","python,r,sas,sql"
Data Scientist,"git,matlab,python,r,sql,tableau","git,tableau","matlab,python,r,sql"
Data Scientist,"api,aws,azure,excel,git,python,r,sql","aws,azure,excel,git","python,r,sql"
Data Analyst,"api,excel,python,r,sql,tableau","excel,tableau","python,r,sql"
Machine Learning Engineer,"excel,r",excel,r
Machine Learning Engineer,"excel,r",excel,r
Data Analyst,"api,excel,python,r,sql,tableau","excel,tableau","python,r,sql"
Machine Learning Engineer,r,,r
Data Scientist,r,,r
Data Scientist,"aws,azure,excel,ggplot,hadoop,python,r,spark,sql","aws,azure,excel,ggplot,hadoop,spark","python,r,sql"
Machine Learning Engineer,r,,r
Data Scientist,"r,scala",,"r,scala"
Machine Learning Engineer,r,,r
Machine Learning Engineer,r,,r
Data Scientist,"aws,azure,excel,ggplot,hadoop,python,r,spark,sql","aws,azure,excel,ggplot,hadoop,spark","python,r,sql"
Machine Learning Engineer,"api,aws,r",aws,r
Machine Learning Engineer,r,,r
Data Scientist,"azure,java,keras,python,r,spark,sql,tensorflow","azure,keras,spark,tensorflow","java,python,r,sql"
Machine Learning Engineer,"azure,excel,keras,pytorch,r,scikit-learn,tensorflow","azure,excel,keras,pytorch,scikit-learn,tensorflow",r
Machine Learning Engineer,"aws,c++,excel,pytorch,r,tensorflow","aws,excel,pytorch,tensorflow","c++,r"
Machine Learning Engineer,"excel,r",excel,r
Machine Learning Engineer,r,,r
Machine Learning Engineer,"api,bash,git,hadoop,linux,python,r,scala,spark,sql","git,hadoop,spark","bash,python,r,scala,sql"
Data Analyst,"excel,power bi,python,r,sql,tableau","excel,power bi,tableau","python,r,sql"
Data Analyst,"excel,git,power bi,python,r,sql,tableau","excel,git,power bi,tableau","python,r,sql"
Data Analyst,"api,power bi,r,sql,tableau","power bi,tableau","r,sql"
Machine Learning Engineer,r,,r
Machine Learning Engineer,"api,c++,python,pytorch,r,scala,tensorflow","pytorch,tensorflow","c++,python,r,scala"
Machine Learning Engineer,"excel,r,scala",excel,"r,scala"
Machine Learning Engineer,"api,docker,excel,hadoop,java,kubernetes,python,pytorch,r,scala,scikit-learn,spark,sql,tensorflow","docker,excel,hadoop,kubernetes,pytorch,scikit-learn,spark,tensorflow","java,python,r,scala,sql"
Data Scientist,"api,python,r,sas,sql",,"python,r,sas,sql"
Machine Learning Engineer,"excel,python,r,sas,sql",excel,"python,r,sas,sql"
Data Analyst,"api,excel,python,r,sql,tableau","excel,tableau","python,r,sql"
Machine Learning Engineer,r,,r
Machine Learning Engineer,"api,aws,excel,gcp,hadoop,python,r,sas,spark,tensorflow","aws,excel,gcp,hadoop,spark,tensorflow","python,r,sas"
Machine Learning Engineer,r,,r
Machine Learning Engineer,r,,r
Data Scientist,"api,azure,c++,git,hadoop,java,keras,matlab,python,r,sas,scala,spark,sql,tableau,tensorflow","azure,git,hadoop,keras,spark,tableau,tensorflow","c++,java,matlab,python,r,sas,scala,sql"
Machine Learning Engineer,"aws,r",aws,r
Data Scientist,"docker,git,kubernetes,linux,numpy,python,pytorch,r,sas,sql,tableau,tensorflow","docker,git,kubernetes,numpy,pytorch,tableau,tensorflow","python,r,sas,sql"
Machine Learning Engineer,"api,aws,azure,java,python,pytorch,r,scala,scikit-learn,spark,tensorflow","aws,azure,pytorch,scikit-learn,spark,tensorflow","java,python,r,scala"
Machine Learning Engineer,r,,r
Machine Learning Engineer,"excel,git,python,pytorch,r,scikit-learn,tensorflow","excel,git,pytorch,scikit-learn,tensorflow","python,r"
Machine Learning Engineer,"bash,r",,"bash,r"
Machine Learning Engineer,r,,r
Data Scientist,"gcp,git,matlab,matplotlib,numpy,python,r,scipy,tensorflow","gcp,git,matplotlib,numpy,scipy,tensorflow","matlab,python,r"
Data Analyst,"excel,power bi,python,r,sql,tableau","excel,power bi,tableau","python,r,sql"
Data Analyst,"excel,power bi,python,r,sql,tableau","excel,power bi,tableau","python,r,sql"
Machine Learning Engineer,r,,r
Data Analyst,"excel,power bi,python,r,sql,tableau","excel,power bi,tableau","python,r,sql"
Machine Learning Engineer,"git,r",git,r
Data Analyst,"excel,power bi,python,r,sql,tableau","excel,power bi,tableau","python,r,sql"
Data Analyst,"excel,power bi,python,r,sql,tableau","excel,power bi,tableau","python,r,sql"
Data Analyst,"excel,power bi,python,r,sql,tableau","excel,power bi,tableau","python,r,sql"
Data Scientist,"gcp,git,hadoop,python,r,sas,sql","gcp,git,hadoop","python,r,sas,sql"
Machine Learning Engineer,"java,r,soap,sql,xml",,"java,r,sql"
Machine Learning Engineer,"api,azure,css,excel,html,java,r,sql","azure,excel","css,html,java,r,sql"
Machine Learning Engineer,"api,git,r",git,r
Machine Learning Engineer,"c++,python,r,scala",,"c++,python,r,scala"
Machine Learning Engineer,"api,r,scala,spark",spark,"r,scala"
Machine Learning Engineer,"api,r,scala,spark",spark,"r,scala"
Machine Learning Engineer,"c++,git,java,numpy,python,pytorch,r,scikit-learn,tensorflow","git,numpy,pytorch,scikit-learn,tensorflow","c++,java,python,r"
Machine Learning Engineer,"excel,pytorch,r","excel,pytorch",r
Machine Learning Engineer,"api,aws,azure,docker,gcp,kubernetes,numpy,pandas,python,r,scala,spark,sql","aws,azure,docker,gcp,kubernetes,numpy,pandas,spark","python,r,scala,sql"
Data Analyst,"excel,git,r","excel,git",r
Machine Learning Engineer,"api,aws,azure,java,python,pytorch,r,scala,scikit-learn,spark,sql,tensorflow","aws,azure,pytorch,scikit-learn,spark,tensorflow","java,python,r,scala,sql"
Data Scientist,"aws,azure,c++,gcp,git,python,r,scala,sql","aws,azure,gcp,git","c++,python,r,scala,sql"
Data Analyst,"excel,python,r",excel,"python,r"
Data Scientist,"aws,excel,numpy,pandas,python,r,scikit-learn","aws,excel,numpy,pandas,scikit-learn","python,r"
Machine Learning Engineer,"c++,python,pytorch,r,tensorflow","pytorch,tensorflow","c++,python,r"
Machine Learning Engineer,"excel,r,sas",excel,"r,sas"
Machine Learning Engineer,"excel,r,sas",excel,"r,sas"
Data Analyst,"api,excel,python,r,sql,tableau","excel,tableau","python,r,sql"
Data Analyst,"api,excel,python,r,sql,tableau","excel,tableau","python,r,sql"
Machine Learning Engineer,"api,aws,azure,docker,excel,gcp,hadoop,java,kubernetes,python,pytorch,r,scala,scikit-learn,spark,sql,tensorflow","aws,azure,docker,excel,gcp,hadoop,kubernetes,pytorch,scikit-learn,spark,tensorflow","java,python,r,scala,sql"
Machine Learning Engineer,r,,r
Data Analyst,"excel,python,r,sas,sql,tableau","excel,tableau","python,r,sas,sql"
Data Analyst,"api,excel,git,java,pandas,power bi,python,r,sas,sql,tableau","excel,git,pandas,power bi,tableau","java,python,r,sas,sql"
Machine Learning Engineer,"angular,css,html,java,r,sql",,"css,html,java,r,sql"
Machine Learning Engineer,"git,r,sas",git,"r,sas"
Data Analyst,r,,r
Data Analyst,"excel,html,power bi,python,r,shell,xml","excel,power bi","html,python,r,shell"
Data Analyst,"api,excel,python,r",excel,"python,r"
Machine Learning Engineer,r,,r
Machine Learning Engineer,"api,aws,azure,java,python,pytorch,r,scala,scikit-learn,spark,tensorflow","aws,azure,pytorch,scikit-learn,spark,tensorflow","java,python,r,scala"
Data Analyst,"excel,power bi,r,sql,tableau","excel,power bi,tableau","r,sql"
Data Analyst,"excel,git,r,sql","excel,git","r,sql"
Machine Learning Engineer,"r,soap,sql,xml",,"r,sql"
Machine Learning Engineer,"api,excel,r,sas",excel,"r,sas"
Machine Learning Engineer,"api,excel,r,sas",excel,"r,sas"
Machine Learning Engineer,"excel,r,spark","excel,spark",r
Machine Learning Engineer,r,,r
Data Analyst,"excel,r,sql",excel,"r,sql"
Data Analyst,"git,r,shell",git,"r,shell"
Data Analyst,"html,r,sas",,"html,r,sas"
Machine Learning Engineer,"api,aws,azure,excel,gcp,numpy,pandas,python,r,tensorflow","aws,azure,excel,gcp,numpy,pandas,tensorflow","python,r"
Data Analyst,"git,r,sas",git,"r,sas"
Data Analyst,"aws,excel,power bi,python,r,sql,tableau","aws,excel,power bi,tableau","python,r,sql"
Data Analyst,"api,excel,git,java,pandas,power bi,python,r,sas,sql,tableau","excel,git,pandas,power bi,tableau","java,python,r,sas,sql"
Data Analyst,r,,r
Data Analyst,"git,python,r,sql,tableau","git,tableau","python,r,sql"
Data Analyst,"excel,git,python,r,sql","excel,git","python,r,sql"
Data Analyst,"azure,excel,power bi,r,sql","azure,excel,power bi","r,sql"
Machine Learning Engineer,"api,aws,excel,r,scala","aws,excel","r,scala"
Data Analyst,"excel,python,r,sql",excel,"python,r,sql"
Data Analyst,"aws,excel,r,sql","aws,excel","r,sql"
Data Scientist,"aws,docker,git,java,keras,python,pytorch,r,scikit-learn,tensorflow","aws,docker,git,keras,pytorch,scikit-learn,tensorflow","java,python,r"
Data Analyst,"excel,r",excel,r
Data Analyst,"api,excel,git,java,pandas,power bi,python,r,sas,sql,tableau","excel,git,pandas,power bi,tableau","java,python,r,sas,sql"
Data Analyst,"excel,power bi,python,r","excel,power bi","python,r"
Machine Learning Engineer,"api,aws,azure,java,python,pytorch,r,scala,scikit-learn,spark,tensorflow","aws,azure,pytorch,scikit-learn,spark,tensorflow","java,python,r,scala"
Data Analyst,r,,r
Data Analyst,"excel,power bi,r,sql","excel,power bi","r,sql"
Data Scientist,"aws,excel,hadoop,keras,matplotlib,numpy,pandas,python,pytorch,r,seaborn,spark,sql,tensorflow","aws,excel,hadoop,keras,matplotlib,numpy,pandas,pytorch,seaborn,spark,tensorflow","python,r,sql"
Machine Learning Engineer,r,,r
Machine Learning Engineer,"excel,r",excel,r
Data Scientist,"api,excel,python,r,sas,sql",excel,"python,r,sas,sql"
Machine Learning Engineer,"excel,r",excel,r
Machine Learning Engineer,"excel,r",excel,r
Machine Learning Engineer,r,,r
Machine Learning Engineer,r,,r
Machine Learning Engineer,"api,azure,docker,excel,git,keras,kubernetes,python,pytorch,r,scala,shell,spark,sql,tensorflow,vue","azure,docker,excel,git,keras,kubernetes,pytorch,spark,tensorflow","python,r,scala,shell,sql"
Machine Learning Engineer,"api,docker,excel,kubernetes,python,pytorch,r,scala,tensorflow","docker,excel,kubernetes,pytorch,tensorflow","python,r,scala"
Machine Learning Engineer,r,,r
Machine Learning Engineer,"api,r",,r
Data Scientist,"excel,python,r,scala,sql",excel,"python,r,scala,sql"
Machine Learning Engineer,r,,r
Machine Learning Engineer,r,,r
Data Scientist,"aws,azure,git,java,linux,python,r,scala,shell,spark,sql,unix","aws,azure,git,spark","java,python,r,scala,shell,sql"
Machine Learning Engineer,"excel,r",excel,r
Data Scientist,r,,r
Machine Learning Engineer,r,,r
Machine Learning Engineer,r,,r
Data Scientist,"aws,azure,power bi,python,r,tableau","aws,azure,power bi,tableau","python,r"
Machine Learning Engineer,r,,r
Machine Learning Engineer,r,,r
Machine Learning Engineer,"git,r",git,r
Data Scientist,"python,r,scala,spark,sql",spark,"python,r,scala,sql"
Machine Learning Engineer,r,,r
Data Scientist,"python,r,scala,spark,sql",spark,"python,r,scala,sql"
Machine Learning Engineer,"api,aws,azure,java,python,pytorch,r,scala,scikit-learn,spark,tensorflow","aws,azure,pytorch,scikit-learn,spark,tensorflow","java,python,r,scala"
Data Scientist,"api,excel,git,matlab,power bi,python,r,sas,sql,tableau","excel,git,power bi,tableau","matlab,python,r,sas,sql"
Machine Learning Engineer,r,,r
Machine Learning Engineer,r,,r
Data Scientist,"excel,hadoop,python,r,scala,spark,sql,unix","excel,hadoop,spark","python,r,scala,sql"
Machine Learning Engineer,r,,r
Data Scientist,"aws,git,python,r","aws,git","python,r"
Machine Learning Engineer,r,,r
Machine Learning Engineer,"git,r",git,r
Machine Learning Engineer,"aws,azure,gcp,hadoop,java,keras,python,pytorch,r,spark,sql,tensorflow","aws,azure,gcp,hadoop,keras,pytorch,spark,tensorflow","java,python,r,sql"
Machine Learning Engineer,"angular,api,docker,flask,kubernetes,python,r","docker,kubernetes","python,r"
Machine Learning Engineer,"excel,r",excel,r
Machine Learning Engineer,r,,r
Machine Learning Engineer,"excel,gcp,python,pytorch,r,scikit-learn,sql,tensorflow","excel,gcp,pytorch,scikit-learn,tensorflow","python,r,sql"
Data Scientist,"api,excel,python,r",excel,"python,r"
Data Analyst,"api,excel,git,python,r,sql,tableau","excel,git,tableau","python,r,sql"
Data Analyst,"aws,excel,r,scala","aws,excel","r,scala"
Machine Learning Engineer,"aws,r,scala",aws,"r,scala"
Machine Learning Engineer,"excel,r",excel,r
Machine Learning Engineer,"api,excel,r,scala",excel,"r,scala"
Data Analyst,"aws,r",aws,r
Machine Learning Engineer,"azure,excel,r,sas,scala,tableau","azure,excel,tableau","r,sas,scala"
Machine Learning Engineer,"aws,excel,r,scala","aws,excel","r,scala"
Data Analyst,"aws,excel,power bi,python,r,sas,sql,tableau","aws,excel,power bi,tableau","python,r,sas,sql"
Data Analyst,"aws,excel,power bi,r,sas,sql","aws,excel,power bi","r,sas,sql"
Data Analyst,"excel,power bi,python,r,sql,tableau","excel,power bi,tableau","python,r,sql"
Data Analyst,"excel,power bi,python,r,sql,tableau","excel,power bi,tableau","python,r,sql"
Data Analyst,"excel,power bi,python,r,sql,tableau","excel,power bi,tableau","python,r,sql"
Data Analyst,"excel,power bi,python,r,sql,tableau","excel,power bi,tableau","python,r,sql"
Data Analyst,"excel,power bi,python,r,sql,tableau","excel,power bi,tableau","python,r,sql"
Data Analyst,"excel,power bi,python,r,sql,tableau","excel,power bi,tableau","python,r,sql"
Data Analyst,"excel,power bi,python,r,sql,tableau","excel,power bi,tableau","python,r,sql"
Data Analyst,"api,azure,excel,r,sql","azure,excel","r,sql"
Data Analyst,"excel,power bi,python,r,sql,tableau","excel,power bi,tableau","python,r,sql"
Machine Learning Engineer,"api,aws,git,r","aws,git",r
Data Analyst,"excel,power bi,python,r,sql,tableau","excel,power bi,tableau","python,r,sql"
Data Analyst,"excel,power bi,python,r,sql,tableau","excel,power bi,tableau","python,r,sql"
Data Analyst,r,,r
Data Analyst,"excel,power bi,r,sql","excel,power bi","r,sql"
Machine Learning Engineer,"api,r",,r
Data Analyst,"excel,power bi,python,r,sql,tableau","excel,power bi,tableau","python,r,sql"
Data Analyst,"api,python,r,sas,sql",,"python,r,sas,sql"
Data Analyst,"java,r,sql,tableau",tableau,"java,r,sql"
Data Scientist,"excel,hadoop,json,power bi,python,r,scala,spark,sql,tableau,xml","excel,hadoop,power bi,spark,tableau","python,r,scala,sql"
Data Analyst,"python,r,sql",,"python,r,sql"
Data Analyst,"excel,git,python,r,scala,spark,sql,tableau","excel,git,spark,tableau","python,r,scala,sql"
Machine Learning Engineer,"aws,azure,c++,java,python,pytorch,r,scala,scikit-learn,tensorflow","aws,azure,pytorch,scikit-learn,tensorflow","c++,java,python,r,scala"
Data Analyst,"excel,r",excel,r
Data Analyst,"excel,r",excel,r
Data Analyst,"api,excel,r",excel,r
Data Analyst,"excel,power bi,r","excel,power bi",r
Data Analyst,"c++,linux,matlab,python,r",,"c++,matlab,python,r"
Data Analyst,"excel,r,sql",excel,"r,sql"
Data Analyst,"api,excel,r",excel,r
Data Analyst,"excel,power bi,python,r,sas,sql,tableau","excel,power bi,tableau","python,r,sas,sql"
Machine Learning Engineer,"aws,azure,c++,excel,gcp,java,python,pytorch,r,scala,scikit-learn,tensorflow","aws,azure,excel,gcp,pytorch,scikit-learn,tensorflow","c++,java,python,r,scala"
Data Analyst,"excel,r",excel,r
Data Analyst,"excel,r",excel,r
Data Analyst,"excel,python,r,shell,sql,tableau","excel,tableau","python,r,shell,sql"
Data Analyst,"excel,r,sas,sql,tableau","excel,tableau","r,sas,sql"
Data Analyst,"excel,git,power bi,r,sql","excel,git,power bi","r,sql"
Data Scientist,"azure,python,r,sql,tableau","azure,tableau","python,r,sql"
Data Analyst,"excel,power bi,python,r,sql,tableau","excel,power bi,tableau","python,r,sql"
Data Analyst,"excel,r,sql",excel,"r,sql"
Data Analyst,"excel,power bi,r","excel,power bi",r
Data Analyst,"r,sql",,"r,sql"
Data Analyst,"api,excel,r",excel,r
Data Analyst,"excel,power bi,r","excel,power bi",r
Data Analyst,"python,r,sas,sql",,"python,r,sas,sql"
Data Analyst,"excel,power bi,r","excel,power bi",r
Data Analyst,"excel,r",excel,r
Data Analyst,"api,excel,git,r","excel,git",r
Data Analyst,"api,aws,azure,css,excel,gcp,html,java,python,r,sql,tableau","aws,azure,excel,gcp,tableau","css,html,java,python,r,sql"
Data Analyst,"api,hadoop,numpy,pandas,python,r,scala,spark,sql,tableau,tensorflow","hadoop,numpy,pandas,spark,tableau,tensorflow","python,r,scala,sql"
Data Analyst,r,,r
Data Analyst,"python,r,sql",,"python,r,sql"
Data Analyst,"aws,azure,excel,kubernetes,python,r,sql,tableau","aws,azure,excel,kubernetes,tableau","python,r,sql"
Data Analyst,"excel,r,sql",excel,"r,sql"
Data Analyst,"excel,python,r,sas,sql",excel,"python,r,sas,sql"
Data Analyst,"excel,r,sas",excel,"r,sas"
Data Analyst,"azure,excel,power bi,r,sql","azure,excel,power bi","r,sql"
Data Analyst,"aws,excel,git,power bi,r,sql,tableau","aws,excel,git,power bi,tableau","r,sql"
Machine Learning Engineer,"api,bash,hadoop,java,json,kubernetes,python,r,spark,sql,unix,xml","hadoop,kubernetes,spark","bash,java,python,r,sql"
Data Analyst,"aws,power bi,r,sql,tableau","aws,power bi,tableau","r,sql"
Data Analyst,"excel,git,r","excel,git",r
Data Analyst,r,,r
Data Analyst,"excel,power bi,python,r,sql,tableau","excel,power bi,tableau","python,r,sql"
Data Analyst,r,,r
Data Analyst,"excel,r,sas",excel,"r,sas"
Data Analyst,"excel,power bi,python,r,sas,sql,tableau","excel,power bi,tableau","python,r,sas,sql"
Data Analyst,"excel,python,r,sql",excel,"python,r,sql"
Data Analyst,"python,r,sql",,"python,r,sql"
Data Analyst,"git,r",git,r
Data Analyst,"api,excel,html,r",excel,"html,r"
Data Analyst,"excel,power bi,python,r,sql,tableau","excel,power bi,tableau","python,r,sql"
Data Analyst,"excel,power bi,python,r,sql,tableau","excel,power bi,tableau","python,r,sql"
Data Analyst,"excel,power bi,python,r,sql,tableau","excel,power bi,tableau","python,r,sql"
Data Analyst,"excel,power bi,python,r,sas,sql,tableau","excel,power bi,tableau","python,r,sas,sql"
Data Analyst,"power bi,python,r,sql,tableau","power bi,tableau","python,r,sql"
Data Analyst,r,,r
Data Analyst,"azure,excel,power bi,r,sql","azure,excel,power bi","r,sql"
Data Analyst,"excel,power bi,python,r,sql,tableau","excel,power bi,tableau","python,r,sql"
Data Analyst,"excel,r,sql",excel,"r,sql"
Data Analyst,"excel,python,r,sql",excel,"python,r,sql"
Data Analyst,"c++,docker,kubernetes,linux,matlab,matplotlib,python,r,seaborn,shell","docker,kubernetes,matplotlib,seaborn","c++,matlab,python,r,shell"
Data Analyst,"api,git,power bi,python,r,sql,tableau","git,power bi,tableau","python,r,sql"
Data Analyst,"excel,r",excel,r
Data Analyst,"power bi,r,sql",power bi,"r,sql"
Data Analyst,"r,sql",,"r,sql"
Data Analyst,"api,excel,power bi,python,r,spark,sql,tableau","excel,power bi,spark,tableau","python,r,sql"
Machine Learning Engineer,"api,python,r,sql,tableau",tableau,"python,r,sql"
Data Analyst,"api,excel,git,python,r,sql,tableau","excel,git,tableau","python,r,sql"
Data Analyst,"aws,c++,java,power bi,python,r,sql","aws,power bi","c++,java,python,r,sql"
Data Analyst,"api,excel,python,r,sql,tableau","excel,tableau","python,r,sql"
Data Analyst,"excel,git,r","excel,git",r
Data Analyst,"excel,r",excel,r
Data Analyst,"aws,excel,html,power bi,python,r,sql,tableau","aws,excel,power bi,tableau","html,python,r,sql"
Data Analyst,"aws,excel,git,power bi,r,sql,tableau","aws,excel,git,power bi,tableau","r,sql"
Data Analyst,"excel,power bi,python,r,sql","excel,power bi","python,r,sql"
Data Analyst,"r,sas",,"r,sas"
Data Analyst,"aws,r,sql",aws,"r,sql"
Data Analyst,"excel,git,python,r,sql","excel,git","python,r,sql"
Data Analyst,"excel,python,r,sql,tableau","excel,tableau","python,r,sql"
Data Analyst,"css,html,java,linux,python,r,sql",,"css,html,java,python,r,sql"
Data Analyst,"excel,power bi,r,sas,sql,tableau","excel,power bi,tableau","r,sas,sql"
Data Analyst,"r,sql",,"r,sql"
Data Analyst,"api,aws,azure,gcp,hadoop,python,r,spark,sql","aws,azure,gcp,hadoop,spark","python,r,sql"
Data Analyst,r,,r
Data Analyst,"excel,r,sql",excel,"r,sql"
Data Analyst,"aws,r",aws,r
Data Analyst,"api,aws,excel,java,power bi,python,r,sas,sql,tableau","aws,excel,power bi,tableau","java,python,r,sas,sql"
Data Analyst,r,,r
Data Analyst,"excel,r",excel,r
Data Analyst,"c++,excel,python,r",excel,"c++,python,r"
Data Analyst,"api,git,python,r,sql",git,"python,r,sql"
Data Analyst,"excel,r",excel,r
Data Analyst,"excel,java,r,soap,sql",excel,"java,r,sql"
Data Analyst,"excel,r,sql,tableau","excel,tableau","r,sql"
Data Analyst,"excel,r,vue",excel,r
Data Analyst,"python,r,sql",,"python,r,sql"
Data Analyst,"css,excel,git,html,java,r","excel,git","css,html,java,r"
Data Analyst,"excel,r,scala",excel,"r,scala"
Data Analyst,"excel,r,sql,tableau","excel,tableau","r,sql"
Data Analyst,"c++,excel,java,python,r",excel,"c++,java,python,r"
Data Analyst,"excel,git,r,tableau","excel,git,tableau",r
Data Analyst,"java,r,sql,xml",,"java,r,sql"
Data Analyst,"excel,r",excel,r
Data Analyst,"api,excel,power bi,r,sql,tableau","excel,power bi,tableau","r,sql"
Data Analyst,"python,r,sql",,"python,r,sql"
Data Analyst,"aws,azure,excel,gcp,python,r,sql,tableau","aws,azure,excel,gcp,tableau","python,r,sql"
Data Analyst,"api,excel,python,r,sql",excel,"python,r,sql"
Data Analyst,"excel,python,r,sql",excel,"python,r,sql"
Data Analyst,"excel,r,sas,tableau","excel,tableau","r,sas"
Data Analyst,"excel,r",excel,r
Data Analyst,"excel,r",excel,r
Data Analyst,"excel,r",excel,r
Data Analyst,"excel,r",excel,r
Data Analyst,"api,excel,power bi,r,sql,tableau","excel,power bi,tableau","r,sql"
Data Analyst,"excel,power bi,r,sql","excel,power bi","r,sql"
Data Analyst,"aws,r",aws,r
Data Analyst,"excel,git,power bi,python,r,sql,tableau","excel,git,power bi,tableau","python,r,sql"
Data Analyst,"api,excel,power bi,r,sql,tableau","excel,power bi,tableau","r,sql"
Data Analyst,r,,r
Data Analyst,"excel,python,r,sas,sql,xml",excel,"python,r,sas,sql"
Data Analyst,r,,r
Data Analyst,"azure,excel,power bi,python,r,sas,scala,sql,xml","azure,excel,power bi","python,r,sas,scala,sql"
Data Analyst,"azure,excel,power bi,r,sql","azure,excel,power bi","r,sql"
Data Analyst,r,,r
Data Scientist,"angular,api,aws,git,hadoop,java,python,r,scala,spark,sql,tableau","aws,git,hadoop,spark,tableau","java,python,r,scala,sql"
Data Analyst,"excel,r,sql",excel,"r,sql"
Data Analyst,"aws,excel,r","aws,excel",r
Data Analyst,"aws,excel,python,r,sas,sql,tableau","aws,excel,tableau","python,r,sas,sql"
Data Analyst,r,,r
Data Analyst,"api,excel,python,r,scala,sql",excel,"python,r,scala,sql"
Data Analyst,"excel,git,r,sql,tableau","excel,git,tableau","r,sql"
Data Analyst,"excel,r",excel,r
Data Analyst,"matlab,python,r,unix",,"matlab,python,r"
Data Analyst,"excel,python,r,sql,tableau","excel,tableau","python,r,sql"
Data Analyst,"excel,json,r,sql,tableau","excel,tableau","r,sql"
Data Analyst,"aws,r",aws,r
Data Analyst,"r,sql",,"r,sql"
Data Analyst,"excel,r",excel,r
Data Analyst,"excel,r,sql,tableau","excel,tableau","r,sql"
Data Analyst,"excel,r,sql,tableau","excel,tableau","r,sql"
Data Analyst,"excel,r,sql",excel,"r,sql"
Data Analyst,"excel,git,r,sql","excel,git","r,sql"
Data Analyst,"api,aws,excel,r,sas,scala,tableau","aws,excel,tableau","r,sas,scala"
Data Analyst,"excel,r",excel,r
Data Analyst,"api,aws,excel,git,python,r,sql","aws,excel,git","python,r,sql"
Data Analyst,"r,sas,sql",,"r,sas,sql"
Data Analyst,"excel,r,sas,sql",excel,"r,sas,sql"
Data Analyst,"api,excel,power bi,r,sql,tableau","excel,power bi,tableau","r,sql"
Data Analyst,"aws,hadoop,python,r,spark,sql","aws,hadoop,spark","python,r,sql"
Data Analyst,"r,sas,sql",,"r,sas,sql"
Data Analyst,"excel,r",excel,r
Data Analyst,"excel,html,r,sas,sql,tableau","excel,tableau","html,r,sas,sql"
Data Analyst,"excel,power bi,python,r,sql,tableau","excel,power bi,tableau","python,r,sql"
Data Analyst,"excel,power bi,python,r,sql,tableau","excel,power bi,tableau","python,r,sql"
Data Analyst,"excel,git,java,power bi,python,r,sas,sql,tableau","excel,git,power bi,tableau","java,python,r,sas,sql"
Data Analyst,"api,excel,power bi,python,r,sql,tableau","excel,power bi,tableau","python,r,sql"
Data Analyst,"matlab,python,r,sas",,"matlab,python,r,sas"
Data Analyst,"api,excel,python,r,sql,tableau","excel,tableau","python,r,sql"
Data Analyst,"matlab,python,r,scipy",scipy,"matlab,python,r"
Data Analyst,"api,aws,hadoop,r,sql,tableau","aws,hadoop,tableau","r,sql"
Data Analyst,"aws,excel,linux,r,sql,tableau","aws,excel,tableau","r,sql"
Data Analyst,"aws,r,sql",aws,"r,sql"
Data Analyst,"excel,r,sql,tableau","excel,tableau","r,sql"
Data Analyst,"excel,hadoop,python,r,sas,spark,sql","excel,hadoop,spark","python,r,sas,sql"
Data Analyst,"excel,r,sql",excel,"r,sql"
Data Analyst,"excel,r,sql",excel,"r,sql"
Data Analyst,"excel,r,sas",excel,"r,sas"
Data Analyst,"excel,r",excel,r
Data Analyst,"python,r,sas,sql",,"python,r,sas,sql"
Data Analyst,"excel,html,java,python,r,sas,scipy,shell,sql,tableau,unix","excel,scipy,tableau","html,java,python,r,sas,shell,sql"
Data Analyst,"excel,power bi,r,sql,tableau","excel,power bi,tableau","r,sql"
Data Analyst,"excel,git,r,sql","excel,git","r,sql"
Data Analyst,"excel,python,r",excel,"python,r"
Data Analyst,"api,excel,power bi,r,sql","excel,power bi","r,sql"
Data Analyst,"r,sas,sql",,"r,sas,sql"
Data Analyst,"power bi,r,sql",power bi,"r,sql"
Data Analyst,r,,r
Data Analyst,"aws,python,r,sql,tableau","aws,tableau","python,r,sql"
Data Analyst,"api,excel,git,java,pandas,power bi,python,r,sas,sql,tableau","excel,git,pandas,power bi,tableau","java,python,r,sas,sql"
Data Analyst,"excel,r,sql",excel,"r,sql"
Data Analyst,"r,sas,unix",,"r,sas"
Data Analyst,"api,excel,git,java,pandas,power bi,python,r,sas,sql,tableau","excel,git,pandas,power bi,tableau","java,python,r,sas,sql"
Data Analyst,"excel,python,r,sql",excel,"python,r,sql"
Data Analyst,"aws,python,r,scala,sql",aws,"python,r,scala,sql"
Data Analyst,"excel,python,r,sql",excel,"python,r,sql"
Data Analyst,"r,tableau",tableau,r
Data Analyst,"api,r,sas,scala",,"r,sas,scala"
Data Analyst,"api,excel,power bi,r,tableau","excel,power bi,tableau",r
Data Analyst,"hadoop,r,sql,tableau","hadoop,tableau","r,sql"
Data Analyst,"r,tableau",tableau,r
Data Analyst,"api,excel,git,java,pandas,power bi,python,r,sas,sql,tableau","excel,git,pandas,power bi,tableau","java,python,r,sas,sql"
Data Analyst,"excel,power bi,r,sql,tableau","excel,power bi,tableau","r,sql"
Data Analyst,"aws,excel,gcp,python,r,sql,tableau","aws,excel,gcp,tableau","python,r,sql"
Data Analyst,"api,excel,git,java,pandas,power bi,python,r,sas,sql,tableau","excel,git,pandas,power bi,tableau","java,python,r,sas,sql"
Data Analyst,"git,python,r,sas,unix",git,"python,r,sas"
Data Analyst,"excel,python,r,sql",excel,"python,r,sql"
Machine Learning Engineer,"excel,numpy,pandas,python,pytorch,r,scikit-learn,sql,tensorflow","excel,numpy,pandas,pytorch,scikit-learn,tensorflow","python,r,sql"
Machine Learning Engineer,"api,aws,bash,docker,excel,git,hadoop,java,kubernetes,python,r,scala,spark,sql,tableau","aws,docker,excel,git,hadoop,kubernetes,spark,tableau","bash,java,python,r,scala,sql"
Data Analyst,"r,sas",,"r,sas"
Data Analyst,"aws,azure,gcp,git,hadoop,java,python,r,scala,spark,sql,tableau","aws,azure,gcp,git,hadoop,spark,tableau","java,python,r,scala,sql"
Data Analyst,"excel,power bi,r,sql","excel,power bi","r,sql"
Data Analyst,"python,r,sql",,"python,r,sql"
Data Analyst,"api,azure,excel,power bi,r,sql,tableau","azure,excel,power bi,tableau","r,sql"
Data Analyst,"excel,power bi,python,r,sas,sql,tableau","excel,power bi,tableau","python,r,sas,sql"
Data Analyst,"python,r,sql",,"python,r,sql"
Data Analyst,"aws,docker,excel,git,python,r,spark,sql","aws,docker,excel,git,spark","python,r,sql"
Data Analyst,"api,azure,excel,python,r,sas,sql,tableau","azure,excel,tableau","python,r,sas,sql"
Data Analyst,"api,excel,python,r,sql,tableau","excel,tableau","python,r,sql"
Data Analyst,"excel,r,sql,unix",excel,"r,sql"
Data Analyst,"excel,git,r,sql","excel,git","r,sql"
Data Analyst,r,,r
Machine Learning Engineer,"aws,azure,docker,excel,gcp,kubernetes,numpy,pandas,python,pytorch,r,scala,scikit-learn,sql,tensorflow","aws,azure,docker,excel,gcp,kubernetes,numpy,pandas,pytorch,scikit-learn,tensorflow","python,r,scala,sql"
Data Analyst,r,,r
Data Analyst,"excel,r,sql,tableau","excel,tableau","r,sql"
Data Analyst,"r,shell,sql",,"r,shell,sql"
Data Analyst,"excel,r,sql",excel,"r,sql"
Data Analyst,"excel,r,sql,tableau","excel,tableau","r,sql"
Data Analyst,"excel,r,scala",excel,"r,scala"
Data Analyst,"excel,r",excel,r
Data Analyst,"excel,r",excel,r
Data Analyst,"excel,power bi,r","excel,power bi",r
Data Analyst,"git,python,r,scala,sql",git,"python,r,scala,sql"
Data Analyst,"api,python,r,sas,shiny",shiny,"python,r,sas"
Data Analyst,"power bi,r,tableau","power bi,tableau",r
Data Analyst,"excel,html,java,power bi,r,sql,tableau","excel,power bi,tableau","html,java,r,sql"
Data Analyst,"api,excel,r,scala",excel,"r,scala"
Data Analyst,r,,r
Data Analyst,"excel,r,sas,sql",excel,"r,sas,sql"
Data Analyst,"excel,power bi,r,sql","excel,power bi","r,sql"
Data Analyst,"aws,excel,r","aws,excel",r
Data Analyst,"excel,gcp,hadoop,python,r,sas,sql","excel,gcp,hadoop","python,r,sas,sql"
Data Analyst,"excel,r,sql,tableau","excel,tableau","r,sql"
Data Analyst,"power bi,r",power bi,r
Data Analyst,"excel,power bi,python,r,sas,sql,tableau","excel,power bi,tableau","python,r,sas,sql"
Data Analyst,"aws,excel,r","aws,excel",r
Data Analyst,"aws,azure,java,python,r,scala","aws,azure","java,python,r,scala"
Data Analyst,"aws,excel,git,python,r,sql,tableau","aws,excel,git,tableau","python,r,sql"
Data Analyst,"excel,r,sql,tableau","excel,tableau","r,sql"
Data Analyst,r,,r
Data Analyst,"api,r,sql",,"r,sql"
Data Analyst,"excel,python,r,scala,sql",excel,"python,r,scala,sql"
Data Analyst,"excel,r",excel,r
Data Analyst,"aws,azure,c++,docker,excel,git,hadoop,java,keras,kubernetes,matplotlib,numpy,pandas,power bi,python,pytorch,r,sas,scala,seaborn,spark,sql,tableau,tensorflow","aws,azure,docker,excel,git,hadoop,keras,kubernetes,matplotlib,numpy,pandas,power bi,pytorch,seaborn,spark,tableau,tensorflow","c++,java,python,r,sas,scala,sql"
Data Analyst,"excel,git,power bi,r,sql","excel,git,power bi","r,sql"
Data Analyst,"r,sas",,"r,sas"
Data Analyst,r,,r
Data Analyst,"api,excel,matplotlib,power bi,python,pytorch,r,scikit-learn,tableau,tensorflow","excel,matplotlib,power bi,pytorch,scikit-learn,tableau,tensorflow","python,r"
Data Analyst,"api,excel,python,r,sql,tableau","excel,tableau","python,r,sql"
Data Analyst,"aws,azure,gcp,git,java,python,r,scala,spark,sql,tableau","aws,azure,gcp,git,spark,tableau","java,python,r,scala,sql"
Data Analyst,r,,r
Data Analyst,"excel,r,sql,tableau","excel,tableau","r,sql"
Data Analyst,"api,excel,git,power bi,python,r,sql,tableau","excel,git,power bi,tableau","python,r,sql"
Data Analyst,"excel,r,sql,tableau","excel,tableau","r,sql"
Data Analyst,"python,r,sql,tableau",tableau,"python,r,sql"
Data Analyst,"excel,r,sql",excel,"r,sql"
Data Analyst,r,,r
Data Analyst,"api,aws,excel,git,power bi,python,r,sql,tableau","aws,excel,git,power bi,tableau","python,r,sql"
Data Analyst,"api,excel,hadoop,python,r,scala,spark,sql,tableau","excel,hadoop,spark,tableau","python,r,scala,sql"
Data Analyst,"api,excel,power bi,r","excel,power bi",r
Data Analyst,"git,r,sql",git,"r,sql"
Data Analyst,"aws,r",aws,r
Data Analyst,"aws,azure,python,r,sql","aws,azure","python,r,sql"
Data Analyst,r,,r
Data Analyst,"api,aws,git,hadoop,power bi,python,r,spark,sql,tableau","aws,git,hadoop,power bi,spark,tableau","python,r,sql"
Data Analyst,"excel,power bi,r,tableau","excel,power bi,tableau",r
Data Analyst,"excel,r,sql",excel,"r,sql"
Data Analyst,"api,aws,azure,docker,gcp,git,hadoop,kubernetes,python,r,spark,sql","aws,azure,docker,gcp,git,hadoop,kubernetes,spark","python,r,sql"
Data Analyst,"excel,r",excel,r
Data Analyst,"aws,excel,git,r","aws,excel,git",r
Data Analyst,"api,excel,hadoop,power bi,python,r,sas,spark,sql,tableau","excel,hadoop,power bi,spark,tableau","python,r,sas,sql"
Data Analyst,"api,power bi,r,tableau","power bi,tableau",r
Data Analyst,"java,python,r,shell,spark,sql",spark,"java,python,r,shell,sql"
Data Analyst,"excel,git,r,sql,tableau","excel,git,tableau","r,sql"
Data Analyst,"api,excel,git,java,pandas,power bi,python,r,sas,sql,tableau","excel,git,pandas,power bi,tableau","java,python,r,sas,sql"
Data Analyst,"api,excel,power bi,r","excel,power bi",r
Data Analyst,"aws,excel,r,sas,sql","aws,excel","r,sas,sql"
Data Analyst,"excel,r",excel,r
Data Analyst,"api,aws,hadoop,r,sas,sql","aws,hadoop","r,sas,sql"
Data Analyst,"aws,css,excel,html,java,linux,r","aws,excel","css,html,java,r"
Data Analyst,"api,c++,matlab,python,r",,"c++,matlab,python,r"
Data Analyst,"azure,excel,python,r,sql","azure,excel","python,r,sql"
Data Analyst,"api,excel,r,sql",excel,"r,sql"
Data Analyst,"excel,git,python,r,sas,sql,tableau","excel,git,tableau","python,r,sas,sql"
Data Analyst,"aws,excel,python,r,sql,tableau","aws,excel,tableau","python,r,sql"
Data Analyst,"api,aws,git,python,r,spark,sql","aws,git,spark","python,r,sql"
Data Analyst,"azure,excel,git,python,r,sql,tableau","azure,excel,git,tableau","python,r,sql"
Data Analyst,"r,sql",,"r,sql"
Data Analyst,"excel,python,r,sql,tableau,unix","excel,tableau","python,r,sql"
Data Analyst,"excel,r",excel,r
Data Analyst,"bash,excel,linux,python,r",excel,"bash,python,r"
Data Analyst,"excel,r",excel,r
Data Analyst,"r,sql",,"r,sql"
Data Analyst,"api,power bi,r,tableau","power bi,tableau",r
Data Analyst,"excel,r,sas,scala",excel,"r,sas,scala"
Data Analyst,"api,git,power bi,python,r,sql,tableau","git,power bi,tableau","python,r,sql"
Data Analyst,"api,excel,python,r,sql",excel,"python,r,sql"
Data Analyst,"git,python,r",git,"python,r"
Data Analyst,"excel,power bi,r,sql,tableau","excel,power bi,tableau","r,sql"
Data Analyst,"api,excel,matlab,power bi,python,r,sas,tableau","excel,power bi,tableau","matlab,python,r,sas"
Data Analyst,"api,excel,r,sql",excel,"r,sql"
Data Analyst,"aws,excel,r,sql","aws,excel","r,sql"
Data Analyst,"excel,java,json,python,r,sql,xml",excel,"java,python,r,sql"
Data Analyst,"git,r",git,r
Data Analyst,"aws,excel,r,scala,sql","aws,excel","r,scala,sql"
Data Analyst,"api,excel,r",excel,r
Data Analyst,"api,excel,power bi,r","excel,power bi",r
Data Analyst,"api,aws,azure,excel,gcp,power bi,r,scala,sql,tableau","aws,azure,excel,gcp,power bi,tableau","r,scala,sql"
Data Analyst,"azure,excel,r,sql","azure,excel","r,sql"
Data Analyst,"api,git,power bi,python,r,sas,sql","git,power bi","python,r,sas,sql"
Data Analyst,"api,excel,python,r,scala,sql",excel,"python,r,scala,sql"
Data Analyst,"power bi,r",power bi,r
Data Analyst,"angular,api,c++,css,excel,git,html,java,linux,python,r,sql","excel,git","c++,css,html,java,python,r,sql"
Data Analyst,"excel,r",excel,r
Data Analyst,"excel,r",excel,r
Data Analyst,"r,sql,tableau",tableau,"r,sql"
Data Analyst,"excel,power bi,python,r,sql,tableau","excel,power bi,tableau","python,r,sql"
Data Analyst,"r,sql",,"r,sql"
Data Analyst,"excel,git,power bi,r","excel,git,power bi",r
Data Analyst,"power bi,python,r,sql,tableau","power bi,tableau","python,r,sql"
Data Analyst,"aws,excel,r,sql,tableau","aws,excel,tableau","r,sql"
Data Analyst,"api,excel,python,r,sql,tableau","excel,tableau","python,r,sql"
Data Analyst,"excel,html,r",excel,"html,r"
Data Analyst,"excel,power bi,r,sql","excel,power bi","r,sql"
Data Analyst,"api,excel,r,sql",excel,"r,sql"
Data Analyst,"git,r,sql",git,"r,sql"
Data Analyst,"r,sql",,"r,sql"
Data Analyst,"aws,git,python,r,spark,sql","aws,git,spark","python,r,sql"
Data Analyst,"excel,r,scala,sql,tableau","excel,tableau","r,scala,sql"
Data Analyst,"excel,r",excel,r
Data Analyst,"aws,excel,python,r,sas,sql","aws,excel","python,r,sas,sql"
Data Analyst,"api,excel,java,python,r,sas,sql,tableau","excel,tableau","java,python,r,sas,sql"
Data Analyst,"excel,r",excel,r
Data Analyst,"excel,hadoop,python,r,spark,sql,tableau","excel,hadoop,spark,tableau","python,r,sql"
Data Analyst,"excel,r,sql,tableau","excel,tableau","r,sql"
Data Analyst,"r,sql,tableau",tableau,"r,sql"
Data Analyst,"api,excel,power bi,r","excel,power bi",r
Data Analyst,"r,sql,tableau",tableau,"r,sql"
Data Analyst,"excel,git,python,r,sql,tableau","excel,git,tableau","python,r,sql"
Data Analyst,"excel,git,r","excel,git",r
Data Analyst,r,,r
Data Analyst,"excel,matlab,r",excel,"matlab,r"
Data Analyst,"api,excel,power bi,r","excel,power bi",r
Data Analyst,"api,excel,python,r,sql,tableau","excel,tableau","python,r,sql"
Data Analyst,"python,r,sql",,"python,r,sql"
Data Analyst,"r,sql,tableau",tableau,"r,sql"
Data Analyst,"excel,git,python,r,sql,tableau","excel,git,tableau","python,r,sql"
Data Analyst,"excel,r",excel,r
Data Analyst,"power bi,r,sql,tableau","power bi,tableau","r,sql"
Data Analyst,"api,excel,power bi,python,r,spark,sql,tableau","excel,power bi,spark,tableau","python,r,sql"
Data Analyst,"excel,r,sql",excel,"r,sql"
Data Analyst,"excel,r",excel,r
Data Analyst,"excel,python,r",excel,"python,r"
Data Analyst,"excel,r",excel,r
Data Analyst,"aws,azure,excel,gcp,r,scala","aws,azure,excel,gcp","r,scala"
Data Analyst,"api,excel,power bi,r","excel,power bi",r
Data Analyst,"api,aws,r,tableau,unix","aws,tableau",r
Data Analyst,"aws,git,hadoop,power bi,python,r,scala,spark,sql,tableau","aws,git,hadoop,power bi,spark,tableau","python,r,scala,sql"
Data Analyst,"power bi,python,r,sas,sql",power bi,"python,r,sas,sql"
Data Analyst,"python,r,sql",,"python,r,sql"
Data Analyst,"excel,r,sql",excel,"r,sql"
Data Analyst,"azure,excel,power bi,r,sql","azure,excel,power bi","r,sql"
Data Analyst,"excel,hadoop,r,spark,sql,tableau","excel,hadoop,spark,tableau","r,sql"
Data Analyst,"git,r",git,r
Data Analyst,"excel,power bi,python,r,scala,spark,sql,tableau","excel,power bi,spark,tableau","python,r,scala,sql"
Data Analyst,"api,excel,power bi,r","excel,power bi",r
Data Analyst,"excel,r,sql",excel,"r,sql"
Data Analyst,"excel,r",excel,r
Data Analyst,"aws,gcp,python,r,sql,tableau","aws,gcp,tableau","python,r,sql"
Data Analyst,"aws,excel,git,java,power bi,python,r,sql,tableau","aws,excel,git,power bi,tableau","java,python,r,sql"
Data Analyst,"aws,azure,java,python,r,scala","aws,azure","java,python,r,scala"
Data Analyst,r,,r
Data Analyst,"api,python,r,sql",,"python,r,sql"
Data Analyst,"excel,r,tableau","excel,tableau",r
Machine Learning Engineer,"python,pytorch,r,scala,spark,tensorflow","pytorch,spark,tensorflow","python,r,scala"
Data Analyst,r,,r
Data Analyst,"aws,azure,power bi,r,sql,tableau","aws,azure,power bi,tableau","r,sql"
Data Analyst,"excel,python,r,sql",excel,"python,r,sql"
Data Analyst,"r,sas,sql",,"r,sas,sql"
Data Analyst,"aws,azure,git,python,r,sql","aws,azure,git","python,r,sql"
Data Analyst,"excel,python,r,sas,sql,tableau","excel,tableau","python,r,sas,sql"
Data Analyst,"aws,excel,html,power bi,python,r,sql,tableau","aws,excel,power bi,tableau","html,python,r,sql"
Data Analyst,"excel,r,sql",excel,"r,sql"
Data Analyst,"excel,power bi,python,r,sas,tableau","excel,power bi,tableau","python,r,sas"
Data Analyst,"api,power bi,python,r,spark,sql,tableau","power bi,spark,tableau","python,r,sql"
Data Analyst,"aws,python,r,scala,spark,sql","aws,spark","python,r,scala,sql"
Data Analyst,"python,r,sas,sql",,"python,r,sas,sql"
Data Analyst,"api,aws,git,hadoop,python,r,spark,sql,tableau","aws,git,hadoop,spark,tableau","python,r,sql"
Data Analyst,"excel,r,sql,unix",excel,"r,sql"
Data Analyst,r,,r
Data Analyst,r,,r
Data Scientist,"ggplot,hadoop,python,r,seaborn,spark,sql","ggplot,hadoop,seaborn,spark","python,r,sql"
Data Analyst,"api,excel,html,power bi,python,r,sql","excel,power bi","html,python,r,sql"
Data Analyst,"excel,power bi,r,sql,tableau","excel,power bi,tableau","r,sql"
Machine Learning Engineer,"api,aws,c++,excel,java,matlab,python,r","aws,excel","c++,java,matlab,python,r"
Data Analyst,"excel,git,r,sql","excel,git","r,sql"
Data Analyst,"excel,r",excel,r
Data Analyst,"aws,r,scala",aws,"r,scala"
Data Analyst,"excel,r,sql",excel,"r,sql"
Data Analyst,"r,sql",,"r,sql"
Data Analyst,"api,excel,git,r,sql,tableau","excel,git,tableau","r,sql"
Data Analyst,"excel,power bi,r,sql","excel,power bi","r,sql"
Data Scientist,"api,power bi,r,sql",power bi,"r,sql"
Data Scientist,"c++,java,python,r,scala,spark,sql",spark,"c++,java,python,r,scala,sql"
Data Analyst,"excel,git,r","excel,git",r
Data Scientist,"aws,azure,python,r,sql","aws,azure","python,r,sql"
Data Analyst,"bash,excel,python,r,shell,sql",excel,"bash,python,r,shell,sql"
Data Analyst,"r,sql,tableau",tableau,"r,sql"
Data Analyst,"api,azure,java,power bi,python,r,spark,tableau","azure,power bi,spark,tableau","java,python,r"
Data Analyst,"api,aws,excel,r,sql,tableau","aws,excel,tableau","r,sql"
Data Analyst,"azure,power bi,python,r,sql,unix","azure,power bi","python,r,sql"
Data Analyst,"r,sql",,"r,sql"
Data Analyst,"python,r,sql",,"python,r,sql"
Data Analyst,"excel,python,r,scala,sql,tableau","excel,tableau","python,r,scala,sql"
Data Scientist,"excel,numpy,pandas,python,pytorch,r,scikit-learn,sql,tableau,tensorflow","excel,numpy,pandas,pytorch,scikit-learn,tableau,tensorflow","python,r,sql"
Data Analyst,"aws,excel,hadoop,python,r,sql,tableau","aws,excel,hadoop,tableau","python,r,sql"
Data Analyst,"excel,r",excel,r
Data Analyst,"api,aws,azure,excel,gcp,hadoop,kubernetes,power bi,python,r,spark,sql","aws,azure,excel,gcp,hadoop,kubernetes,power bi,spark","python,r,sql"
Data Analyst,"excel,r,sql,tableau","excel,tableau","r,sql"
Data Analyst,"excel,power bi,r,scala","excel,power bi","r,scala"
Data Analyst,"api,azure,excel,python,r,sql,tableau","azure,excel,tableau","python,r,sql"
Data Analyst,"excel,r,sas",excel,"r,sas"
Machine Learning Engineer,"aws,azure,excel,pytorch,r,sas","aws,azure,excel,pytorch","r,sas"
Machine Learning Engineer,"api,python,r",,"python,r"
Data Analyst,"r,sql",,"r,sql"
Data Analyst,"excel,python,r,sas",excel,"python,r,sas"
Data Analyst,"python,r,sql,tableau",tableau,"python,r,sql"
Machine Learning Engineer,"aws,c++,java,python,pytorch,r,scala,tensorflow","aws,pytorch,tensorflow","c++,java,python,r,scala"
Data Analyst,"excel,r",excel,r
Data Analyst,"python,r",,"python,r"
Data Scientist,"api,aws,java,python,pytorch,r,spark,sql,tensorflow","aws,pytorch,spark,tensorflow","java,python,r,sql"
Data Analyst,"git,r",git,r
Data Analyst,"java,python,r,sql,tableau",tableau,"java,python,r,sql"
Data Analyst,"api,aws,excel,git,r,scala,sql","aws,excel,git","r,scala,sql"
Data Analyst,"aws,excel,git,r,sas","aws,excel,git","r,sas"
Data Analyst,"excel,html,r",excel,"html,r"
Data Analyst,"excel,power bi,r,sas,sql,tableau","excel,power bi,tableau","r,sas,sql"
Machine Learning Engineer,"aws,docker,git,java,linux,python,r,scala,spark,sql","aws,docker,git,spark","java,python,r,scala,sql"
Machine Learning Engineer,"c++,flask,python,r,vue",,"c++,python,r"
Machine Learning Engineer,"api,excel,python,r",excel,"python,r"
Machine Learning Engineer,"aws,c++,java,python,pytorch,r,scala,tensorflow","aws,pytorch,tensorflow","c++,java,python,r,scala"
Data Analyst,"r,spark,sql",spark,"r,sql"
Data Scientist,"bash,git,java,kubernetes,linux,python,pytorch,r,scala,sql","git,kubernetes,pytorch","bash,java,python,r,scala,sql"
Machine Learning Engineer,"api,r",,r
Machine Learning Engineer,"api,aws,django,docker,excel,gcp,git,kubernetes,python,r,scala","aws,docker,excel,gcp,git,kubernetes","python,r,scala"
Data Scientist,"api,python,r,sql",,"python,r,sql"
Machine Learning Engineer,"aws,c++,java,python,pytorch,r,scala,tensorflow","aws,pytorch,tensorflow","c++,java,python,r,scala"
Machine Learning Engineer,"css,html,java,r",,"css,html,java,r"
Data Scientist,"aws,azure,excel,gcp,hadoop,power bi,python,r,sas,spark,sql,tableau","aws,azure,excel,gcp,hadoop,power bi,spark,tableau","python,r,sas,sql"
Data Scientist,"aws,python,r,sas,spark","aws,spark","python,r,sas"
Machine Learning Engineer,"angular,python,r,sql",,"python,r,sql"
Machine Learning Engineer,"css,excel,html,java,r",excel,"css,html,java,r"
Data Analyst,"c++,matlab,python,r",,"c++,matlab,python,r"
Data Analyst,"aws,excel,git,python,r,sql,tableau","aws,excel,git,tableau","python,r,sql"
Data Scientist,"api,c++,excel,git,python,r","excel,git","c++,python,r"
Machine Learning Engineer,"api,c++,java,matlab,python,r,tensorflow",tensorflow,"c++,java,matlab,python,r"
Data Analyst,"aws,azure,python,r,scala,spark,sql","aws,azure,spark","python,r,scala,sql"
Machine Learning Engineer,"aws,azure,docker,excel,gcp,git,kubernetes,r,scala","aws,azure,docker,excel,gcp,git,kubernetes","r,scala"
Data Analyst,"api,excel,git,power bi,python,r,sql,tableau","excel,git,power bi,tableau","python,r,sql"
Data Analyst,"excel,power bi,python,r,sql,tableau","excel,power bi,tableau","python,r,sql"
Data Analyst,"api,azure,excel,git,power bi,python,r,sql,tableau","azure,excel,git,power bi,tableau","python,r,sql"
Data Scientist,"api,docker,kubernetes,python,r","docker,kubernetes","python,r"
Machine Learning Engineer,"aws,excel,git,hadoop,java,python,r,scala,spark,sql","aws,excel,git,hadoop,spark","java,python,r,scala,sql"
Machine Learning Engineer,"aws,azure,c++,excel,gcp,python,r","aws,azure,excel,gcp","c++,python,r"
Machine Learning Engineer,"api,python,pytorch,r,scikit-learn,tensorflow","pytorch,scikit-learn,tensorflow","python,r"
Machine Learning Engineer,"api,aws,azure,c++,excel,gcp,git,java,keras,python,pytorch,r,tensorflow","aws,azure,excel,gcp,git,keras,pytorch,tensorflow","c++,java,python,r"
Machine Learning Engineer,"api,r",,r
Data Scientist,"api,java,matlab,python,r,soap,tableau",tableau,"java,matlab,python,r"
Machine Learning Engineer,"api,r",,r
Machine Learning Engineer,"api,azure,excel,python,r,sas,sql","azure,excel","python,r,sas,sql"
Machine Learning Engineer,r,,r
Data Analyst,"excel,power bi,python,r,sql,tableau","excel,power bi,tableau","python,r,sql"
Machine Learning Engineer,"aws,excel,linux,python,pytorch,r,scikit-learn,tensorflow","aws,excel,pytorch,scikit-learn,tensorflow","python,r"
Machine Learning Engineer,"docker,numpy,pandas,python,pytorch,r,sql,tensorflow","docker,numpy,pandas,pytorch,tensorflow","python,r,sql"
Machine Learning Engineer,"aws,excel,linux,python,pytorch,r,scikit-learn,tensorflow","aws,excel,pytorch,scikit-learn,tensorflow","python,r"
Machine Learning Engineer,"aws,r,spark","aws,spark",r
Machine Learning Engineer,r,,r
Machine Learning Engineer,r,,r
Machine Learning Engineer,r,,r
Machine Learning Engineer,r,,r
Machine Learning Engineer,"aws,r",aws,r
Data Scientist,"api,r",,r
Machine Learning Engineer,"azure,c++,git,hadoop,python,r,scala,spark,sql","azure,git,hadoop,spark","c++,python,r,scala,sql"
Machine Learning Engineer,"c++,excel,git,python,r","excel,git","c++,python,r"
Machine Learning Engineer,"api,bash,hadoop,java,json,kubernetes,python,r,spark,unix,xml","hadoop,kubernetes,spark","bash,java,python,r"
Data Scientist,"bash,docker,excel,hadoop,java,kubernetes,python,r,spark","docker,excel,hadoop,kubernetes,spark","bash,java,python,r"
Machine Learning Engineer,"c++,docker,git,hadoop,java,kubernetes,linux,python,r,scala,spark,sql,unix","docker,git,hadoop,kubernetes,spark","c++,java,python,r,scala,sql"
Machine Learning Engineer,"api,azure,python,pytorch,r,sql","azure,pytorch","python,r,sql"
Machine Learning Engineer,"aws,excel,git,keras,numpy,python,pytorch,r,sas,scikit-learn,tensorflow","aws,excel,git,keras,numpy,pytorch,scikit-learn,tensorflow","python,r,sas"
Data Scientist,"api,aws,azure,python,pytorch,r,tensorflow","aws,azure,pytorch,tensorflow","python,r"
Machine Learning Engineer,"aws,azure,excel,gcp,python,pytorch,r,scikit-learn,tensorflow","aws,azure,excel,gcp,pytorch,scikit-learn,tensorflow","python,r"
Data Analyst,"excel,git,python,r,sql","excel,git","python,r,sql"
Machine Learning Engineer,"api,azure,r",azure,r
Machine Learning Engineer,"excel,r",excel,r
Data Analyst,"azure,excel,power bi,r,sql","azure,excel,power bi","r,sql"
Data Scientist,"aws,docker,git,java,python,r,scala,spark","aws,docker,git,spark","java,python,r,scala"
Data Scientist,"api,aws,excel,r,sas,scala,sql","aws,excel","r,sas,scala,sql"
Machine Learning Engineer,r,,r
Machine Learning Engineer,r,,r
Machine Learning Engineer,r,,r
Data Scientist,"aws,python,r,sas",aws,"python,r,sas"
Data Scientist,"aws,excel,hadoop,r,tableau","aws,excel,hadoop,tableau",r
Data Analyst,"r,sql",,"r,sql"
Data Analyst,"excel,r,sas,sql",excel,"r,sas,sql"
Data Analyst,"r,sql",,"r,sql"
Data Scientist,"aws,azure,bash,c++,excel,git,java,keras,linux,matlab,matplotlib,numpy,pandas,python,r,scikit-learn,scipy,sql,tensorflow","aws,azure,excel,git,keras,matplotlib,numpy,pandas,scikit-learn,scipy,tensorflow","bash,c++,java,matlab,python,r,sql"
Data Analyst,"python,r,sql,tableau",tableau,"python,r,sql"
Data Analyst,"excel,power bi,python,r,sql,tableau","excel,power bi,tableau","python,r,sql"
Machine Learning Engineer,"excel,r",excel,r
Data Analyst,"excel,git,python,r,sql","excel,git","python,r,sql"
Data Analyst,"excel,r",excel,r
Data Analyst,"excel,power bi,r,sas,sql","excel,power bi","r,sas,sql"
Machine Learning Engineer,"api,aws,r",aws,r
Data Analyst,"excel,r",excel,r
Machine Learning Engineer,"api,python,pytorch,r,tensorflow","pytorch,tensorflow","python,r"
Data Analyst,"excel,java,r,sas,scala,xml",excel,"java,r,sas,scala"
Data Scientist,"c++,git,python,r,sql",git,"c++,python,r,sql"
Machine Learning Engineer,"aws,excel,r,scala","aws,excel","r,scala"
Machine Learning Engineer,"git,python,r,sql",git,"python,r,sql"
Data Analyst,"excel,r,sql",excel,"r,sql"
Machine Learning Engineer,"api,docker,excel,hadoop,java,kubernetes,python,pytorch,r,scala,scikit-learn,spark,tensorflow","docker,excel,hadoop,kubernetes,pytorch,scikit-learn,spark,tensorflow","java,python,r,scala"
Data Analyst,"excel,fastapi,java,pandas,python,r,sql,vue","excel,pandas","java,python,r,sql"
Data Scientist,"excel,python,r",excel,"python,r"
Machine Learning Engineer,"c++,excel,numpy,python,pytorch,r,scala,scikit-learn,tensorflow","excel,numpy,pytorch,scikit-learn,tensorflow","c++,python,r,scala"
Machine Learning Engineer,"aws,azure,docker,excel,hadoop,keras,kubernetes,python,r,scala,spark,sql,tensorflow","aws,azure,docker,excel,hadoop,keras,kubernetes,spark,tensorflow","python,r,scala,sql"
Machine Learning Engineer,"api,r",,r
Machine Learning Engineer,"c++,python,r,scala",,"c++,python,r,scala"
Machine Learning Engineer,"c++,python,r,scala",,"c++,python,r,scala"
Machine Learning Engineer,"api,aws,azure,java,python,pytorch,r,scala,scikit-learn,spark,tensorflow","aws,azure,pytorch,scikit-learn,spark,tensorflow","java,python,r,scala"
Machine Learning Engineer,"aws,azure,docker,excel,gcp,kubernetes,numpy,pandas,python,pytorch,r,scala,scikit-learn,sql,tensorflow","aws,azure,docker,excel,gcp,kubernetes,numpy,pandas,pytorch,scikit-learn,tensorflow","python,r,scala,sql"
Data Scientist,"aws,excel,git,python,r","aws,excel,git","python,r"
Machine Learning Engineer,"api,c++,excel,git,matlab,python,r","excel,git","c++,matlab,python,r"
Machine Learning Engineer,"api,c++,excel,git,matlab,python,r","excel,git","c++,matlab,python,r"
Machine Learning Engineer,"aws,bash,docker,git,java,kubernetes,python,r,scala,unix","aws,docker,git,kubernetes","bash,java,python,r,scala"
Machine Learning Engineer,"keras,pandas,python,pytorch,r,tensorflow","keras,pandas,pytorch,tensorflow","python,r"
Data Scientist,"aws,azure,ggplot,git,julia,keras,matplotlib,python,pytorch,r,sas,scala,shiny,spark,sql,tableau,tensorflow","aws,azure,ggplot,git,keras,matplotlib,pytorch,shiny,spark,tableau,tensorflow","julia,python,r,sas,scala,sql"
Machine Learning Engineer,"c++,excel,python,pytorch,r,tensorflow","excel,pytorch,tensorflow","c++,python,r"
Machine Learning Engineer,"excel,python,pytorch,r,sql,tensorflow","excel,pytorch,tensorflow","python,r,sql"
Machine Learning Engineer,"api,aws,java,python,pytorch,r,scala,scikit-learn,spark,tensorflow","aws,pytorch,scikit-learn,spark,tensorflow","java,python,r,scala"
Machine Learning Engineer,"aws,azure,excel,hadoop,java,python,pytorch,r,scala,spark,sql,tensorflow","aws,azure,excel,hadoop,pytorch,spark,tensorflow","java,python,r,scala,sql"
Machine Learning Engineer,"excel,pytorch,r,tensorflow","excel,pytorch,tensorflow",r
Machine Learning Engineer,"c++,java,python,r,spark",spark,"c++,java,python,r"
Machine Learning Engineer,"aws,gcp,java,python,r","aws,gcp","java,python,r"
Machine Learning Engineer,r,,r
Machine Learning Engineer,"api,aws,django,docker,excel,gcp,git,kubernetes,python,r,scala","aws,docker,excel,gcp,git,kubernetes","python,r,scala"
Data Analyst,"excel,r,sas,sql,tableau","excel,tableau","r,sas,sql"
Data Analyst,"r,sql",,"r,sql"
Machine Learning Engineer,"api,excel,r",excel,r
Machine Learning Engineer,"excel,r",excel,r
Data Analyst,"excel,power bi,r,tableau","excel,power bi,tableau",r
Machine Learning Engineer,"excel,r",excel,r
Data Analyst,"excel,r",excel,r
Data Analyst,"python,r,sql",,"python,r,sql"
Data Analyst,"r,sql",,"r,sql"
Data Analyst,"excel,r",excel,r
Data Analyst,"excel,python,r,sql",excel,"python,r,sql"
Machine Learning Engineer,r,,r
Data Analyst,"aws,excel,power bi,python,r,sql,tableau","aws,excel,power bi,tableau","python,r,sql"
Data Analyst,"excel,power bi,python,r,sas,sql,tableau","excel,power bi,tableau","python,r,sas,sql"
Data Analyst,"excel,r",excel,r
Data Analyst,"python,r,spark,sql,tableau","spark,tableau","python,r,sql"
Data Analyst,"aws,python,r,sql,tableau","aws,tableau","python,r,sql"
Data Analyst,"aws,python,r,scala,sql,tableau","aws,tableau","python,r,scala,sql"
Machine Learning Engineer,"api,excel,r",excel,r
Data Analyst,"excel,power bi,python,r,sql,tableau","excel,power bi,tableau","python,r,sql"
Data Analyst,"aws,excel,power bi,python,r,scala,spark,sql,tableau","aws,excel,power bi,spark,tableau","python,r,scala,sql"
Data Analyst,"aws,excel,python,r,sas,sql,tableau","aws,excel,tableau","python,r,sas,sql"
Data Analyst,"excel,power bi,python,r,sql,tableau","excel,power bi,tableau","python,r,sql"
Data Analyst,"excel,power bi,python,r,sql,tableau","excel,power bi,tableau","python,r,sql"
Data Analyst,"excel,power bi,r,sql","excel,power bi","r,sql"
Data Analyst,"excel,power bi,python,r,sql,tableau","excel,power bi,tableau","python,r,sql"
Data Scientist,"aws,excel,python,r,sql,tableau","aws,excel,tableau","python,r,sql"
Data Analyst,"api,r",,r
Data Analyst,"aws,excel,r","aws,excel",r
Data Analyst,"api,excel,hadoop,python,r,scala,spark,sql,tableau","excel,hadoop,spark,tableau","python,r,scala,sql"
Data Analyst,"excel,java,r,sas,sql,xml",excel,"java,r,sas,sql"
Data Analyst,"r,sql",,"r,sql"
Data Analyst,"excel,power bi,python,r,sql,tableau","excel,power bi,tableau","python,r,sql"
Data Analyst,"aws,excel,html,power bi,python,r,sql,tableau","aws,excel,power bi,tableau","html,python,r,sql"
Machine Learning Engineer,"git,matlab,python,pytorch,r,tensorflow","git,pytorch,tensorflow","matlab,python,r"
Machine Learning Engineer,"api,excel,r",excel,r
Data Analyst,"aws,excel,power bi,python,r,sas,sql,tableau","aws,excel,power bi,tableau","python,r,sas,sql"
Data Analyst,"api,python,r,sql",,"python,r,sql"
Data Analyst,"aws,python,r,sql,tableau","aws,tableau","python,r,sql"
Data Analyst,"api,azure,excel,python,r,sql,tableau","azure,excel,tableau","python,r,sql"
Data Analyst,"aws,azure,c++,excel,gcp,java,power bi,python,r,scala,sql","aws,azure,excel,gcp,power bi","c++,java,python,r,scala,sql"
Data Analyst,"excel,power bi,python,r,sql,tableau","excel,power bi,tableau","python,r,sql"
Machine Learning Engineer,"api,c++,python,pytorch,r,scala,tensorflow","pytorch,tensorflow","c++,python,r,scala"
Data Analyst,"api,excel,git,java,python,r,sas,sql,tableau,xml","excel,git,tableau","java,python,r,sas,sql"
Data Analyst,"excel,power bi,python,r,sql,tableau","excel,power bi,tableau","python,r,sql"
Data Analyst,"azure,r,sql",azure,"r,sql"
Data Analyst,"excel,power bi,python,r,sql,tableau","excel,power bi,tableau","python,r,sql"
Machine Learning Engineer,"git,python,pytorch,r,scikit-learn,scipy","git,pytorch,scikit-learn,scipy","python,r"
Data Analyst,"excel,power bi,python,r,sql,tableau","excel,power bi,tableau","python,r,sql"
Data Analyst,"api,python,r,scala,sql",,"python,r,scala,sql"
Machine Learning Engineer,"aws,gcp,java,python,r","aws,gcp","java,python,r"
Machine Learning Engineer,"aws,azure,docker,excel,gcp,git,kubernetes,r,scala","aws,azure,docker,excel,gcp,git,kubernetes","r,scala"
Data Scientist,"aws,python,r,scala,sql",aws,"python,r,scala,sql"
Data Analyst,"excel,power bi,python,r,sql,tableau","excel,power bi,tableau","python,r,sql"
Data Analyst,"excel,power bi,python,r,sql,tableau","excel,power bi,tableau","python,r,sql"
Data Analyst,"excel,power bi,python,r,sql,tableau","excel,power bi,tableau","python,r,sql"
Data Analyst,"excel,power bi,python,r,sql,tableau","excel,power bi,tableau","python,r,sql"
Data Analyst,"excel,power bi,python,r,sql,tableau","excel,power bi,tableau","python,r,sql"
Data Analyst,"excel,power bi,python,r,sql,tableau","excel,power bi,tableau","python,r,sql"
Data Analyst,"excel,r,scala,tableau","excel,tableau","r,scala"
Machine Learning Engineer,r,,r
Data Analyst,"excel,power bi,python,r,sql,tableau","excel,power bi,tableau","python,r,sql"
Data Scientist,"excel,git,hadoop,python,r,spark,sql","excel,git,hadoop,spark","python,r,sql"
Machine Learning Engineer,r,,r
Data Analyst,"aws,excel,r,sas,sql","aws,excel","r,sas,sql"
Data Analyst,"aws,excel,r","aws,excel",r
Data Scientist,"excel,java,python,r,sas,scala,sql",excel,"java,python,r,sas,scala,sql"
Machine Learning Engineer,"angular,api,docker,flask,kubernetes,python,r","docker,kubernetes","python,r"
Machine Learning Engineer,"aws,azure,excel,gcp,python,pytorch,r,scikit-learn,tensorflow","aws,azure,excel,gcp,pytorch,scikit-learn,tensorflow","python,r"
Data Analyst,"api,excel,gcp,matplotlib,python,r,seaborn,sql","excel,gcp,matplotlib,seaborn","python,r,sql"
Machine Learning Engineer,"c++,excel,python,pytorch,r,tensorflow","excel,pytorch,tensorflow","c++,python,r"
Machine Learning Engineer,"c++,python,r,scala",,"c++,python,r,scala"
Data Analyst,"excel,power bi,r,sql,tableau","excel,power bi,tableau","r,sql"
Machine Learning Engineer,"aws,java,python,r",aws,"java,python,r"
Data Analyst,"excel,python,r,sas,scala,sql",excel,"python,r,sas,scala,sql"
Machine Learning Engineer,"c++,excel,python,r",excel,"c++,python,r"
Data Scientist,"aws,azure,gcp,git,hadoop,python,r,sql,tableau","aws,azure,gcp,git,hadoop,tableau","python,r,sql"
Data Scientist,"aws,azure,docker,excel,kubernetes,python,r,sql","aws,azure,docker,excel,kubernetes","python,r,sql"
Data Analyst,"azure,excel,power bi,python,r,sas,sql","azure,excel,power bi","python,r,sas,sql"
Machine Learning Engineer,"c++,excel,python,r",excel,"c++,python,r"
Data Analyst,"excel,linux,python,r,scala,sql,tableau","excel,tableau","python,r,scala,sql"
Data Analyst,"excel,r,sql",excel,"r,sql"
Machine Learning Engineer,"api,java,keras,python,pytorch,r","keras,pytorch","java,python,r"
Data Analyst,"excel,gcp,r,sql","excel,gcp","r,sql"
Data Analyst,"api,r,sql,tableau",tableau,"r,sql"
Machine Learning Engineer,"excel,r",excel,r
Machine Learning Engineer,"api,aws,excel,git,r","aws,excel,git",r
Data Analyst,r,,r
Data Analyst,"git,r",git,r
Data Analyst,"azure,excel,power bi,r,sql,tableau","azure,excel,power bi,tableau","r,sql"
Machine Learning Engineer,"api,aws,excel,r","aws,excel",r
Machine Learning Engineer,"excel,r",excel,r
Data Analyst,"api,excel,r",excel,r
Machine Learning Engineer,"api,pytorch,r,tensorflow","pytorch,tensorflow",r
Data Analyst,"django,excel,python,r,scala,sql",excel,"python,r,scala,sql"
Data Scientist,r,,r
Data Scientist,"aws,azure,bash,keras,linux,python,pytorch,r,tensorflow","aws,azure,keras,pytorch,tensorflow","bash,python,r"
Data Analyst,"api,azure,power bi,r,sql,tableau","azure,power bi,tableau","r,sql"
Data Analyst,"azure,excel,power bi,r,sas,sql","azure,excel,power bi","r,sas,sql"
Machine Learning Engineer,"api,c++,keras,linux,matlab,python,pytorch,r,sas,scala,tensorflow","keras,pytorch,tensorflow","c++,matlab,python,r,sas,scala"
Machine Learning Engineer,"api,aws,azure,java,python,pytorch,r,scala,scikit-learn,spark,tensorflow","aws,azure,pytorch,scikit-learn,spark,tensorflow","java,python,r,scala"
Data Analyst,"git,power bi,python,r,sql","git,power bi","python,r,sql"
Machine Learning Engineer,"api,r",,r
Machine Learning Engineer,"api,aws,excel,gcp,hadoop,python,r,sas,spark,tensorflow","aws,excel,gcp,hadoop,spark,tensorflow","python,r,sas"
Machine Learning Engineer,r,,r
Machine Learning Engineer,"api,excel,git,java,keras,linux,pandas,python,r,sas,scikit-learn,sql,tensorflow","excel,git,keras,pandas,scikit-learn,tensorflow","java,python,r,sas,sql"
Machine Learning Engineer,"api,docker,excel,kubernetes,python,pytorch,r,scala,tensorflow","docker,excel,kubernetes,pytorch,tensorflow","python,r,scala"
Data Analyst,"api,r",,r
Data Analyst,"gcp,power bi,python,r,scala,spark,sql,tableau","gcp,power bi,spark,tableau","python,r,scala,sql"
Machine Learning Engineer,"aws,azure,docker,excel,gcp,kubernetes,linux,python,pytorch,r,sql","aws,azure,docker,excel,gcp,kubernetes,pytorch","python,r,sql"
Machine Learning Engineer,"api,aws,azure,excel,gcp,numpy,pandas,python,r,tensorflow","aws,azure,excel,gcp,numpy,pandas,tensorflow","python,r"
Data Scientist,"api,git,hadoop,java,linux,python,r,spark,sql,tensorflow","git,hadoop,spark,tensorflow","java,python,r,sql"
Data Analyst,"api,excel,python,r,sql,tableau","excel,tableau","python,r,sql"
Data Analyst,"excel,power bi,python,r,sql,tableau","excel,power bi,tableau","python,r,sql"
Data Analyst,"aws,r",aws,r
Machine Learning Engineer,"angular,api,aws,docker,excel,flask,java,kubernetes,python,pytorch,r,scikit-learn,tensorflow","aws,docker,excel,kubernetes,pytorch,scikit-learn,tensorflow","java,python,r"
Machine Learning Engineer,"api,aws,azure,excel,gcp,numpy,pandas,python,r,tensorflow","aws,azure,excel,gcp,numpy,pandas,tensorflow","python,r"
Data Analyst,"excel,power bi,python,r,sql,tableau","excel,power bi,tableau","python,r,sql"
Data Scientist,"aws,docker,excel,git,keras,kubernetes,python,pytorch,r,tensorflow","aws,docker,excel,git,keras,kubernetes,pytorch,tensorflow","python,r"
Machine Learning Engineer,"docker,git,kubernetes,python,r","docker,git,kubernetes","python,r"
Data Analyst,"excel,r",excel,r
Data Scientist,"api,git,r,sql",git,"r,sql"
Data Scientist,"aws,azure,excel,hadoop,matlab,power bi,python,r,spark,tableau","aws,azure,excel,hadoop,power bi,spark,tableau","matlab,python,r"
Machine Learning Engineer,"excel,r",excel,r
Machine Learning Engineer,"excel,r",excel,r
Machine Learning Engineer,r,,r
Machine Learning Engineer,"aws,r",aws,r
Data Analyst,"excel,r,sql",excel,"r,sql"
Machine Learning Engineer,"api,bash,hadoop,linux,python,r,scala,spark,sql","hadoop,spark","bash,python,r,scala,sql"
Machine Learning Engineer,"api,aws,azure,fastapi,flask,git,power bi,python,r,sql,tensorflow,unix","aws,azure,git,power bi,tensorflow","python,r,sql"
Machine Learning Engineer,"api,r",,r
Machine Learning Engineer,"api,docker,excel,hadoop,java,kubernetes,python,pytorch,r,scala,scikit-learn,spark,tensorflow","docker,excel,hadoop,kubernetes,pytorch,scikit-learn,spark,tensorflow","java,python,r,scala"
Machine Learning Engineer,"api,aws,azure,c++,git,keras,linux,numpy,pandas,python,pytorch,r,tensorflow,unix","aws,azure,git,keras,numpy,pandas,pytorch,tensorflow","c++,python,r"
Machine Learning Engineer,"api,pytorch,r,tensorflow","pytorch,tensorflow",r
Machine Learning Engineer,r,,r
Data Scientist,"api,aws,hadoop,java,python,r,scala,sql","aws,hadoop","java,python,r,scala,sql"
Machine Learning Engineer,r,,r
Machine Learning Engineer,r,,r
Machine Learning Engineer,"excel,r",excel,r
Machine Learning Engineer,r,,r
Machine Learning Engineer,r,,r
Machine Learning Engineer,r,,r
Machine Learning Engineer,r,,r
Data Scientist,"python,r,sql",,"python,r,sql"
Machine Learning Engineer,"python,pytorch,r,scala,tensorflow","pytorch,tensorflow","python,r,scala"
Data Scientist,"api,python,pytorch,r,tensorflow","pytorch,tensorflow","python,r"
Machine Learning Engineer,r,,r
Machine Learning Engineer,"aws,c++,git,java,linux,python,pytorch,r,scala,scikit-learn,shell,spark,sql,tensorflow","aws,git,pytorch,scikit-learn,spark,tensorflow","c++,java,python,r,scala,shell,sql"
Machine Learning Engineer,"excel,r",excel,r
Machine Learning Engineer,"azure,docker,excel,keras,kubernetes,linux,python,r,scala,spark,tensorflow,unix","azure,docker,excel,keras,kubernetes,spark,tensorflow","python,r,scala"
Data Scientist,"git,hadoop,java,matlab,numpy,python,r,spark,tableau","git,hadoop,numpy,spark,tableau","java,matlab,python,r"
Data Scientist,"api,aws,git,hadoop,python,r,sql","aws,git,hadoop","python,r,sql"
Machine Learning Engineer,"api,aws,azure,gcp,git,java,kubernetes,python,pytorch,r,scala,tensorflow","aws,azure,gcp,git,kubernetes,pytorch,tensorflow","java,python,r,scala"
Machine Learning Engineer,"c++,excel,git,python,pytorch,r,tensorflow","excel,git,pytorch,tensorflow","c++,python,r"
Machine Learning Engineer,"api,aws,git,matlab,numpy,pandas,python,r,scikit-learn,sql,tensorflow","aws,git,numpy,pandas,scikit-learn,tensorflow","matlab,python,r,sql"
Data Scientist,"api,python,r,sql",,"python,r,sql"
Machine Learning Engineer,"api,aws,azure,excel,gcp,numpy,pandas,python,r,tensorflow","aws,azure,excel,gcp,numpy,pandas,tensorflow","python,r"
Machine Learning Engineer,"api,docker,excel,hadoop,java,kubernetes,python,pytorch,r,scala,scikit-learn,spark,tensorflow","docker,excel,hadoop,kubernetes,pytorch,scikit-learn,spark,tensorflow","java,python,r,scala"
Machine Learning Engineer,"excel,r",excel,r
Machine Learning Engineer,"excel,r",excel,r
Data Scientist,"excel,git,python,r,scala,spark,sql","excel,git,spark","python,r,scala,sql"
Data Scientist,"python,r,sql",,"python,r,sql"
Data Scientist,"aws,docker,excel,python,r,sas,spark,tableau","aws,docker,excel,spark,tableau","python,r,sas"
Data Scientist,"aws,python,r,sql,tableau","aws,tableau","python,r,sql"
Machine Learning Engineer,r,,r
Data Scientist,"aws,azure,docker,excel,gcp,kubernetes,python,r,spark,sql","aws,azure,docker,excel,gcp,kubernetes,spark","python,r,sql"
Data Scientist,"api,python,r,scala,spark,sql",spark,"python,r,scala,sql"
Data Scientist,"aws,c++,excel,git,julia,python,r,scala,spark,sql","aws,excel,git,spark","c++,julia,python,r,scala,sql"
Machine Learning Engineer,r,,r
Machine Learning Engineer,"excel,r",excel,r
Data Scientist,"aws,azure,excel,hadoop,java,matlab,power bi,python,r,sas,spark,sql,tableau","aws,azure,excel,hadoop,power bi,spark,tableau","java,matlab,python,r,sas,sql"
Machine Learning Engineer,"git,r",git,r
Machine Learning Engineer,"excel,r",excel,r
Data Scientist,"python,r",,"python,r"
Data Scientist,"api,aws,python,pytorch,r,tensorflow","aws,pytorch,tensorflow","python,r"
Machine Learning Engineer,"aws,c++,git,java,linux,python,pytorch,r,scala,scikit-learn,shell,spark,sql,tensorflow","aws,git,pytorch,scikit-learn,spark,tensorflow","c++,java,python,r,scala,shell,sql"
Machine Learning Engineer,"aws,azure,excel,git,hadoop,julia,python,r,scala,spark,sql","aws,azure,excel,git,hadoop,spark","julia,python,r,scala,sql"
Machine Learning Engineer,"excel,r",excel,r
Data Analyst,"excel,power bi,r,sql","excel,power bi","r,sql"
Machine Learning Engineer,"api,aws,bash,c++,docker,excel,git,java,kubernetes,linux,python,r,sql","aws,docker,excel,git,kubernetes","bash,c++,java,python,r,sql"
Data Analyst,"python,r,sas,sql,tableau",tableau,"python,r,sas,sql"
Machine Learning Engineer,r,,r
Machine Learning Engineer,r,,r
Machine Learning Engineer,r,,r
Machine Learning Engineer,r,,r
Data Scientist,"api,excel,python,r,sql",excel,"python,r,sql"
Machine Learning Engineer,r,,r
Machine Learning Engineer,"aws,r",aws,r
Data Scientist,"api,aws,azure,docker,excel,kubernetes,python,pytorch,r,sql,tensorflow","aws,azure,docker,excel,kubernetes,pytorch,tensorflow","python,r,sql"
Machine Learning Engineer,"api,aws,azure,java,python,pytorch,r,scala,scikit-learn,spark,tensorflow","aws,azure,pytorch,scikit-learn,spark,tensorflow","java,python,r,scala"
Machine Learning Engineer,"aws,azure,c++,docker,gcp,kubernetes,python,pytorch,r,tensorflow","aws,azure,docker,gcp,kubernetes,pytorch,tensorflow","c++,python,r"
Machine Learning Engineer,r,,r
Machine Learning Engineer,"aws,docker,git,python,pytorch,r,tensorflow","aws,docker,git,pytorch,tensorflow","python,r"
Machine Learning Engineer,"api,c++,excel,keras,python,pytorch,r,scikit-learn,spark,sql,tensorflow","excel,keras,pytorch,scikit-learn,spark,tensorflow","c++,python,r,sql"
Machine Learning Engineer,"api,aws,java,r,scala",aws,"java,r,scala"
Machine Learning Engineer,r,,r
Machine Learning Engineer,"api,git,graphql,hadoop,java,python,pytorch,r,spark,sql,tensorflow","git,hadoop,pytorch,spark,tensorflow","java,python,r,sql"
Machine Learning Engineer,"excel,r",excel,r
Machine Learning Engineer,"excel,r",excel,r
Machine Learning Engineer,"excel,r",excel,r
Machine Learning Engineer,"excel,r",excel,r
Data Analyst,"excel,git,power bi,r,sql,tableau","excel,git,power bi,tableau","r,sql"
Machine Learning Engineer,r,,r
Data Analyst,"excel,power bi,r,sql,tableau","excel,power bi,tableau","r,sql"
Machine Learning Engineer,"c++,excel,git,java,matlab,python,r","excel,git","c++,java,matlab,python,r"
Machine Learning Engineer,r,,r
Machine Learning Engineer,r,,r
Machine Learning Engineer,r,,r
Machine Learning Engineer,"aws,python,r",aws,"python,r"
Machine Learning Engineer,"c++,git,python,r",git,"c++,python,r"
Data Scientist,"aws,c++,excel,ggplot,git,hadoop,java,matplotlib,python,r,scala,spark,sql,tableau,tensorflow","aws,excel,ggplot,git,hadoop,matplotlib,spark,tableau,tensorflow","c++,java,python,r,scala,sql"
Machine Learning Engineer,"pytorch,r",pytorch,r
Machine Learning Engineer,"java,json,r,xml",,"java,r"
Machine Learning Engineer,r,,r
Machine Learning Engineer,"c++,matlab,pandas,python,pytorch,r","pandas,pytorch","c++,matlab,python,r"
Machine Learning Engineer,r,,r
Data Scientist,"aws,excel,power bi,python,r,sql,tableau,tensorflow","aws,excel,power bi,tableau,tensorflow","python,r,sql"
Machine Learning Engineer,"aws,c++,docker,git,hadoop,kubernetes,numpy,pandas,python,pytorch,r,scala,scikit-learn,scipy,spark,tensorflow","aws,docker,git,hadoop,kubernetes,numpy,pandas,pytorch,scikit-learn,scipy,spark,tensorflow","c++,python,r,scala"
Data Analyst,"excel,power bi,r,sql,tableau","excel,power bi,tableau","r,sql"
Data Analyst,"excel,r",excel,r
Machine Learning Engineer,"aws,excel,r","aws,excel",r
Machine Learning Engineer,"excel,r",excel,r
Machine Learning Engineer,"excel,r",excel,r
Data Scientist,"matlab,python,r",,"matlab,python,r"
Machine Learning Engineer,r,,r
Machine Learning Engineer,"excel,r",excel,r
Machine Learning Engineer,"excel,r",excel,r
Machine Learning Engineer,"excel,r,scala",excel,"r,scala"
Data Analyst,"api,excel,r",excel,r
Data Analyst,"api,excel,git,java,pandas,power bi,python,r,sas,sql,tableau","excel,git,pandas,power bi,tableau","java,python,r,sas,sql"
Data Analyst,"api,aws,excel,r,sql,tableau","aws,excel,tableau","r,sql"
Data Scientist,"excel,python,r,scala,sql,tableau","excel,tableau","python,r,scala,sql"
Data Analyst,"api,excel,python,r,sql,tableau","excel,tableau","python,r,sql"
Data Analyst,"excel,power bi,python,r,scala,spark,sql,tableau","excel,power bi,spark,tableau","python,r,scala,sql"
Data Analyst,"power bi,python,r,tableau","power bi,tableau","python,r"
Data Analyst,"excel,power bi,r,sql","excel,power bi","r,sql"
Data Analyst,"r,sql",,"r,sql"
Data Analyst,"python,r,sql",,"python,r,sql"
Data Analyst,"api,excel,git,json,pandas,python,r,sql","excel,git,pandas","python,r,sql"
Data Analyst,"excel,git,power bi,python,r,sql,tableau","excel,git,power bi,tableau","python,r,sql"
Data Analyst,"azure,excel,power bi,python,r,sql","azure,excel,power bi","python,r,sql"
Data Analyst,"gcp,power bi,python,r,scala,spark,sql,tableau","gcp,power bi,spark,tableau","python,r,scala,sql"
Data Analyst,"excel,r,scala,sql",excel,"r,scala,sql"
Data Analyst,"api,r,sql",,"r,sql"
Data Analyst,"excel,git,hadoop,keras,numpy,python,pytorch,r,scikit-learn,scipy,spark,sql,tableau,tensorflow","excel,git,hadoop,keras,numpy,pytorch,scikit-learn,scipy,spark,tableau,tensorflow","python,r,sql"
Machine Learning Engineer,"api,docker,excel,kubernetes,python,pytorch,r,scala,tensorflow","docker,excel,kubernetes,pytorch,tensorflow","python,r,scala"
Data Analyst,"azure,r,sql",azure,"r,sql"
Data Analyst,"python,r,scala,sql",,"python,r,scala,sql"
Data Analyst,"excel,power bi,r","excel,power bi",r
Data Analyst,"excel,power bi,r,tableau","excel,power bi,tableau",r
Data Analyst,r,,r
Machine Learning Engineer,"excel,r",excel,r
Data Analyst,"excel,r,scala",excel,"r,scala"
Machine Learning Engineer,r,,r
Machine Learning Engineer,"api,aws,git,r","aws,git",r
Machine Learning Engineer,r,,r
Machine Learning Engineer,"api,aws,git,r","aws,git",r
Machine Learning Engineer,"api,docker,excel,kubernetes,python,pytorch,r,scala,tensorflow","docker,excel,kubernetes,pytorch,tensorflow","python,r,scala"
Machine Learning Engineer,"api,git,r",git,r
Machine Learning Engineer,r,,r
Machine Learning Engineer,"api,aws,r",aws,r
Machine Learning Engineer,"aws,r",aws,r
Machine Learning Engineer,"c++,python,r,scala",,"c++,python,r,scala"
Data Scientist,"api,azure,gcp,git,python,r,sql","azure,gcp,git","python,r,sql"
Machine Learning Engineer,"aws,azure,docker,gcp,hadoop,kubernetes,python,pytorch,r,scala,spark,tensorflow","aws,azure,docker,gcp,hadoop,kubernetes,pytorch,spark,tensorflow","python,r,scala"
Machine Learning Engineer,"docker,kubernetes,python,pytorch,r,scala,spark","docker,kubernetes,pytorch,spark","python,r,scala"
Data Scientist,"aws,azure,python,r,spark,sql","aws,azure,spark","python,r,sql"
Data Scientist,"c++,excel,gcp,git,java,python,pytorch,r,scikit-learn,tensorflow","excel,gcp,git,pytorch,scikit-learn,tensorflow","c++,java,python,r"
Data Scientist,"azure,excel,python,r,spark,sql","azure,excel,spark","python,r,sql"
Data Scientist,"aws,r",aws,r
Data Scientist,"python,r,sql",,"python,r,sql"
Data Scientist,"excel,python,r",excel,"python,r"
Data Scientist,"docker,excel,git,python,r,sql,unix","docker,excel,git","python,r,sql"
Data Scientist,"aws,azure,docker,git,hadoop,kubernetes,power bi,python,r,scikit-learn,spark,tableau,tensorflow","aws,azure,docker,git,hadoop,kubernetes,power bi,scikit-learn,spark,tableau,tensorflow","python,r"
Machine Learning Engineer,"python,r",,"python,r"
Data Scientist,"api,aws,docker,gcp,java,kubernetes,numpy,pandas,python,pytorch,r,tensorflow","aws,docker,gcp,kubernetes,numpy,pandas,pytorch,tensorflow","java,python,r"
Data Scientist,"api,git,pandas,python,pytorch,r,scala,scikit-learn,spark,tensorflow","git,pandas,pytorch,scikit-learn,spark,tensorflow","python,r,scala"
Data Scientist,"aws,git,python,r,unix","aws,git","python,r"
Machine Learning Engineer,"api,excel,r",excel,r
Machine Learning Engineer,"git,r",git,r
Data Scientist,"git,java,linux,python,r,scala,spark,sql","git,spark","java,python,r,scala,sql"
Machine Learning Engineer,"excel,git,r","excel,git",r
Machine Learning Engineer,"api,git,r",git,r
Machine Learning Engineer,"pytorch,r,sql,tensorflow","pytorch,tensorflow","r,sql"
Machine Learning Engineer,"c++,excel,python,r",excel,"c++,python,r"
Data Scientist,"matlab,python,r,sql",,"matlab,python,r,sql"
Machine Learning Engineer,r,,r
Machine Learning Engineer,r,,r
Machine Learning Engineer,"excel,r",excel,r
Machine Learning Engineer,"bash,c++,python,r",,"bash,c++,python,r"
Data Scientist,"api,python,r,sql,unix",,"python,r,sql"
Machine Learning Engineer,"git,r,scala",git,"r,scala"
Machine Learning Engineer,"aws,r,scala",aws,"r,scala"
Machine Learning Engineer,r,,r
Data Analyst,"excel,power bi,r","excel,power bi",r
Data Analyst,r,,r
Data Analyst,"python,r,sas,sql,tableau",tableau,"python,r,sas,sql"
Machine Learning Engineer,r,,r
Machine Learning Engineer,r,,r
Machine Learning Engineer,r,,r
Machine Learning Engineer,"angular,api,aws,java,json,python,r,sas,scala,sql,xml",aws,"java,python,r,sas,scala,sql"
Machine Learning Engineer,r,,r
Machine Learning Engineer,"api,c++,python,pytorch,r,spark,tensorflow","pytorch,spark,tensorflow","c++,python,r"
Data Scientist,"r,sas",,"r,sas"
Machine Learning Engineer,"c++,git,matlab,python,r",git,"c++,matlab,python,r"
Machine Learning Engineer,"api,azure,git,r,scala,sql","azure,git","r,scala,sql"
Machine Learning Engineer,"java,keras,python,r,scala,spark,sql,tensorflow","keras,spark,tensorflow","java,python,r,scala,sql"
Data Scientist,r,,r
Data Scientist,"excel,python,r,sql,tableau","excel,tableau","python,r,sql"
Machine Learning Engineer,"java,python,r",,"java,python,r"
Machine Learning Engineer,"api,r",,r
Data Analyst,"django,excel,python,r,scala",excel,"python,r,scala"
Machine Learning Engineer,"api,aws,docker,kubernetes,linux,python,r,sql","aws,docker,kubernetes","python,r,sql"
Data Scientist,"hadoop,python,r,spark,sql","hadoop,spark","python,r,sql"
Machine Learning Engineer,"api,aws,git,r","aws,git",r
Machine Learning Engineer,"api,r,scala",,"r,scala"
Data Analyst,"excel,r",excel,r
Data Analyst,"r,sas,sql",,"r,sas,sql"
Data Analyst,"excel,r",excel,r
Data Analyst,"api,excel,r",excel,r
Machine Learning Engineer,r,,r
Data Scientist,"aws,azure,docker,git,kubernetes,python,r,spark,sql,tableau,tensorflow","aws,azure,docker,git,kubernetes,spark,tableau,tensorflow","python,r,sql"
Machine Learning Engineer,"aws,gcp,kubernetes,pytorch,r,scala,tensorflow","aws,gcp,kubernetes,pytorch,tensorflow","r,scala"
Data Analyst,"excel,power bi,python,r,scala,sql,tableau","excel,power bi,tableau","python,r,scala,sql"
Data Analyst,"python,r,sql",,"python,r,sql"
Data Analyst,"excel,python,r,sql,tableau","excel,tableau","python,r,sql"
Data Scientist,"api,aws,excel,git,python,pytorch,r,scala,scikit-learn,sql,tableau","aws,excel,git,pytorch,scikit-learn,tableau","python,r,scala,sql"
Machine Learning Engineer,"api,r",,r
Data Analyst,"excel,r,sas,sql",excel,"r,sas,sql"
Data Analyst,"api,r,sql",,"r,sql"
Data Analyst,"api,aws,excel,hadoop,linux,power bi,python,r,sas,scala,shell,spark,sql,tableau,unix","aws,excel,hadoop,power bi,spark,tableau","python,r,sas,scala,shell,sql"
Data Analyst,"excel,power bi,python,r,sql,tableau","excel,power bi,tableau","python,r,sql"
Data Analyst,"api,excel,power bi,r","excel,power bi",r
Data Scientist,"api,aws,excel,git,python,r,sql","aws,excel,git","python,r,sql"
Machine Learning Engineer,r,,r
Machine Learning Engineer,r,,r
Data Analyst,"excel,git,power bi,r","excel,git,power bi",r
Machine Learning Engineer,"excel,r",excel,r
Machine Learning Engineer,"excel,r",excel,r
Data Scientist,"aws,azure,excel,java,python,r,scala,sql","aws,azure,excel","java,python,r,scala,sql"
Machine Learning Engineer,"api,azure,docker,excel,git,keras,kubernetes,linux,power bi,python,pytorch,r,scala,shell,spark,sql,tensorflow,vue","azure,docker,excel,git,keras,kubernetes,power bi,pytorch,spark,tensorflow","python,r,scala,shell,sql"
Data Scientist,"excel,git,hadoop,python,pytorch,r,scikit-learn,sql,tableau,tensorflow","excel,git,hadoop,pytorch,scikit-learn,tableau,tensorflow","python,r,sql"
Data Analyst,r,,r
Machine Learning Engineer,"api,aws,excel,python,r,scala,spark,sql","aws,excel,spark","python,r,scala,sql"
Machine Learning Engineer,"c++,git,linux,python,r",git,"c++,python,r"
Data Scientist,"aws,python,pytorch,r,spark,tensorflow","aws,pytorch,spark,tensorflow","python,r"
Data Scientist,"api,excel,flask,python,pytorch,r,sql","excel,pytorch","python,r,sql"
Machine Learning Engineer,"aws,c++,python,pytorch,r,tensorflow","aws,pytorch,tensorflow","c++,python,r"
Machine Learning Engineer,"api,excel,r",excel,r
Machine Learning Engineer,"api,docker,excel,kubernetes,python,pytorch,r,scala,tensorflow","docker,excel,kubernetes,pytorch,tensorflow","python,r,scala"
Machine Learning Engineer,"api,r",,r
Machine Learning Engineer,r,,r
Data Analyst,"excel,java,power bi,python,r,sql,tableau","excel,power bi,tableau","java,python,r,sql"
Data Scientist,"aws,excel,python,r,scala,shiny,sql,tableau","aws,excel,shiny,tableau","python,r,scala,sql"
Machine Learning Engineer,"excel,r",excel,r
Machine Learning Engineer,r,,r
Machine Learning Engineer,"excel,numpy,pandas,pytorch,r,scala,scikit-learn,tensorflow","excel,numpy,pandas,pytorch,scikit-learn,tensorflow","r,scala"
Machine Learning Engineer,"api,aws,r,scala",aws,"r,scala"
Machine Learning Engineer,"excel,r",excel,r
Data Scientist,"excel,python,r,spark,sql","excel,spark","python,r,sql"
Machine Learning Engineer,"api,aws,azure,java,python,pytorch,r,scala,scikit-learn,spark,sql,tensorflow","aws,azure,pytorch,scikit-learn,spark,tensorflow","java,python,r,scala,sql"
Machine Learning Engineer,"aws,excel,r,sas","aws,excel","r,sas"
Data Scientist,"matlab,python,r",,"matlab,python,r"
Machine Learning Engineer,r,,r
Data Analyst,"excel,git,python,r,sql","excel,git","python,r,sql"
Data Scientist,"azure,r",azure,r
Data Analyst,r,,r
Data Analyst,"excel,java,power bi,python,r,sql,tableau","excel,power bi,tableau","java,python,r,sql"
Machine Learning Engineer,"azure,java,python,r,scala,spark,sql,tensorflow","azure,spark,tensorflow","java,python,r,scala,sql"
Data Analyst,"c++,docker,kubernetes,linux,matlab,matplotlib,python,r,seaborn,shell","docker,kubernetes,matplotlib,seaborn","c++,matlab,python,r,shell"
Data Analyst,"r,sql",,"r,sql"
Data Scientist,r,,r
Data Analyst,"excel,power bi,python,r,sql,tableau","excel,power bi,tableau","python,r,sql"
Machine Learning Engineer,r,,r
Machine Learning Engineer,"aws,r",aws,r
Machine Learning Engineer,"api,r",,r
Data Analyst,"excel,git,python,r,sql","excel,git","python,r,sql"
Machine Learning Engineer,"api,aws,azure,excel,gcp,numpy,pandas,python,r,tensorflow","aws,azure,excel,gcp,numpy,pandas,tensorflow","python,r"
Machine Learning Engineer,"excel,r",excel,r
Machine Learning Engineer,"aws,python,pytorch,r,sas,tensorflow","aws,pytorch,tensorflow","python,r,sas"
Machine Learning Engineer,"excel,r",excel,r
Machine Learning Engineer,r,,r
Machine Learning Engineer,"excel,r",excel,r
Data Scientist,"aws,azure,excel,power bi,python,r,tableau","aws,azure,excel,power bi,tableau","python,r"
Data Scientist,"git,python,r,sas,sql",git,"python,r,sas,sql"
Machine Learning Engineer,"api,aws,azure,excel,r","aws,azure,excel",r
Machine Learning Engineer,"c++,git,julia,matlab,python,r",git,"c++,julia,matlab,python,r"
Data Scientist,"aws,r,scala",aws,"r,scala"
Data Scientist,"python,r,sql",,"python,r,sql"
Machine Learning Engineer,"excel,python,r,sas,sql",excel,"python,r,sas,sql"
Data Analyst,"excel,r",excel,r
Machine Learning Engineer,"api,excel,python,r,scala,sql,vue",excel,"python,r,scala,sql"
Machine Learning Engineer,"api,aws,azure,java,python,pytorch,r,scala,scikit-learn,spark,tensorflow","aws,azure,pytorch,scikit-learn,spark,tensorflow","java,python,r,scala"
Data Analyst,"excel,git,python,r,sql","excel,git","python,r,sql"
Data Scientist,"aws,r",aws,r
Machine Learning Engineer,"api,r",,r
Machine Learning Engineer,"api,aws,azure,java,python,pytorch,r,scala,scikit-learn,spark,tensorflow","aws,azure,pytorch,scikit-learn,spark,tensorflow","java,python,r,scala"
Machine Learning Engineer,"aws,c++,linux,python,pytorch,r,scala,tensorflow","aws,pytorch,tensorflow","c++,python,r,scala"
Data Scientist,"git,python,r,spark,sql","git,spark","python,r,sql"
Machine Learning Engineer,"api,r,scala,spark",spark,"r,scala"
Machine Learning Engineer,"api,aws,azure,java,python,pytorch,r,scala,scikit-learn,spark,tensorflow","aws,azure,pytorch,scikit-learn,spark,tensorflow","java,python,r,scala"
Data Scientist,"excel,git,keras,matplotlib,numpy,pandas,python,pytorch,r,scikit-learn,seaborn,tensorflow","excel,git,keras,matplotlib,numpy,pandas,pytorch,scikit-learn,seaborn,tensorflow","python,r"
Machine Learning Engineer,"aws,c++,excel,python,pytorch,r,tensorflow","aws,excel,pytorch,tensorflow","c++,python,r"
Machine Learning Engineer,"api,docker,excel,kubernetes,python,pytorch,r,scala,tensorflow","docker,excel,kubernetes,pytorch,tensorflow","python,r,scala"
Data Analyst,"excel,html,power bi,python,r,shell,xml","excel,power bi","html,python,r,shell"
Machine Learning Engineer,"api,r,scala,spark",spark,"r,scala"
Machine Learning Engineer,"api,r,scala,spark",spark,"r,scala"
Data Analyst,"excel,r",excel,r
Machine Learning Engineer,"python,pytorch,r,scikit-learn,tensorflow","pytorch,scikit-learn,tensorflow","python,r"
Machine Learning Engineer,r,,r
Machine Learning Engineer,r,,r
Machine Learning Engineer,r,,r
Machine Learning Engineer,r,,r
Machine Learning Engineer,"excel,r",excel,r
Machine Learning Engineer,"excel,r",excel,r
Machine Learning Engineer,"aws,r",aws,r
Machine Learning Engineer,"aws,excel,r","aws,excel",r
Machine Learning Engineer,"aws,excel,r,scala","aws,excel","r,scala"
Data Analyst,"excel,r,scala,sql",excel,"r,scala,sql"
Machine Learning Engineer,"aws,kubernetes,python,r,scala,spark,sql,tensorflow","aws,kubernetes,spark,tensorflow","python,r,scala,sql"
Machine Learning Engineer,"azure,docker,git,keras,kubernetes,python,pytorch,r,tensorflow","azure,docker,git,keras,kubernetes,pytorch,tensorflow","python,r"
Machine Learning Engineer,"api,docker,excel,kubernetes,python,pytorch,r,scala,tensorflow","docker,excel,kubernetes,pytorch,tensorflow","python,r,scala"
Machine Learning Engineer,"api,docker,excel,kubernetes,python,pytorch,r,scala,tensorflow","docker,excel,kubernetes,pytorch,tensorflow","python,r,scala"
Machine Learning Engineer,"api,excel,git,r,scala,spark","excel,git,spark","r,scala"
Machine Learning Engineer,"api,r",,r
Data Scientist,"python,r,sas,shiny,spark,sql,tableau","shiny,spark,tableau","python,r,sas,sql"
Data Scientist,"git,python,r,sql,tableau","git,tableau","python,r,sql"
Data Analyst,"excel,r",excel,r
Machine Learning Engineer,"api,aws,excel,r,scala","aws,excel","r,scala"
Machine Learning Engineer,"api,r",,r
Machine Learning Engineer,"excel,python,r",excel,"python,r"
Machine Learning Engineer,"aws,r",aws,r
Data Analyst,"api,excel,r,sql,tableau","excel,tableau","r,sql"
Machine Learning Engineer,"api,aws,azure,excel,gcp,numpy,pandas,python,r,tensorflow","aws,azure,excel,gcp,numpy,pandas,tensorflow","python,r"
Machine Learning Engineer,"api,aws,r",aws,r
Machine Learning Engineer,r,,r
Machine Learning Engineer,"aws,excel,r","aws,excel",r
Machine Learning Engineer,"aws,azure,excel,git,python,pytorch,r,scikit-learn,tensorflow","aws,azure,excel,git,pytorch,scikit-learn,tensorflow","python,r"
Machine Learning Engineer,"excel,r",excel,r
Data Scientist,"python,r,sql",,"python,r,sql"
Machine Learning Engineer,"api,docker,excel,kubernetes,python,pytorch,r,scala,tensorflow","docker,excel,kubernetes,pytorch,tensorflow","python,r,scala"
Data Scientist,"excel,python,r",excel,"python,r"
Data Scientist,"aws,docker,excel,gcp,git,hadoop,java,kubernetes,linux,r,scala,sql,tableau","aws,docker,excel,gcp,git,hadoop,kubernetes,tableau","java,r,scala,sql"
Machine Learning Engineer,"excel,r",excel,r
Data Analyst,"api,bash,docker,excel,hadoop,linux,python,r,scala,shiny,sql,tableau","docker,excel,hadoop,shiny,tableau","bash,python,r,scala,sql"
Machine Learning Engineer,"api,aws,azure,java,python,pytorch,r,scala,scikit-learn,spark,tensorflow","aws,azure,pytorch,scikit-learn,spark,tensorflow","java,python,r,scala"
Machine Learning Engineer,"api,aws,azure,java,python,pytorch,r,scala,scikit-learn,spark,tensorflow","aws,azure,pytorch,scikit-learn,spark,tensorflow","java,python,r,scala"
Machine Learning Engineer,"aws,excel,r","aws,excel",r
Data Scientist,"aws,azure,gcp,hadoop,python,r,spark","aws,azure,gcp,hadoop,spark","python,r"
Data Scientist,"aws,docker,excel,git,kubernetes,pytorch,r,tensorflow","aws,docker,excel,git,kubernetes,pytorch,tensorflow",r
Data Scientist,"api,aws,azure,excel,gcp,hadoop,python,r,spark,sql","aws,azure,excel,gcp,hadoop,spark","python,r,sql"
Data Analyst,r,,r
Machine Learning Engineer,"api,aws,azure,excel,gcp,numpy,pandas,python,pytorch,r,tensorflow","aws,azure,excel,gcp,numpy,pandas,pytorch,tensorflow","python,r"
Machine Learning Engineer,"aws,excel,python,pytorch,r,scala,scikit-learn,sql,tensorflow","aws,excel,pytorch,scikit-learn,tensorflow","python,r,scala,sql"
Machine Learning Engineer,"api,aws,azure,java,python,pytorch,r,scala,scikit-learn,spark,tensorflow","aws,azure,pytorch,scikit-learn,spark,tensorflow","java,python,r,scala"
Data Analyst,"excel,python,r,sql",excel,"python,r,sql"
Data Analyst,"c++,excel,python,r",excel,"c++,python,r"
Machine Learning Engineer,"excel,r",excel,r
Data Analyst,"api,excel,python,r,sql,tableau","excel,tableau","python,r,sql"
Machine Learning Engineer,r,,r
Machine Learning Engineer,"aws,r",aws,r
Machine Learning Engineer,"api,aws,azure,docker,java,kubernetes,python,pytorch,r,scala,scikit-learn,spark,tensorflow","aws,azure,docker,kubernetes,pytorch,scikit-learn,spark,tensorflow","java,python,r,scala"
Data Analyst,"excel,git,python,r,sql","excel,git","python,r,sql"
Data Analyst,"excel,power bi,python,r,sas,sql,tableau","excel,power bi,tableau","python,r,sas,sql"
Machine Learning Engineer,"excel,r",excel,r
Data Scientist,"aws,azure,c++,excel,git,hadoop,java,keras,matlab,matplotlib,numpy,pandas,power bi,python,pytorch,r,sas,seaborn,spark,sql,tableau,tensorflow","aws,azure,excel,git,hadoop,keras,matplotlib,numpy,pandas,power bi,pytorch,seaborn,spark,tableau,tensorflow","c++,java,matlab,python,r,sas,sql"
Machine Learning Engineer,r,,r
Machine Learning Engineer,"api,aws,azure,excel,gcp,git,java,python,r,sql","aws,azure,excel,gcp,git","java,python,r,sql"
Data Analyst,"excel,git,python,r,sql","excel,git","python,r,sql"
Data Scientist,"api,aws,excel,python,r,sql","aws,excel","python,r,sql"
Machine Learning Engineer,r,,r
Machine Learning Engineer,"api,aws,azure,java,python,pytorch,r,scala,scikit-learn,spark,tensorflow","aws,azure,pytorch,scikit-learn,spark,tensorflow","java,python,r,scala"
Machine Learning Engineer,"api,r",,r
Data Scientist,"python,r,scala,sql",,"python,r,scala,sql"
Machine Learning Engineer,r,,r
Machine Learning Engineer,r,,r
Machine Learning Engineer,r,,r
Machine Learning Engineer,"api,r,scala",,"r,scala"
Data Analyst,"excel,power bi,python,r,sql,tableau","excel,power bi,tableau","python,r,sql"
Data Analyst,r,,r
Machine Learning Engineer,"aws,c++,python,pytorch,r,tensorflow","aws,pytorch,tensorflow","c++,python,r"
Data Analyst,"api,excel,git,r,tableau","excel,git,tableau",r
Machine Learning Engineer,"api,aws,azure,java,python,pytorch,r,scala,scikit-learn,spark,sql,tensorflow","aws,azure,pytorch,scikit-learn,spark,tensorflow","java,python,r,scala,sql"
Machine Learning Engineer,"excel,python,pytorch,r,tensorflow","excel,pytorch,tensorflow","python,r"
Machine Learning Engineer,"api,r,scala,spark",spark,"r,scala"
Machine Learning Engineer,"excel,r",excel,r
Data Scientist,"aws,azure,excel,git,python,pytorch,r,spark,tensorflow","aws,azure,excel,git,pytorch,spark,tensorflow","python,r"
Machine Learning Engineer,"excel,r",excel,r
Machine Learning Engineer,r,,r
Machine Learning Engineer,"api,aws,azure,java,python,pytorch,r,scala,scikit-learn,spark,tensorflow","aws,azure,pytorch,scikit-learn,spark,tensorflow","java,python,r,scala"
Machine Learning Engineer,"graphql,java,python,r",,"java,python,r"
Machine Learning Engineer,"api,r",,r
Data Scientist,"aws,excel,hadoop,python,r,scala,spark,sql","aws,excel,hadoop,spark","python,r,scala,sql"
Machine Learning Engineer,"api,r",,r
Data Scientist,"docker,git,kubernetes,linux,numpy,python,pytorch,r,sas,sql,tableau,tensorflow","docker,git,kubernetes,numpy,pytorch,tableau,tensorflow","python,r,sas,sql"
Machine Learning Engineer,"python,pytorch,r,tensorflow","pytorch,tensorflow","python,r"
Machine Learning Engineer,"excel,python,r,sas,sql",excel,"python,r,sas,sql"
Machine Learning Engineer,"excel,r",excel,r
Machine Learning Engineer,"c++,excel,python,pytorch,r,tensorflow","excel,pytorch,tensorflow","c++,python,r"
Machine Learning Engineer,"excel,hadoop,matlab,python,r,sas,spark,sql","excel,hadoop,spark","matlab,python,r,sas,sql"
Data Analyst,"azure,c++,css,html,r,sql",azure,"c++,css,html,r,sql"
Machine Learning Engineer,r,,r
Machine Learning Engineer,"c++,java,python,pytorch,r,tensorflow","pytorch,tensorflow","c++,java,python,r"
Machine Learning Engineer,"excel,r",excel,r
Data Scientist,"hadoop,python,pytorch,r,scala,sql,tensorflow","hadoop,pytorch,tensorflow","python,r,scala,sql"
Data Analyst,"excel,power bi,r,sql","excel,power bi","r,sql"
Data Scientist,"aws,docker,python,r,spark,sql","aws,docker,spark","python,r,sql"
Machine Learning Engineer,"api,aws,azure,c++,excel,gcp,java,python,pytorch,r,scala,tensorflow","aws,azure,excel,gcp,pytorch,tensorflow","c++,java,python,r,scala"
Data Scientist,"c++,hadoop,java,python,r,scala,spark,sql","hadoop,spark","c++,java,python,r,scala,sql"
Machine Learning Engineer,"excel,python,r,sas,sql",excel,"python,r,sas,sql"
Machine Learning Engineer,"excel,r",excel,r
Machine Learning Engineer,"excel,r",excel,r
Machine Learning Engineer,"aws,azure,docker,excel,git,kubernetes,linux,python,r","aws,azure,docker,excel,git,kubernetes","python,r"
Data Analyst,"excel,git,python,r,sql","excel,git","python,r,sql"
Machine Learning Engineer,"api,excel,gcp,git,kubernetes,python,pytorch,r,tensorflow","excel,gcp,git,kubernetes,pytorch,tensorflow","python,r"
Data Scientist,"python,r,sql",,"python,r,sql"
Machine Learning Engineer,"excel,r",excel,r
Data Analyst,"aws,excel,r","aws,excel",r
Data Scientist,"css,hadoop,linux,python,r,spark,sql","hadoop,spark","css,python,r,sql"
Machine Learning Engineer,r,,r
Data Analyst,"excel,java,power bi,python,r,sql,tableau","excel,power bi,tableau","java,python,r,sql"
Machine Learning Engineer,"excel,r",excel,r
Data Analyst,"excel,r,tableau","excel,tableau",r
Machine Learning Engineer,"api,aws,azure,excel,gcp,numpy,pandas,python,r,tensorflow","aws,azure,excel,gcp,numpy,pandas,tensorflow","python,r"
Data Analyst,"excel,power bi,python,r,sql,tableau","excel,power bi,tableau","python,r,sql"
Machine Learning Engineer,"java,python,r,scala",,"java,python,r,scala"
Data Scientist,"aws,azure,gcp,python,r,tableau","aws,azure,gcp,tableau","python,r"
Data Scientist,"api,numpy,pandas,python,r,scipy,unix","numpy,pandas,scipy","python,r"
Data Analyst,"aws,excel,r","aws,excel",r
Machine Learning Engineer,"api,aws,r,scala",aws,"r,scala"
Data Scientist,"api,excel,python,pytorch,r,tensorflow","excel,pytorch,tensorflow","python,r"
Data Scientist,"power bi,python,r,tableau","power bi,tableau","python,r"
Machine Learning Engineer,r,,r
Data Scientist,"api,aws,azure,power bi,python,r,sql,tableau","aws,azure,power bi,tableau","python,r,sql"
Machine Learning Engineer,"angular,api,docker,flask,kubernetes,python,r","docker,kubernetes","python,r"
Data Scientist,"excel,json,python,r,scala,sql,xml",excel,"python,r,scala,sql"
Data Scientist,"excel,python,pytorch,r,sql,tensorflow","excel,pytorch,tensorflow","python,r,sql"
Machine Learning Engineer,"excel,r",excel,r
Data Analyst,"excel,git,power bi,python,r,sql,tableau","excel,git,power bi,tableau","python,r,sql"
Machine Learning Engineer,"api,aws,git,r","aws,git",r
Data Analyst,"excel,r,sas",excel,"r,sas"
Machine Learning Engineer,"api,aws,git,r","aws,git",r
Data Scientist,"excel,numpy,pandas,python,pytorch,r,scikit-learn,spark,sql,tableau,tensorflow","excel,numpy,pandas,pytorch,scikit-learn,spark,tableau,tensorflow","python,r,sql"
Machine Learning Engineer,"aws,c++,python,pytorch,r,tensorflow","aws,pytorch,tensorflow","c++,python,r"
Data Analyst,"r,sql",,"r,sql"
Machine Learning Engineer,r,,r
Data Analyst,"excel,html,java,python,r,sas,scipy,shell,sql,tableau,unix","excel,scipy,tableau","html,java,python,r,sas,shell,sql"
Machine Learning Engineer,"api,aws,git,r","aws,git",r
Machine Learning Engineer,"aws,azure,excel,gcp,git,python,r,scala,sql","aws,azure,excel,gcp,git","python,r,scala,sql"
Data Analyst,"api,git,power bi,python,r,sql,tableau","git,power bi,tableau","python,r,sql"
Machine Learning Engineer,"api,aws,azure,excel,gcp,numpy,pandas,python,pytorch,r,tensorflow","aws,azure,excel,gcp,numpy,pandas,pytorch,tensorflow","python,r"
Data Analyst,"excel,r,sql",excel,"r,sql"
Data Analyst,r,,r
Machine Learning Engineer,"api,aws,azure,excel,gcp,numpy,pandas,python,r,tensorflow","aws,azure,excel,gcp,numpy,pandas,tensorflow","python,r"
Data Scientist,"excel,python,r,scala,sql",excel,"python,r,scala,sql"
Machine Learning Engineer,"c++,python,pytorch,r,scala",pytorch,"c++,python,r,scala"
Machine Learning Engineer,"api,r",,r
Machine Learning Engineer,"aws,docker,kubernetes,linux,python,r,sql","aws,docker,kubernetes","python,r,sql"
Data Scientist,r,,r
Data Scientist,"aws,java,python,r,scala,spark,sql","aws,spark","java,python,r,scala,sql"
Machine Learning Engineer,"api,r",,r
Data Scientist,"api,aws,python,r,scala,spark,sql","aws,spark","python,r,scala,sql"
Data Analyst,"excel,power bi,r,sql","excel,power bi","r,sql"
Data Scientist,"api,excel,hadoop,power bi,python,r,spark,sql,tableau","excel,hadoop,power bi,spark,tableau","python,r,sql"
Machine Learning Engineer,"api,aws,r,scala",aws,"r,scala"
Data Scientist,"excel,hadoop,python,r,sas,sql","excel,hadoop","python,r,sas,sql"
Machine Learning Engineer,"r,scala",,"r,scala"
Data Scientist,r,,r
Data Scientist,"excel,python,pytorch,r,scala,spark,sql,tensorflow","excel,pytorch,spark,tensorflow","python,r,scala,sql"
Data Scientist,"docker,keras,kubernetes,python,r,tensorflow","docker,keras,kubernetes,tensorflow","python,r"
Machine Learning Engineer,r,,r
Machine Learning Engineer,r,,r
Machine Learning Engineer,"excel,r",excel,r
Machine Learning Engineer,"api,aws,azure,excel,gcp,numpy,pandas,python,r,sql,tensorflow","aws,azure,excel,gcp,numpy,pandas,tensorflow","python,r,sql"
Machine Learning Engineer,"api,r",,r
Machine Learning Engineer,"excel,r",excel,r
Machine Learning Engineer,"api,aws,azure,java,python,pytorch,r,scala,scikit-learn,spark,tensorflow","aws,azure,pytorch,scikit-learn,spark,tensorflow","java,python,r,scala"
Machine Learning Engineer,r,,r
Machine Learning Engineer,"api,aws,azure,gcp,git,java,kubernetes,python,pytorch,r,scala,tensorflow","aws,azure,gcp,git,kubernetes,pytorch,tensorflow","java,python,r,scala"
Machine Learning Engineer,"excel,r",excel,r
Machine Learning Engineer,r,,r
Data Analyst,r,,r
Data Analyst,"excel,git,python,r,sql","excel,git","python,r,sql"
Data Scientist,"python,r,scikit-learn,tensorflow","scikit-learn,tensorflow","python,r"
Data Analyst,"r,sql",,"r,sql"
Machine Learning Engineer,r,,r
Machine Learning Engineer,"excel,r",excel,r
Machine Learning Engineer,r,,r
Data Scientist,"api,aws,excel,matlab,python,r,scipy","aws,excel,scipy","matlab,python,r"
Machine Learning Engineer,"api,aws,r,scala",aws,"r,scala"
Data Analyst,"api,excel,r,sas,sql",excel,"r,sas,sql"
Data Scientist,r,,r
Machine Learning Engineer,r,,r
Data Analyst,"api,aws,azure,excel,gcp,power bi,r,sql","aws,azure,excel,gcp,power bi","r,sql"
Data Scientist,"aws,python,r,scikit-learn,scipy,sql","aws,scikit-learn,scipy","python,r,sql"
Machine Learning Engineer,"api,c++,excel,git,java,keras,linux,python,pytorch,r,sas,tensorflow,unix","excel,git,keras,pytorch,tensorflow","c++,java,python,r,sas"
Machine Learning Engineer,"api,aws,azure,excel,gcp,numpy,pandas,python,r,tensorflow","aws,azure,excel,gcp,numpy,pandas,tensorflow","python,r"
Machine Learning Engineer,"api,aws,c++,keras,python,pytorch,r,scala,sql,tensorflow","aws,keras,pytorch,tensorflow","c++,python,r,scala,sql"
Machine Learning Engineer,r,,r
Machine Learning Engineer,"excel,r",excel,r
Data Scientist,"r,scala",,"r,scala"
Data Scientist,"aws,azure,gcp,matplotlib,pandas,python,pytorch,r,scikit-learn,tensorflow","aws,azure,gcp,matplotlib,pandas,pytorch,scikit-learn,tensorflow","python,r"
Data Scientist,"api,excel,python,r",excel,"python,r"
Machine Learning Engineer,"angular,api,aws,azure,css,git,html,java,keras,python,pytorch,r,sas,scala,scikit-learn,sql,tensorflow","aws,azure,git,keras,pytorch,scikit-learn,tensorflow","css,html,java,python,r,sas,scala,sql"
Data Scientist,"aws,r,sql",aws,"r,sql"
Machine Learning Engineer,"api,r",,r
Data Analyst,"excel,power bi,python,r,sql,tableau","excel,power bi,tableau","python,r,sql"
Machine Learning Engineer,r,,r
Machine Learning Engineer,"api,aws,azure,java,python,pytorch,r,scala,scikit-learn,spark,tensorflow","aws,azure,pytorch,scikit-learn,spark,tensorflow","java,python,r,scala"
Data Analyst,"excel,java,power bi,python,r,sql,tableau","excel,power bi,tableau","java,python,r,sql"
Machine Learning Engineer,"api,aws,azure,excel,gcp,numpy,pandas,python,pytorch,r,tensorflow","aws,azure,excel,gcp,numpy,pandas,pytorch,tensorflow","python,r"
Machine Learning Engineer,"api,r",,r
Machine Learning Engineer,"excel,r",excel,r
Data Scientist,"python,r,sql",,"python,r,sql"
Machine Learning Engineer,"excel,r",excel,r
Machine Learning Engineer,"api,r",,r
Machine Learning Engineer,r,,r
Machine Learning Engineer,r,,r
Data Scientist,"excel,hadoop,power bi,python,r,sas,sql,tableau","excel,hadoop,power bi,tableau","python,r,sas,sql"
Data Analyst,"excel,power bi,python,r,sql,tableau","excel,power bi,tableau","python,r,sql"
Machine Learning Engineer,r,,r
Data Scientist,r,,r
Machine Learning Engineer,"excel,r",excel,r
Data Scientist,"hadoop,python,r,sql,vue",hadoop,"python,r,sql"
Machine Learning Engineer,"aws,docker,excel,gcp,git,kubernetes,r,scala","aws,docker,excel,gcp,git,kubernetes","r,scala"
Data Analyst,"excel,git,python,r,sql","excel,git","python,r,sql"
Machine Learning Engineer,r,,r
Data Analyst,"excel,git,r","excel,git",r
Data Scientist,"api,excel,r",excel,r
Machine Learning Engineer,"aws,python,pytorch,r,tensorflow","aws,pytorch,tensorflow","python,r"
Data Scientist,"c++,excel,java,python,r,sas,sql",excel,"c++,java,python,r,sas,sql"
Machine Learning Engineer,"api,aws,azure,java,python,pytorch,r,scala,scikit-learn,spark,tensorflow","aws,azure,pytorch,scikit-learn,spark,tensorflow","java,python,r,scala"
Data Analyst,"aws,excel,r","aws,excel",r
Data Scientist,"aws,azure,django,flask,java,matplotlib,numpy,pandas,python,pytorch,r,scikit-learn,sql,tableau,tensorflow","aws,azure,matplotlib,numpy,pandas,pytorch,scikit-learn,tableau,tensorflow","java,python,r,sql"
Machine Learning Engineer,"aws,c++,python,pytorch,r,tensorflow","aws,pytorch,tensorflow","c++,python,r"
Machine Learning Engineer,"aws,r",aws,r
Data Analyst,"aws,python,r,scala,spark,sql","aws,spark","python,r,scala,sql"
Machine Learning Engineer,"c++,excel,keras,linux,matlab,pandas,python,r,scikit-learn,tensorflow","excel,keras,pandas,scikit-learn,tensorflow","c++,matlab,python,r"
Machine Learning Engineer,r,,r
Data Scientist,"aws,excel,gcp,python,pytorch,r,scala,sql,tensorflow","aws,excel,gcp,pytorch,tensorflow","python,r,scala,sql"
Machine Learning Engineer,"excel,r",excel,r
Machine Learning Engineer,"aws,docker,excel,git,r,shiny","aws,docker,excel,git,shiny",r
Machine Learning Engineer,"azure,numpy,pandas,python,pytorch,r,tensorflow","azure,numpy,pandas,pytorch,tensorflow","python,r"
Data Scientist,"api,git,python,r",git,"python,r"
Data Analyst,"excel,r,tableau","excel,tableau",r
Machine Learning Engineer,"api,aws,r",aws,r
Machine Learning Engineer,"azure,git,kubernetes,python,r,scala,scikit-learn,shell,spark","azure,git,kubernetes,scikit-learn,spark","python,r,scala,shell"
Machine Learning Engineer,"api,r",,r
Machine Learning Engineer,r,,r
Machine Learning Engineer,"api,aws,azure,excel,gcp,numpy,pandas,python,r,tensorflow","aws,azure,excel,gcp,numpy,pandas,tensorflow","python,r"
Machine Learning Engineer,"api,r",,r
Machine Learning Engineer,"api,aws,git,java,linux,python,pytorch,r,scala,spark","aws,git,pytorch,spark","java,python,r,scala"
Data Scientist,"aws,excel,matlab,python,r,sas,shiny,sql,tableau","aws,excel,shiny,tableau","matlab,python,r,sas,sql"
Data Scientist,"api,aws,ggplot,hadoop,java,python,r,sas,scala,spark,sql,tableau","aws,ggplot,hadoop,spark,tableau","java,python,r,sas,scala,sql"
Machine Learning Engineer,"api,aws,azure,java,python,pytorch,r,scala,scikit-learn,spark,tensorflow","aws,azure,pytorch,scikit-learn,spark,tensorflow","java,python,r,scala"
Data Scientist,"azure,excel,matplotlib,numpy,pandas,power bi,python,r,sql","azure,excel,matplotlib,numpy,pandas,power bi","python,r,sql"
Machine Learning Engineer,"api,aws,azure,excel,gcp,numpy,pandas,python,r,sql,tensorflow","aws,azure,excel,gcp,numpy,pandas,tensorflow","python,r,sql"
Machine Learning Engineer,"excel,r",excel,r
Machine Learning Engineer,"excel,r",excel,r
Machine Learning Engineer,r,,r
Machine Learning Engineer,"excel,r",excel,r
Machine Learning Engineer,"excel,r",excel,r
Machine Learning Engineer,"api,r",,r
Data Analyst,"excel,power bi,python,r,sql,tableau","excel,power bi,tableau","python,r,sql"
Data Analyst,"excel,hadoop,java,python,r,sql,tableau","excel,hadoop,tableau","java,python,r,sql"
Data Analyst,"api,excel,git,r,tableau","excel,git,tableau",r
Machine Learning Engineer,"api,azure,excel,python,r,soap,sql","azure,excel","python,r,sql"
Data Analyst,"hadoop,python,r,sas,spark,sql","hadoop,spark","python,r,sas,sql"
Machine Learning Engineer,"r,scala",,"r,scala"
Machine Learning Engineer,r,,r
Machine Learning Engineer,"api,aws,azure,gcp,git,java,kubernetes,python,pytorch,r,scala,tensorflow","aws,azure,gcp,git,kubernetes,pytorch,tensorflow","java,python,r,scala"
Data Scientist,"python,r,sql",,"python,r,sql"
Machine Learning Engineer,"api,aws,azure,excel,gcp,numpy,pandas,python,r,tensorflow","aws,azure,excel,gcp,numpy,pandas,tensorflow","python,r"
Data Scientist,"api,excel,python,r,sql",excel,"python,r,sql"
Data Analyst,"excel,python,r,sql,tableau","excel,tableau","python,r,sql"
Data Analyst,"excel,git,power bi,r","excel,git,power bi",r
Data Scientist,"azure,git,r","azure,git",r
Machine Learning Engineer,"excel,r",excel,r
Machine Learning Engineer,"api,aws,azure,excel,gcp,numpy,pandas,python,pytorch,r,tensorflow","aws,azure,excel,gcp,numpy,pandas,pytorch,tensorflow","python,r"
Data Scientist,"api,excel,python,r,sql",excel,"python,r,sql"
Data Scientist,"excel,python,r,sql,tableau","excel,tableau","python,r,sql"
Machine Learning Engineer,"api,aws,azure,java,python,pytorch,r,scala,scikit-learn,spark,tensorflow","aws,azure,pytorch,scikit-learn,spark,tensorflow","java,python,r,scala"
Data Analyst,"excel,git,python,r,sql","excel,git","python,r,sql"
Machine Learning Engineer,r,,r
Machine Learning Engineer,"excel,r",excel,r
Data Analyst,"excel,r,scala",excel,"r,scala"
Data Scientist,"excel,python,r",excel,"python,r"
Data Scientist,"api,excel,python,r,sql",excel,"python,r,sql"
Machine Learning Engineer,"excel,r",excel,r
Machine Learning Engineer,"excel,java,python,pytorch,r,scala,scikit-learn,tensorflow","excel,pytorch,scikit-learn,tensorflow","java,python,r,scala"
Data Scientist,"excel,python,r,sql,tableau","excel,tableau","python,r,sql"
Data Analyst,"api,aws,excel,r,sas,scala,tableau","aws,excel,tableau","r,sas,scala"
Machine Learning Engineer,"c++,git,linux,python,r",git,"c++,python,r"
Data Scientist,"api,git,python,pytorch,r,sql,tensorflow","git,pytorch,tensorflow","python,r,sql"
Data Scientist,"c++,excel,python,r,sql",excel,"c++,python,r,sql"
Data Scientist,"aws,excel,python,r","aws,excel","python,r"
Data Analyst,"excel,r",excel,r
Machine Learning Engineer,"api,aws,git,r","aws,git",r
Machine Learning Engineer,"api,docker,excel,kubernetes,python,pytorch,r,scala,tensorflow","docker,excel,kubernetes,pytorch,tensorflow","python,r,scala"
Data Analyst,r,,r
Machine Learning Engineer,"api,docker,fastapi,flask,numpy,pandas,python,pytorch,r,scala,scikit-learn,scipy,sql","docker,numpy,pandas,pytorch,scikit-learn,scipy","python,r,scala,sql"
Data Analyst,"excel,power bi,r,sql,tableau","excel,power bi,tableau","r,sql"
Machine Learning Engineer,r,,r
Data Analyst,"excel,git,python,r,sql","excel,git","python,r,sql"
Data Scientist,"excel,git,keras,matplotlib,numpy,pandas,python,pytorch,r,scikit-learn,seaborn,sql,tensorflow","excel,git,keras,matplotlib,numpy,pandas,pytorch,scikit-learn,seaborn,tensorflow","python,r,sql"
Machine Learning Engineer,"api,r",,r
Data Analyst,"css,r,unix",,"css,r"
Machine Learning Engineer,"api,excel,gcp,git,python,r,spark,sql","excel,gcp,git,spark","python,r,sql"
Machine Learning Engineer,"aws,r",aws,r
Machine Learning Engineer,"api,r",,r
Data Analyst,"excel,power bi,python,r,sql,tableau","excel,power bi,tableau","python,r,sql"
Machine Learning Engineer,"excel,r",excel,r
Data Analyst,"excel,git,python,r,sql","excel,git","python,r,sql"
Data Scientist,r,,r
Machine Learning Engineer,"api,aws,git,r","aws,git",r
Machine Learning Engineer,"api,r",,r
Machine Learning Engineer,"api,r",,r
Machine Learning Engineer,"aws,r",aws,r
Data Analyst,"excel,git,python,r,sql","excel,git","python,r,sql"
Data Analyst,"excel,git,python,r,sql","excel,git","python,r,sql"
Machine Learning Engineer,"api,excel,r",excel,r
Machine Learning Engineer,r,,r
Data Analyst,"excel,power bi,python,r,sql,tableau","excel,power bi,tableau","python,r,sql"
Machine Learning Engineer,"api,python,pytorch,r",pytorch,"python,r"
Machine Learning Engineer,"api,python,r,scala",,"python,r,scala"
Machine Learning Engineer,r,,r
Machine Learning Engineer,"aws,r",aws,r
Machine Learning Engineer,"git,r",git,r
Data Scientist,"aws,excel,git,keras,python,pytorch,r,scala,sql,tensorflow","aws,excel,git,keras,pytorch,tensorflow","python,r,scala,sql"
Machine Learning Engineer,"api,aws,excel,r","aws,excel",r
Data Scientist,"excel,matlab,python,r,sql,tableau","excel,tableau","matlab,python,r,sql"
Data Analyst,"excel,git,python,r,sql","excel,git","python,r,sql"
Machine Learning Engineer,"api,aws,azure,java,python,pytorch,r,scala,scikit-learn,spark,tensorflow","aws,azure,pytorch,scikit-learn,spark,tensorflow","java,python,r,scala"
Machine Learning Engineer,"api,r",,r
Machine Learning Engineer,"api,r",,r
Machine Learning Engineer,"excel,r",excel,r
Machine Learning Engineer,"aws,c++,docker,git,kubernetes,linux,python,pytorch,r","aws,docker,git,kubernetes,pytorch","c++,python,r"
Machine Learning Engineer,"api,r",,r
Data Scientist,"excel,python,r,scala,sql",excel,"python,r,scala,sql"
Machine Learning Engineer,r,,r
Machine Learning Engineer,"api,excel,html,r",excel,"html,r"
Machine Learning Engineer,"git,r",git,r
Data Scientist,"css,matplotlib,numpy,pandas,python,r,scikit-learn,shiny,spark,sql,tableau","matplotlib,numpy,pandas,scikit-learn,shiny,spark,tableau","css,python,r,sql"
Data Scientist,"bash,docker,excel,hadoop,java,kubernetes,python,r,spark","docker,excel,hadoop,kubernetes,spark","bash,java,python,r"
Machine Learning Engineer,"api,c++,excel,git,matlab,python,r,scala,sql","excel,git","c++,matlab,python,r,scala,sql"
Machine Learning Engineer,"git,python,r",git,"python,r"
Machine Learning Engineer,r,,r
Machine Learning Engineer,r,,r
Data Scientist,"hadoop,python,r,spark,sql","hadoop,spark","python,r,sql"
Data Analyst,"api,aws,python,r,sql,tableau,unix","aws,tableau","python,r,sql"
Data Scientist,"excel,python,r,scala,sql",excel,"python,r,scala,sql"
Machine Learning Engineer,r,,r
Machine Learning Engineer,"excel,r",excel,r
Machine Learning Engineer,"excel,r",excel,r
Data Analyst,"excel,r",excel,r
Data Scientist,"aws,excel,r","aws,excel",r
Data Analyst,"aws,r,sas",aws,"r,sas"
Machine Learning Engineer,"angular,api,docker,flask,kubernetes,python,r","docker,kubernetes","python,r"
Machine Learning Engineer,"excel,r",excel,r
Data Analyst,"azure,excel,power bi,python,r,sas,sql","azure,excel,power bi","python,r,sas,sql"
Data Scientist,"aws,c++,java,python,r,spark,sql","aws,spark","c++,java,python,r,sql"
Machine Learning Engineer,"aws,docker,git,keras,kubernetes,numpy,pandas,python,r,scala,scikit-learn,spark,tensorflow","aws,docker,git,keras,kubernetes,numpy,pandas,scikit-learn,spark,tensorflow","python,r,scala"
Data Analyst,"excel,r",excel,r
Machine Learning Engineer,"api,aws,azure,git,java,python,pytorch,r,scala,tensorflow","aws,azure,git,pytorch,tensorflow","java,python,r,scala"
Data Scientist,"azure,git,numpy,python,pytorch,r,tensorflow","azure,git,numpy,pytorch,tensorflow","python,r"
Data Analyst,"aws,excel,r","aws,excel",r
Data Analyst,"excel,power bi,python,r,sql,tableau","excel,power bi,tableau","python,r,sql"
Machine Learning Engineer,"api,aws,azure,excel,gcp,numpy,pandas,python,r,tensorflow","aws,azure,excel,gcp,numpy,pandas,tensorflow","python,r"
Data Analyst,r,,r
Machine Learning Engineer,"api,aws,java,python,pytorch,r,scala,scikit-learn,spark,tensorflow","aws,pytorch,scikit-learn,spark,tensorflow","java,python,r,scala"
Machine Learning Engineer,"api,aws,azure,java,python,pytorch,r,scala,scikit-learn,spark,tensorflow","aws,azure,pytorch,scikit-learn,spark,tensorflow","java,python,r,scala"
Machine Learning Engineer,"excel,r",excel,r
Data Analyst,"excel,python,r,sql",excel,"python,r,sql"
Machine Learning Engineer,"api,azure,excel,python,r,soap,sql","azure,excel","python,r,sql"
Machine Learning Engineer,"api,aws,excel,git,java,python,r,scala,sql","aws,excel,git","java,python,r,scala,sql"
Data Scientist,"aws,azure,excel,numpy,pandas,python,r,scikit-learn,sql,tensorflow","aws,azure,excel,numpy,pandas,scikit-learn,tensorflow","python,r,sql"
Machine Learning Engineer,"excel,html,python,r,scala",excel,"html,python,r,scala"
Machine Learning Engineer,"api,r",,r
Data Scientist,"excel,r",excel,r
Machine Learning Engineer,"api,r",,r
Data Analyst,"java,r,sql",,"java,r,sql"
Machine Learning Engineer,r,,r
Machine Learning Engineer,"api,aws,excel,git,java,python,r,scikit-learn,sql","aws,excel,git,scikit-learn","java,python,r,sql"
Data Analyst,"excel,git,python,r,sql,tableau","excel,git,tableau","python,r,sql"
Data Scientist,"hadoop,java,linux,python,r,sas,scala,spark,sql","hadoop,spark","java,python,r,sas,scala,sql"
Data Analyst,"excel,java,power bi,python,r,sql,tableau","excel,power bi,tableau","java,python,r,sql"
Data Analyst,"excel,r",excel,r
Data Scientist,"excel,power bi,python,r,sas,sql,tableau","excel,power bi,tableau","python,r,sas,sql"
Machine Learning Engineer,"api,aws,azure,java,python,pytorch,r,scala,scikit-learn,spark,tensorflow","aws,azure,pytorch,scikit-learn,spark,tensorflow","java,python,r,scala"
Machine Learning Engineer,"api,r",,r
Machine Learning Engineer,"aws,azure,excel,gcp,git,python,r,scala,sql","aws,azure,excel,gcp,git","python,r,scala,sql"
Machine Learning Engineer,r,,r
Machine Learning Engineer,"api,docker,excel,kubernetes,python,pytorch,r,scala,tensorflow","docker,excel,kubernetes,pytorch,tensorflow","python,r,scala"
Data Scientist,"power bi,python,r,sql,tableau","power bi,tableau","python,r,sql"
Machine Learning Engineer,r,,r
Data Analyst,"excel,power bi,python,r,sql,tableau","excel,power bi,tableau","python,r,sql"
Data Scientist,"aws,excel,python,r,sql","aws,excel","python,r,sql"
Machine Learning Engineer,"api,aws,excel,pytorch,r,scala","aws,excel,pytorch","r,scala"
Machine Learning Engineer,"api,linux,r",,r
Machine Learning Engineer,"api,docker,excel,hadoop,java,kubernetes,python,pytorch,r,scala,scikit-learn,spark,tensorflow","docker,excel,hadoop,kubernetes,pytorch,scikit-learn,spark,tensorflow","java,python,r,scala"
Data Scientist,"api,aws,c++,hadoop,java,json,linux,python,r,soap,xml","aws,hadoop","c++,java,python,r"
Machine Learning Engineer,"api,aws,azure,excel,gcp,numpy,pandas,python,pytorch,r,tensorflow","aws,azure,excel,gcp,numpy,pandas,pytorch,tensorflow","python,r"
Data Analyst,r,,r
Data Scientist,"excel,python,r",excel,"python,r"
Machine Learning Engineer,"api,r,scala,spark",spark,"r,scala"
Machine Learning Engineer,r,,r
Data Analyst,"excel,r,sql",excel,"r,sql"
Data Analyst,"excel,java,power bi,python,r,sql,tableau","excel,power bi,tableau","java,python,r,sql"
Data Scientist,"aws,azure,c++,hadoop,java,python,r,spark,sql","aws,azure,hadoop,spark","c++,java,python,r,sql"
Machine Learning Engineer,"excel,python,pytorch,r,tensorflow","excel,pytorch,tensorflow","python,r"
Data Analyst,"git,r",git,r
Machine Learning Engineer,"excel,r",excel,r
Data Analyst,"r,sas,sql,tableau",tableau,"r,sas,sql"
Machine Learning Engineer,r,,r
Machine Learning Engineer,"r,sas",,"r,sas"
Machine Learning Engineer,"api,aws,azure,excel,gcp,numpy,pandas,python,pytorch,r,tensorflow","aws,azure,excel,gcp,numpy,pandas,pytorch,tensorflow","python,r"
Machine Learning Engineer,"c++,python,pytorch,r,tensorflow","pytorch,tensorflow","c++,python,r"
Data Analyst,"api,excel,pandas,python,r,sql","excel,pandas","python,r,sql"
Data Scientist,"python,r,shiny,sql,tableau","shiny,tableau","python,r,sql"
Machine Learning Engineer,"aws,azure,docker,excel,git,kubernetes,linux,python,r","aws,azure,docker,excel,git,kubernetes","python,r"
Data Analyst,"excel,power bi,r,sql,tableau","excel,power bi,tableau","r,sql"
Machine Learning Engineer,r,,r
Machine Learning Engineer,"excel,r",excel,r
Data Analyst,"python,r,sql",,"python,r,sql"
Data Analyst,"excel,power bi,r","excel,power bi",r
Data Analyst,"excel,power bi,python,r,sql,tableau","excel,power bi,tableau","python,r,sql"
Data Analyst,"aws,bash,python,r,shell",aws,"bash,python,r,shell"
Machine Learning Engineer,r,,r
Machine Learning Engineer,r,,r
Data Analyst,"excel,git,python,r,sql","excel,git","python,r,sql"
Data Analyst,"r,sql,unix",,"r,sql"
Machine Learning Engineer,"excel,r",excel,r
Machine Learning Engineer,"aws,css,django,excel,git,html,java,python,pytorch,r,tensorflow,vue","aws,excel,git,pytorch,tensorflow","css,html,java,python,r"
Machine Learning Engineer,r,,r
Machine Learning Engineer,"c++,python,r",,"c++,python,r"
Machine Learning Engineer,"c++,excel,python,pytorch,r","excel,pytorch","c++,python,r"
Machine Learning Engineer,"api,aws,docker,excel,python,pytorch,r,scala,scikit-learn,spark","aws,docker,excel,pytorch,scikit-learn,spark","python,r,scala"
Machine Learning Engineer,"api,r,scala,spark",spark,"r,scala"
Data Analyst,"aws,excel,python,r,sql","aws,excel","python,r,sql"
Machine Learning Engineer,r,,r
Machine Learning Engineer,"api,r",,r
Data Analyst,"excel,r,sas",excel,"r,sas"
Data Scientist,"api,aws,excel,git,numpy,pandas,python,r,scikit-learn,sql,tensorflow","aws,excel,git,numpy,pandas,scikit-learn,tensorflow","python,r,sql"
Data Scientist,"excel,java,numpy,pandas,power bi,python,r,tableau,tensorflow","excel,numpy,pandas,power bi,tableau,tensorflow","java,python,r"
Machine Learning Engineer,"excel,r",excel,r
Machine Learning Engineer,r,,r
Data Scientist,"c++,java,python,r,spark,sql",spark,"c++,java,python,r,sql"
Machine Learning Engineer,r,,r
Machine Learning Engineer,"excel,r",excel,r
Data Analyst,"api,azure,excel,python,r,sql","azure,excel","python,r,sql"
Machine Learning Engineer,"api,excel,r",excel,r
Machine Learning Engineer,"excel,r",excel,r
Data Analyst,"excel,html,java,python,r,sas,scipy,shell,sql,tableau,unix","excel,scipy,tableau","html,java,python,r,sas,shell,sql"
Data Analyst,"excel,r",excel,r
Machine Learning Engineer,r,,r
Data Analyst,"api,excel,python,r",excel,"python,r"
Machine Learning Engineer,"aws,azure,java,power bi,python,r,sql,tableau","aws,azure,power bi,tableau","java,python,r,sql"
Data Scientist,"aws,docker,excel,kubernetes,python,r,scala,shiny,sql,tableau","aws,docker,excel,kubernetes,shiny,tableau","python,r,scala,sql"
Machine Learning Engineer,"api,c++,python,r,scala,spark",spark,"c++,python,r,scala"
Machine Learning Engineer,"api,aws,azure,excel,gcp,numpy,pandas,python,r,tensorflow","aws,azure,excel,gcp,numpy,pandas,tensorflow","python,r"
Data Analyst,"excel,r",excel,r
Machine Learning Engineer,"excel,hadoop,matlab,python,r,sas,spark,sql","excel,hadoop,spark","matlab,python,r,sas,sql"
Machine Learning Engineer,"excel,r,sas",excel,"r,sas"
Machine Learning Engineer,"excel,r",excel,r
Machine Learning Engineer,"api,aws,azure,excel,gcp,numpy,pandas,python,pytorch,r,tensorflow","aws,azure,excel,gcp,numpy,pandas,pytorch,tensorflow","python,r"
Machine Learning Engineer,"api,docker,kubernetes,python,pytorch,r,scala,spark","docker,kubernetes,pytorch,spark","python,r,scala"
Data Scientist,"api,aws,azure,excel,git,hadoop,java,matlab,python,r,sas,spark,sql","aws,azure,excel,git,hadoop,spark","java,matlab,python,r,sas,sql"
Machine Learning Engineer,"aws,azure,excel,gcp,git,python,pytorch,r","aws,azure,excel,gcp,git,pytorch","python,r"
Data Analyst,"excel,python,r,sas,sql,tableau","excel,tableau","python,r,sas,sql"
Machine Learning Engineer,"angular,api,docker,flask,kubernetes,python,r","docker,kubernetes","python,r"
Data Analyst,"excel,r",excel,r
Machine Learning Engineer,"excel,r",excel,r
Data Analyst,r,,r
Machine Learning Engineer,"api,docker,excel,kubernetes,python,pytorch,r,scala,tensorflow","docker,excel,kubernetes,pytorch,tensorflow","python,r,scala"
Machine Learning Engineer,"excel,r",excel,r
Data Analyst,"excel,git,python,r,sql","excel,git","python,r,sql"
Data Scientist,"api,excel,git,python,r,sql,tableau","excel,git,tableau","python,r,sql"
Machine Learning Engineer,r,,r
Data Scientist,"c++,excel,hadoop,java,python,r,scala,spark","excel,hadoop,spark","c++,java,python,r,scala"
Data Analyst,"api,c++,docker,excel,java,python,r,sas,tableau,tensorflow","docker,excel,tableau,tensorflow","c++,java,python,r,sas"
Machine Learning Engineer,"excel,r",excel,r
Machine Learning Engineer,"aws,c++,python,r",aws,"c++,python,r"
Data Analyst,"excel,java,power bi,python,r,sql,tableau","excel,power bi,tableau","java,python,r,sql"
Machine Learning Engineer,"r,scala",,"r,scala"
Data Scientist,"excel,matlab,python,r,sas,scala,sql",excel,"matlab,python,r,sas,scala,sql"
Data Analyst,"aws,r",aws,r
Machine Learning Engineer,r,,r
Machine Learning Engineer,"excel,r",excel,r
Machine Learning Engineer,"api,aws,azure,excel,gcp,numpy,pandas,python,r,tensorflow","aws,azure,excel,gcp,numpy,pandas,tensorflow","python,r"
Machine Learning Engineer,"git,r",git,r
Machine Learning Engineer,"aws,c++,docker,excel,java,kubernetes,python,pytorch,r,tensorflow","aws,docker,excel,kubernetes,pytorch,tensorflow","c++,java,python,r"
Data Scientist,"api,excel,r",excel,r
Data Analyst,"excel,git,python,r,sql","excel,git","python,r,sql"
Data Scientist,"excel,numpy,pandas,python,r,scikit-learn,spark,sql","excel,numpy,pandas,scikit-learn,spark","python,r,sql"
Machine Learning Engineer,r,,r
Data Scientist,"git,java,python,r,sql,tableau","git,tableau","java,python,r,sql"
Machine Learning Engineer,"c++,git,java,python,r",git,"c++,java,python,r"
Machine Learning Engineer,"git,r",git,r
Data Analyst,"api,aws,git,hadoop,power bi,python,r,spark,sql,tableau","aws,git,hadoop,power bi,spark,tableau","python,r,sql"
Data Scientist,"ggplot,hadoop,matlab,python,r,spark,sql","ggplot,hadoop,spark","matlab,python,r,sql"
Data Analyst,"excel,r,sql,tableau","excel,tableau","r,sql"
Data Scientist,"api,matlab,numpy,pandas,python,r,scipy","numpy,pandas,scipy","matlab,python,r"
Data Analyst,"excel,git,python,r,sql","excel,git","python,r,sql"
Machine Learning Engineer,"api,aws,azure,java,python,pytorch,r,scala,scikit-learn,spark,sql,tensorflow","aws,azure,pytorch,scikit-learn,spark,tensorflow","java,python,r,scala,sql"
Machine Learning Engineer,"api,aws,azure,excel,gcp,numpy,pandas,python,r,tensorflow","aws,azure,excel,gcp,numpy,pandas,tensorflow","python,r"
Machine Learning Engineer,"api,aws,c++,excel,git,linux,python,r,scala","aws,excel,git","c++,python,r,scala"
Data Analyst,"api,azure,hadoop,linux,python,r,shell,spark,sql","azure,hadoop,spark","python,r,shell,sql"
Machine Learning Engineer,"api,r,scala,spark",spark,"r,scala"
Machine Learning Engineer,"api,excel,git,python,r","excel,git","python,r"
Data Scientist,"excel,hadoop,python,r,scala,spark,sql,unix","excel,hadoop,spark","python,r,scala,sql"
Data Scientist,"python,r,scikit-learn,tensorflow","scikit-learn,tensorflow","python,r"
Machine Learning Engineer,"api,c++,excel,r",excel,"c++,r"
Machine Learning Engineer,"api,aws,azure,java,python,pytorch,r,scala,scikit-learn,spark,tensorflow","aws,azure,pytorch,scikit-learn,spark,tensorflow","java,python,r,scala"
Data Scientist,"excel,git,hadoop,python,pytorch,r,scikit-learn,sql,tableau,tensorflow","excel,git,hadoop,pytorch,scikit-learn,tableau,tensorflow","python,r,sql"
Machine Learning Engineer,"api,r",,r
Data Analyst,"excel,git,python,r,sql","excel,git","python,r,sql"
Machine Learning Engineer,"api,r",,r
Machine Learning Engineer,"api,docker,excel,kubernetes,python,pytorch,r,scala,tensorflow","docker,excel,kubernetes,pytorch,tensorflow","python,r,scala"
Data Analyst,"aws,python,r,scala,sql",aws,"python,r,scala,sql"
Machine Learning Engineer,"api,aws,excel,pytorch,r,scala","aws,excel,pytorch","r,scala"
Machine Learning Engineer,"aws,excel,r","aws,excel",r
Data Analyst,"excel,power bi,r,sas,sql,tableau","excel,power bi,tableau","r,sas,sql"
Data Analyst,"excel,r",excel,r
Machine Learning Engineer,"api,r,scala,spark",spark,"r,scala"
Data Scientist,"excel,python,r,scala,sql,tableau","excel,tableau","python,r,scala,sql"
Machine Learning Engineer,r,,r
Data Scientist,"excel,git,python,r,sql","excel,git","python,r,sql"
Data Scientist,"aws,azure,power bi,python,r,tableau","aws,azure,power bi,tableau","python,r"
Machine Learning Engineer,"excel,r,scala",excel,"r,scala"
Machine Learning Engineer,"api,aws,azure,excel,gcp,numpy,pandas,python,r,tensorflow","aws,azure,excel,gcp,numpy,pandas,tensorflow","python,r"
Data Scientist,"api,python,r,scala,spark,tensorflow","spark,tensorflow","python,r,scala"
Machine Learning Engineer,"aws,c++,excel,git,r","aws,excel,git","c++,r"
Machine Learning Engineer,"excel,r",excel,r
Machine Learning Engineer,"api,aws,azure,excel,gcp,numpy,pandas,python,r,tensorflow","aws,azure,excel,gcp,numpy,pandas,tensorflow","python,r"
Data Analyst,"git,power bi,r,scala,sql,tableau","git,power bi,tableau","r,scala,sql"
Machine Learning Engineer,"api,r",,r
Data Analyst,"excel,java,power bi,python,r,sql,tableau","excel,power bi,tableau","java,python,r,sql"
Machine Learning Engineer,"api,r",,r
Machine Learning Engineer,"api,aws,azure,excel,gcp,numpy,pandas,python,r,tensorflow","aws,azure,excel,gcp,numpy,pandas,tensorflow","python,r"
Data Scientist,"excel,java,python,r,sql",excel,"java,python,r,sql"
Data Scientist,"keras,kubernetes,matplotlib,numpy,pandas,python,pytorch,r,spark,tableau,tensorflow","keras,kubernetes,matplotlib,numpy,pandas,pytorch,spark,tableau,tensorflow","python,r"
Data Scientist,"aws,excel,git,hadoop,power bi,python,r,spark,sql,tableau","aws,excel,git,hadoop,power bi,spark,tableau","python,r,sql"
Machine Learning Engineer,"api,r",,r
Data Analyst,"excel,git,python,r,sql","excel,git","python,r,sql"
Machine Learning Engineer,"excel,r",excel,r
Machine Learning Engineer,"excel,java,python,pytorch,r,tensorflow","excel,pytorch,tensorflow","java,python,r"
Machine Learning Engineer,"api,excel,r",excel,r
Data Scientist,"python,r,sql",,"python,r,sql"
Data Analyst,"excel,power bi,python,r,sql,tableau","excel,power bi,tableau","python,r,sql"
Data Scientist,"aws,azure,gcp,hadoop,python,r,spark,sql","aws,azure,gcp,hadoop,spark","python,r,sql"
Machine Learning Engineer,"api,r,scala",,"r,scala"
Data Scientist,"api,aws,git,python,pytorch,r,scala,sql","aws,git,pytorch","python,r,scala,sql"
Machine Learning Engineer,"api,r",,r
Machine Learning Engineer,"api,aws,azure,java,python,pytorch,r,scala,scikit-learn,spark,tensorflow","aws,azure,pytorch,scikit-learn,spark,tensorflow","java,python,r,scala"
Machine Learning Engineer,"api,aws,azure,excel,gcp,numpy,pandas,python,r,tensorflow","aws,azure,excel,gcp,numpy,pandas,tensorflow","python,r"
Machine Learning Engineer,"excel,python,pytorch,r","excel,pytorch","python,r"
Machine Learning Engineer,"api,aws,azure,java,python,pytorch,r,scala,scikit-learn,spark,tensorflow","aws,azure,pytorch,scikit-learn,spark,tensorflow","java,python,r,scala"
Machine Learning Engineer,r,,r
Data Analyst,r,,r
Data Scientist,"aws,azure,excel,git,julia,python,pytorch,r,sql,tensorflow","aws,azure,excel,git,pytorch,tensorflow","julia,python,r,sql"
Data Analyst,"aws,excel,r","aws,excel",r
Data Scientist,"api,aws,azure,power bi,python,r,sql,tableau","aws,azure,power bi,tableau","python,r,sql"
Data Analyst,"git,r",git,r
Data Scientist,"excel,power bi,python,r,sql,tableau","excel,power bi,tableau","python,r,sql"
Data Analyst,"excel,git,power bi,r","excel,git,power bi",r
Data Analyst,"css,excel,r",excel,"css,r"
Data Analyst,"excel,git,python,r,sql","excel,git","python,r,sql"
Machine Learning Engineer,"api,aws,git,r","aws,git",r
Data Analyst,"excel,r",excel,r
Machine Learning Engineer,"excel,r",excel,r
Machine Learning Engineer,"excel,r",excel,r
Data Analyst,"api,excel,python,r,sql,tableau","excel,tableau","python,r,sql"
Data Scientist,"aws,excel,git,python,r,scala,spark","aws,excel,git,spark","python,r,scala"
Data Analyst,"excel,power bi,r","excel,power bi",r
Data Scientist,"python,r,scala,sql",,"python,r,scala,sql"
Data Scientist,"api,c++,excel,git,java,python,r","excel,git","c++,java,python,r"
Machine Learning Engineer,"aws,r",aws,r
Data Scientist,"c++,excel,git,python,pytorch,r,tensorflow","excel,git,pytorch,tensorflow","c++,python,r"
Machine Learning Engineer,"api,docker,excel,kubernetes,python,pytorch,r,scala,tensorflow","docker,excel,kubernetes,pytorch,tensorflow","python,r,scala"
Machine Learning Engineer,"api,aws,azure,java,python,pytorch,r,scala,scikit-learn,spark,tensorflow","aws,azure,pytorch,scikit-learn,spark,tensorflow","java,python,r,scala"
Machine Learning Engineer,"aws,r",aws,r
Machine Learning Engineer,r,,r
Machine Learning Engineer,r,,r
Machine Learning Engineer,"excel,r",excel,r
Machine Learning Engineer,r,,r
Data Analyst,"excel,git,python,r,sql","excel,git","python,r,sql"
Machine Learning Engineer,"aws,excel,r","aws,excel",r
Data Scientist,"aws,azure,excel,python,r,spark,sql","aws,azure,excel,spark","python,r,sql"
Data Scientist,"aws,c++,excel,git,julia,python,r,scala,spark,sql","aws,excel,git,spark","c++,julia,python,r,scala,sql"
Machine Learning Engineer,r,,r
Data Scientist,"api,excel,linux,python,r,sql",excel,"python,r,sql"
Data Analyst,r,,r
Data Analyst,"excel,git,python,r,sql","excel,git","python,r,sql"
Machine Learning Engineer,r,,r
Data Analyst,"excel,git,power bi,r","excel,git,power bi",r
Data Scientist,"aws,hadoop,python,r,scala,spark,sql,vue","aws,hadoop,spark","python,r,scala,sql"
Machine Learning Engineer,"api,aws,r",aws,r
Machine Learning Engineer,"api,aws,azure,java,python,pytorch,r,scala,scikit-learn,spark,tensorflow","aws,azure,pytorch,scikit-learn,spark,tensorflow","java,python,r,scala"
Data Scientist,"power bi,python,r,sql,tableau","power bi,tableau","python,r,sql"
Machine Learning Engineer,r,,r
Data Scientist,"aws,azure,excel,gcp,power bi,python,r,sas,sql,tableau","aws,azure,excel,gcp,power bi,tableau","python,r,sas,sql"
Machine Learning Engineer,"excel,python,r,sas,scala,sql",excel,"python,r,sas,scala,sql"
Machine Learning Engineer,"api,aws,excel,python,pytorch,r,scala","aws,excel,pytorch","python,r,scala"
Machine Learning Engineer,"api,aws,azure,excel,gcp,numpy,pandas,python,r,tensorflow","aws,azure,excel,gcp,numpy,pandas,tensorflow","python,r"
Data Analyst,"excel,git,python,r,sql","excel,git","python,r,sql"
Machine Learning Engineer,"api,aws,excel,r,scala","aws,excel","r,scala"
Data Scientist,"aws,excel,git,python,r,spark,sql","aws,excel,git,spark","python,r,sql"
Machine Learning Engineer,"api,r,scala,spark",spark,"r,scala"
Data Scientist,"api,matplotlib,numpy,pandas,python,pytorch,r,scikit-learn,seaborn,sql,tableau","matplotlib,numpy,pandas,pytorch,scikit-learn,seaborn,tableau","python,r,sql"
Machine Learning Engineer,"api,r",,r
Data Analyst,"r,sql,tableau",tableau,"r,sql"
Data Scientist,"excel,python,r,sql",excel,"python,r,sql"
Machine Learning Engineer,"api,r",,r
Machine Learning Engineer,"aws,r,scala",aws,"r,scala"
Data Analyst,"excel,power bi,python,r,sas,sql,tableau","excel,power bi,tableau","python,r,sas,sql"
Machine Learning Engineer,"excel,r",excel,r
Machine Learning Engineer,"api,bash,hadoop,linux,python,r,scala,spark,sql","hadoop,spark","bash,python,r,scala,sql"
Data Scientist,"api,excel,numpy,pandas,python,r,sql","excel,numpy,pandas","python,r,sql"
Machine Learning Engineer,"api,aws,excel,pytorch,r,scala","aws,excel,pytorch","r,scala"
Machine Learning Engineer,r,,r
Data Analyst,"aws,excel,git,power bi,python,r,scala,spark,sql,tableau","aws,excel,git,power bi,spark,tableau","python,r,scala,sql"
Data Analyst,"excel,power bi,r,sql,tableau","excel,power bi,tableau","r,sql"
Machine Learning Engineer,r,,r
Data Scientist,"c++,java,json,power bi,python,r,sql,tableau,xml","power bi,tableau","c++,java,python,r,sql"
Machine Learning Engineer,"api,aws,azure,java,python,pytorch,r,scala,scikit-learn,spark,tensorflow","aws,azure,pytorch,scikit-learn,spark,tensorflow","java,python,r,scala"
Data Scientist,"api,excel,r",excel,r
Machine Learning Engineer,"api,r",,r
Machine Learning Engineer,"api,r",,r
Data Scientist,"excel,java,linux,python,r,sql,tableau","excel,tableau","java,python,r,sql"
Machine Learning Engineer,"excel,hadoop,matlab,python,r,sas,spark,sql","excel,hadoop,spark","matlab,python,r,sas,sql"
Data Scientist,"python,r,sql",,"python,r,sql"
Data Analyst,"git,r",git,r
Machine Learning Engineer,"api,excel,r",excel,r
Machine Learning Engineer,r,,r
Machine Learning Engineer,"api,aws,azure,java,python,pytorch,r,scala,scikit-learn,spark,tensorflow","aws,azure,pytorch,scikit-learn,spark,tensorflow","java,python,r,scala"
Data Scientist,"api,aws,excel,git,java,python,r,scala,sql","aws,excel,git","java,python,r,scala,sql"
Data Scientist,"api,azure,bash,linux,python,r,sql",azure,"bash,python,r,sql"
Data Scientist,"api,git,java,python,r,sql",git,"java,python,r,sql"
Machine Learning Engineer,"api,r",,r
Machine Learning Engineer,"api,git,html,r",git,"html,r"
Data Scientist,"matlab,python,r,sas,sql",,"matlab,python,r,sas,sql"
Data Analyst,"css,html,java,r",,"css,html,java,r"
Data Scientist,"python,r,scala,spark,sql,tensorflow","spark,tensorflow","python,r,scala,sql"
Machine Learning Engineer,"excel,r",excel,r
Machine Learning Engineer,"api,r",,r
Machine Learning Engineer,r,,r
Data Scientist,"excel,hadoop,linux,python,r,scala,spark,sql,unix","excel,hadoop,spark","python,r,scala,sql"
Machine Learning Engineer,"api,docker,excel,kubernetes,python,pytorch,r,scala,tensorflow","docker,excel,kubernetes,pytorch,tensorflow","python,r,scala"
Machine Learning Engineer,"api,r",,r
Data Scientist,"aws,azure,django,flask,java,matplotlib,numpy,pandas,python,pytorch,r,scikit-learn,sql,tableau,tensorflow","aws,azure,matplotlib,numpy,pandas,pytorch,scikit-learn,tableau,tensorflow","java,python,r,sql"
Machine Learning Engineer,r,,r
Data Analyst,"excel,java,power bi,python,r,sql,tableau","excel,power bi,tableau","java,python,r,sql"
Machine Learning Engineer,"excel,java,python,pytorch,r,scala,scikit-learn,tensorflow","excel,pytorch,scikit-learn,tensorflow","java,python,r,scala"
Machine Learning Engineer,"api,aws,azure,excel,gcp,numpy,pandas,python,pytorch,r,tensorflow","aws,azure,excel,gcp,numpy,pandas,pytorch,tensorflow","python,r"
Data Scientist,"excel,python,r,spark,sql","excel,spark","python,r,sql"
Data Analyst,r,,r
Data Scientist,"linux,python,r,spark,sql",spark,"python,r,sql"
Machine Learning Engineer,"api,r",,r
Machine Learning Engineer,"api,docker,excel,hadoop,java,kubernetes,python,pytorch,r,scala,scikit-learn,spark,tensorflow","docker,excel,hadoop,kubernetes,pytorch,scikit-learn,spark,tensorflow","java,python,r,scala"
Machine Learning Engineer,r,,r
Data Analyst,"git,r",git,r
Machine Learning Engineer,"aws,azure,excel,gcp,python,pytorch,r,scala,spark,sql,tensorflow","aws,azure,excel,gcp,pytorch,spark,tensorflow","python,r,scala,sql"
Data Scientist,"power bi,python,r,sql,tableau","power bi,tableau","python,r,sql"
Machine Learning Engineer,r,,r
Data Analyst,"api,excel,python,r,sql",excel,"python,r,sql"
Data Analyst,"aws,css,excel,r","aws,excel","css,r"
Data Scientist,"excel,python,pytorch,r,sas,sql,tensorflow","excel,pytorch,tensorflow","python,r,sas,sql"
Data Scientist,"hadoop,java,python,r,sas,spark,sql","hadoop,spark","java,python,r,sas,sql"
Data Scientist,"aws,azure,power bi,python,r,sql","aws,azure,power bi","python,r,sql"
Machine Learning Engineer,"aws,excel,r","aws,excel",r
Machine Learning Engineer,"api,r",,r
Data Analyst,"r,sql",,"r,sql"
Data Analyst,"excel,power bi,r,sql","excel,power bi","r,sql"
Data Analyst,"git,power bi,r,scala,tableau","git,power bi,tableau","r,scala"
Machine Learning Engineer,r,,r
Machine Learning Engineer,r,,r
Machine Learning Engineer,"api,aws,azure,excel,gcp,numpy,pandas,python,r,tensorflow","aws,azure,excel,gcp,numpy,pandas,tensorflow","python,r"
Machine Learning Engineer,"aws,azure,docker,gcp,kubernetes,python,pytorch,r,scala,scikit-learn,tensorflow","aws,azure,docker,gcp,kubernetes,pytorch,scikit-learn,tensorflow","python,r,scala"
Data Analyst,r,,r
Machine Learning Engineer,"aws,r",aws,r
Data Analyst,"excel,r,sql",excel,"r,sql"
Machine Learning Engineer,"api,r,scala,spark",spark,"r,scala"
Machine Learning Engineer,"api,aws,django,docker,excel,gcp,git,kubernetes,python,r,scala","aws,docker,excel,gcp,git,kubernetes","python,r,scala"
Data Analyst,"excel,hadoop,power bi,python,r,spark,sql,tableau","excel,hadoop,power bi,spark,tableau","python,r,sql"
Data Scientist,"css,python,r",,"css,python,r"
Machine Learning Engineer,"api,r",,r
Data Analyst,"aws,azure,flask,gcp,git,html,power bi,python,r,shiny,sql,tableau","aws,azure,gcp,git,power bi,shiny,tableau","html,python,r,sql"
Machine Learning Engineer,r,,r
Machine Learning Engineer,"api,r,scala",,"r,scala"
Data Scientist,"aws,azure,docker,git,java,python,r,scala,spark,tableau","aws,azure,docker,git,spark,tableau","java,python,r,scala"
Machine Learning Engineer,"api,docker,excel,kubernetes,python,pytorch,r,scala,tensorflow","docker,excel,kubernetes,pytorch,tensorflow","python,r,scala"
Machine Learning Engineer,"api,excel,java,python,r,scala",excel,"java,python,r,scala"
Data Scientist,"python,r,sql",,"python,r,sql"
Data Scientist,"aws,azure,docker,gcp,git,keras,python,pytorch,r,spark,tensorflow","aws,azure,docker,gcp,git,keras,pytorch,spark,tensorflow","python,r"
Data Analyst,"r,sql,tableau",tableau,"r,sql"
Machine Learning Engineer,"c++,docker,excel,java,kubernetes,numpy,python,pytorch,r","docker,excel,kubernetes,numpy,pytorch","c++,java,python,r"
Machine Learning Engineer,"aws,azure,excel,gcp,git,python,r,scala,sql","aws,azure,excel,gcp,git","python,r,scala,sql"
Machine Learning Engineer,"api,aws,azure,java,python,pytorch,r,scala,scikit-learn,spark,tensorflow","aws,azure,pytorch,scikit-learn,spark,tensorflow","java,python,r,scala"
Machine Learning Engineer,"api,aws,azure,excel,gcp,numpy,pandas,python,r,tensorflow","aws,azure,excel,gcp,numpy,pandas,tensorflow","python,r"
Data Analyst,"excel,git,python,r,sql","excel,git","python,r,sql"
Data Analyst,"api,excel,gcp,git,python,r,sas,sql","excel,gcp,git","python,r,sas,sql"
Machine Learning Engineer,"api,docker,excel,kubernetes,python,pytorch,r,scala,tensorflow","docker,excel,kubernetes,pytorch,tensorflow","python,r,scala"
Machine Learning Engineer,"excel,r,sas",excel,"r,sas"
Data Analyst,"api,excel,git,r,tableau","excel,git,tableau",r
Machine Learning Engineer,"aws,excel,r,sas","aws,excel","r,sas"
Machine Learning Engineer,"api,excel,pytorch,r,scala,tensorflow","excel,pytorch,tensorflow","r,scala"
Data Scientist,"aws,azure,power bi,python,r,tableau","aws,azure,power bi,tableau","python,r"
Data Analyst,"excel,power bi,r","excel,power bi",r
Machine Learning Engineer,r,,r
Data Scientist,"api,excel,python,r",excel,"python,r"
Machine Learning Engineer,"api,r",,r
Machine Learning Engineer,"api,r",,r
Machine Learning Engineer,"api,c++,excel,java,python,r",excel,"c++,java,python,r"
Machine Learning Engineer,"excel,r",excel,r
Data Analyst,"api,excel,git,r,tableau","excel,git,tableau",r
Machine Learning Engineer,"api,r,scala,spark",spark,"r,scala"
Machine Learning Engineer,"api,aws,azure,excel,gcp,numpy,pandas,python,r,tensorflow","aws,azure,excel,gcp,numpy,pandas,tensorflow","python,r"
Machine Learning Engineer,r,,r
Data Scientist,"excel,java,python,r,sql",excel,"java,python,r,sql"
Data Analyst,"api,aws,excel,power bi,python,r,scala","aws,excel,power bi","python,r,scala"
Data Analyst,r,,r
Data Analyst,"excel,git,r,scala,sql","excel,git","r,scala,sql"
Machine Learning Engineer,"css,git,html,java,json,r,scala",git,"css,html,java,r,scala"
Data Scientist,"azure,python,r,spark,sql","azure,spark","python,r,sql"
Machine Learning Engineer,"api,git,java,kubernetes,python,r,spark,sql","git,kubernetes,spark","java,python,r,sql"
Machine Learning Engineer,"aws,azure,git,python,r,scala,spark,sql,tableau","aws,azure,git,spark,tableau","python,r,scala,sql"
Machine Learning Engineer,"api,aws,azure,excel,gcp,numpy,pandas,python,r,tensorflow","aws,azure,excel,gcp,numpy,pandas,tensorflow","python,r"
Machine Learning Engineer,"api,aws,docker,git,kubernetes,python,r,sql","aws,docker,git,kubernetes","python,r,sql"
Machine Learning Engineer,"api,python,r",,"python,r"
Machine Learning Engineer,"api,r,scala,spark",spark,"r,scala"
Machine Learning Engineer,"c++,git,python,pytorch,r,tensorflow","git,pytorch,tensorflow","c++,python,r"
Machine Learning Engineer,"api,aws,azure,excel,gcp,numpy,pandas,python,r,tensorflow","aws,azure,excel,gcp,numpy,pandas,tensorflow","python,r"
Data Analyst,"aws,azure,java,python,r,scala","aws,azure","java,python,r,scala"
Machine Learning Engineer,"git,r",git,r
Data Scientist,"c++,r,sql",,"c++,r,sql"
Data Analyst,"excel,git,python,r,sql","excel,git","python,r,sql"
Data Analyst,"excel,r,sas,sql,tableau","excel,tableau","r,sas,sql"
Machine Learning Engineer,"aws,docker,excel,java,kubernetes,r,spark","aws,docker,excel,kubernetes,spark","java,r"
Machine Learning Engineer,"api,aws,azure,excel,gcp,numpy,pandas,python,pytorch,r,tensorflow","aws,azure,excel,gcp,numpy,pandas,pytorch,tensorflow","python,r"
Data Analyst,"excel,git,r","excel,git",r
Machine Learning Engineer,"api,r",,r
Data Scientist,"azure,gcp,python,pytorch,r,sql,tensorflow","azure,gcp,pytorch,tensorflow","python,r,sql"
Machine Learning Engineer,"excel,r",excel,r
Data Scientist,"git,hadoop,python,r,sas,spark,sql","git,hadoop,spark","python,r,sas,sql"
Machine Learning Engineer,"api,excel,python,r",excel,"python,r"
Machine Learning Engineer,"api,c++,linux,python,r,scala,spark,sql",spark,"c++,python,r,scala,sql"
Data Scientist,"excel,python,r,sas,sql",excel,"python,r,sas,sql"
Machine Learning Engineer,r,,r
Machine Learning Engineer,"api,azure,excel,python,r,soap,sql","azure,excel","python,r,sql"
Machine Learning Engineer,"excel,r",excel,r
Machine Learning Engineer,"api,excel,gcp,git,kubernetes,python,pytorch,r,tensorflow","excel,gcp,git,kubernetes,pytorch,tensorflow","python,r"
Machine Learning Engineer,"api,aws,azure,excel,gcp,hadoop,python,r,scala,spark","aws,azure,excel,gcp,hadoop,spark","python,r,scala"
Machine Learning Engineer,"java,python,r,scala",,"java,python,r,scala"
Data Scientist,"excel,python,r,tableau","excel,tableau","python,r"
Data Analyst,"excel,r",excel,r
Machine Learning Engineer,"excel,r",excel,r
Machine Learning Engineer,"excel,r",excel,r
Machine Learning Engineer,"api,aws,azure,docker,gcp,git,kubernetes,power bi,python,r,sql,tableau","aws,azure,docker,gcp,git,kubernetes,power bi,tableau","python,r,sql"
Machine Learning Engineer,"api,r",,r
Data Analyst,"power bi,python,r,sql",power bi,"python,r,sql"
Machine Learning Engineer,"api,excel,r",excel,r
Data Analyst,"api,aws,git,python,r,spark,sql","aws,git,spark","python,r,sql"
Machine Learning Engineer,"api,aws,azure,java,python,pytorch,r,scala,scikit-learn,spark,tensorflow","aws,azure,pytorch,scikit-learn,spark,tensorflow","java,python,r,scala"
Machine Learning Engineer,r,,r
Machine Learning Engineer,r,,r
Machine Learning Engineer,"api,aws,r,scala",aws,"r,scala"
Machine Learning Engineer,"aws,azure,excel,gcp,git,python,r,scala,sql","aws,azure,excel,gcp,git","python,r,scala,sql"
Machine Learning Engineer,"api,aws,azure,excel,gcp,numpy,pandas,python,r,tensorflow","aws,azure,excel,gcp,numpy,pandas,tensorflow","python,r"
Machine Learning Engineer,"api,aws,azure,docker,gcp,kubernetes,python,r,sql","aws,azure,docker,gcp,kubernetes","python,r,sql"
Data Scientist,"excel,r,scala",excel,"r,scala"
Data Analyst,"aws,excel,power bi,r,sas,sql,tableau","aws,excel,power bi,tableau","r,sas,sql"
Data Scientist,"api,excel,python,r,sql,tableau","excel,tableau","python,r,sql"
Machine Learning Engineer,"api,aws,azure,gcp,keras,python,pytorch,r,scala,sql,tensorflow","aws,azure,gcp,keras,pytorch,tensorflow","python,r,scala,sql"
Data Scientist,"api,aws,numpy,pandas,python,pytorch,r,tensorflow","aws,numpy,pandas,pytorch,tensorflow","python,r"
Machine Learning Engineer,"api,aws,azure,excel,gcp,numpy,pandas,python,r,tensorflow","aws,azure,excel,gcp,numpy,pandas,tensorflow","python,r"
Machine Learning Engineer,"excel,r",excel,r
Data Scientist,"git,numpy,pandas,python,r,scikit-learn,sql,tensorflow","git,numpy,pandas,scikit-learn,tensorflow","python,r,sql"
Machine Learning Engineer,"excel,r",excel,r
Machine Learning Engineer,"api,java,python,r,sql",,"java,python,r,sql"
Machine Learning Engineer,"api,c++,excel,git,linux,numpy,pandas,python,pytorch,r,scala,tensorflow","excel,git,numpy,pandas,pytorch,tensorflow","c++,python,r,scala"
Machine Learning Engineer,r,,r
Machine Learning Engineer,"excel,r",excel,r
Machine Learning Engineer,"api,r",,r
Machine Learning Engineer,"api,docker,excel,kubernetes,python,pytorch,r,scala,tensorflow","docker,excel,kubernetes,pytorch,tensorflow","python,r,scala"
Data Scientist,"python,r,sql",,"python,r,sql"
Machine Learning Engineer,r,,r
Data Scientist,"docker,git,kubernetes,linux,numpy,python,pytorch,r,sas,sql,tableau,tensorflow,unix","docker,git,kubernetes,numpy,pytorch,tableau,tensorflow","python,r,sas,sql"
Data Scientist,"aws,azure,excel,gcp,git,python,r,sas","aws,azure,excel,gcp,git","python,r,sas"
Data Scientist,"api,excel,python,r,scala,sql",excel,"python,r,scala,sql"
Data Scientist,"api,excel,r",excel,r
Data Scientist,"aws,azure,excel,git,pytorch,r,tensorflow","aws,azure,excel,git,pytorch,tensorflow",r
Machine Learning Engineer,"api,aws,excel,pytorch,r,scala,tensorflow","aws,excel,pytorch,tensorflow","r,scala"
Machine Learning Engineer,"aws,c++,excel,python,pytorch,r,scala,tensorflow","aws,excel,pytorch,tensorflow","c++,python,r,scala"
Data Analyst,"api,excel,python,r,sas,sql,tableau","excel,tableau","python,r,sas,sql"
Machine Learning Engineer,"api,excel,r",excel,r
Data Analyst,"python,r,sql",,"python,r,sql"
Data Analyst,"excel,power bi,r,sql","excel,power bi","r,sql"
Data Scientist,"excel,git,python,pytorch,r,spark,sql","excel,git,pytorch,spark","python,r,sql"
Data Scientist,"aws,matlab,python,r,sas,shiny,sql,tableau,vue","aws,shiny,tableau","matlab,python,r,sas,sql"
Machine Learning Engineer,r,,r
Data Analyst,r,,r
Machine Learning Engineer,r,,r
Machine Learning Engineer,"excel,r",excel,r
Data Scientist,"api,aws,azure,hadoop,keras,python,pytorch,r,scikit-learn,spark,tensorflow","aws,azure,hadoop,keras,pytorch,scikit-learn,spark,tensorflow","python,r"
Data Scientist,"r,tableau",tableau,r
Data Scientist,"aws,r,sql",aws,"r,sql"
Data Analyst,"azure,git,power bi,r","azure,git,power bi",r
Machine Learning Engineer,"linux,python,r,sql",,"python,r,sql"
Data Scientist,"excel,r,sql",excel,"r,sql"
Machine Learning Engineer,"excel,r",excel,r
Machine Learning Engineer,"api,aws,python,r,sql",aws,"python,r,sql"
Machine Learning Engineer,r,,r
Data Analyst,"api,aws,git,python,r,spark,sql","aws,git,spark","python,r,sql"
Data Scientist,"api,aws,numpy,pandas,python,pytorch,r,tensorflow","aws,numpy,pandas,pytorch,tensorflow","python,r"
Machine Learning Engineer,"excel,r",excel,r
Data Scientist,r,,r
Machine Learning Engineer,"excel,hadoop,matlab,python,r,sas,spark,sql","excel,hadoop,spark","matlab,python,r,sas,sql"
Machine Learning Engineer,"api,r",,r
Machine Learning Engineer,"aws,excel,r","aws,excel",r
Machine Learning Engineer,"excel,git,r","excel,git",r
Data Analyst,"api,aws,excel,r,sas,scala,tableau","aws,excel,tableau","r,sas,scala"
Data Scientist,"excel,pytorch,r","excel,pytorch",r
Data Scientist,"aws,python,r,spark,tableau","aws,spark,tableau","python,r"
Data Scientist,"excel,java,python,r,scala,sql",excel,"java,python,r,scala,sql"
Machine Learning Engineer,"excel,r,sql",excel,"r,sql"
Machine Learning Engineer,"api,aws,azure,hadoop,python,r,spark,sql","aws,azure,hadoop,spark","python,r,sql"
Machine Learning Engineer,"api,r",,r
Data Analyst,r,,r
Machine Learning Engineer,r,,r
Machine Learning Engineer,"excel,r,sql,tableau","excel,tableau","r,sql"
Data Scientist,"aws,c++,excel,git,julia,python,r,scala,spark,sql","aws,excel,git,spark","c++,julia,python,r,scala,sql"
Data Analyst,"api,excel,python,r,sql,tableau","excel,tableau","python,r,sql"
Machine Learning Engineer,r,,r
Data Analyst,"excel,power bi,python,r,sql,tableau","excel,power bi,tableau","python,r,sql"
Machine Learning Engineer,"git,r",git,r
Data Scientist,"python,r,sql",,"python,r,sql"
Data Analyst,"api,excel,python,r,sql,tableau","excel,tableau","python,r,sql"
Machine Learning Engineer,"api,excel,r",excel,r
Machine Learning Engineer,"aws,excel,r","aws,excel",r
Machine Learning Engineer,"api,r,scala,spark",spark,"r,scala"
Machine Learning Engineer,"api,excel,gcp,git,kubernetes,python,pytorch,r,tensorflow","excel,gcp,git,kubernetes,pytorch,tensorflow","python,r"
Data Analyst,"excel,r",excel,r
Data Scientist,"aws,python,r,spark,sql","aws,spark","python,r,sql"
Machine Learning Engineer,"aws,git,numpy,pandas,python,r,seaborn,sql","aws,git,numpy,pandas,seaborn","python,r,sql"
Machine Learning Engineer,"api,r,scala,spark",spark,"r,scala"
Machine Learning Engineer,r,,r
Machine Learning Engineer,"api,aws,git,r","aws,git",r
Machine Learning Engineer,"api,r",,r
Data Scientist,"api,excel,r",excel,r
Machine Learning Engineer,"api,excel,python,r,tensorflow","excel,tensorflow","python,r"
Machine Learning Engineer,"api,aws,git,r","aws,git",r
Machine Learning Engineer,"excel,r",excel,r
Data Analyst,"excel,git,python,r,sql","excel,git","python,r,sql"
Data Scientist,"python,r,sql",,"python,r,sql"
Data Scientist,"aws,azure,java,python,r,scala,spark,sql","aws,azure,spark","java,python,r,scala,sql"
Machine Learning Engineer,"api,r",,r
Machine Learning Engineer,"excel,r",excel,r
Data Analyst,"excel,power bi,python,r,sql,tableau","excel,power bi,tableau","python,r,sql"
Machine Learning Engineer,r,,r
Machine Learning Engineer,"api,excel,r,scala",excel,"r,scala"
Data Analyst,"excel,power bi,r,sql","excel,power bi","r,sql"
Machine Learning Engineer,"excel,r",excel,r
Machine Learning Engineer,"api,r",,r
Machine Learning Engineer,"api,excel,python,r,scala",excel,"python,r,scala"
Machine Learning Engineer,"excel,r",excel,r
Data Scientist,r,,r
Machine Learning Engineer,"api,r,scala,spark",spark,"r,scala"
Data Scientist,"api,aws,azure,gcp,hadoop,python,r,spark,sql","aws,azure,gcp,hadoop,spark","python,r,sql"
Data Analyst,"excel,r",excel,r
Machine Learning Engineer,"aws,c++,python,pytorch,r,tensorflow","aws,pytorch,tensorflow","c++,python,r"
Machine Learning Engineer,"api,r,scala,spark",spark,"r,scala"
Machine Learning Engineer,"api,aws,docker,git,keras,kubernetes,linux,python,pytorch,r,sql,tensorflow","aws,docker,git,keras,kubernetes,pytorch,tensorflow","python,r,sql"
Machine Learning Engineer,"api,aws,azure,excel,gcp,numpy,pandas,python,r,scala,sql,tensorflow","aws,azure,excel,gcp,numpy,pandas,tensorflow","python,r,scala,sql"
Data Scientist,"python,r,scala,scikit-learn,spark,sql,tensorflow","scikit-learn,spark,tensorflow","python,r,scala,sql"
Data Scientist,"excel,gcp,r","excel,gcp",r
Data Scientist,"git,hadoop,python,r,sas,spark,sql","git,hadoop,spark","python,r,sas,sql"
Machine Learning Engineer,"css,docker,git,html,java,linux,r","docker,git","css,html,java,r"
Machine Learning Engineer,r,,r
Machine Learning Engineer,"api,aws,excel,pytorch,r,scala","aws,excel,pytorch","r,scala"
Machine Learning Engineer,"api,r,scala",,"r,scala"
Machine Learning Engineer,"api,r",,r
Data Scientist,"api,aws,azure,gcp,git,hadoop,json,kubernetes,python,r,scikit-learn,shell,spark,sql,unix,xml","aws,azure,gcp,git,hadoop,kubernetes,scikit-learn,spark","python,r,shell,sql"
Machine Learning Engineer,"aws,c++,pytorch,r,scala,tensorflow","aws,pytorch,tensorflow","c++,r,scala"
Machine Learning Engineer,r,,r
Machine Learning Engineer,"c++,git,linux,python,pytorch,r,tensorflow","git,pytorch,tensorflow","c++,python,r"
Data Analyst,"gcp,r,sas",gcp,"r,sas"
Machine Learning Engineer,"excel,python,r,sas,sql",excel,"python,r,sas,sql"
Machine Learning Engineer,"aws,c++,pytorch,r,scala,tensorflow","aws,pytorch,tensorflow","c++,r,scala"
Machine Learning Engineer,r,,r
Machine Learning Engineer,"api,r,scala,spark",spark,"r,scala"
Machine Learning Engineer,"excel,r",excel,r
Data Scientist,"aws,docker,python,r,spark,sql","aws,docker,spark","python,r,sql"
Machine Learning Engineer,"api,aws,azure,excel,gcp,numpy,pandas,python,r,tensorflow","aws,azure,excel,gcp,numpy,pandas,tensorflow","python,r"
Data Analyst,"excel,r",excel,r
Machine Learning Engineer,"api,docker,excel,kubernetes,python,pytorch,r,scala,tensorflow","docker,excel,kubernetes,pytorch,tensorflow","python,r,scala"
Machine Learning Engineer,r,,r
Data Scientist,"excel,hadoop,keras,numpy,pandas,python,r,scikit-learn,scipy,spark,sql,tensorflow","excel,hadoop,keras,numpy,pandas,scikit-learn,scipy,spark,tensorflow","python,r,sql"
Machine Learning Engineer,"excel,r",excel,r
Data Scientist,"excel,hadoop,python,r,scala,spark,sql,unix","excel,hadoop,spark","python,r,scala,sql"
Machine Learning Engineer,"python,pytorch,r,scala,spark,tensorflow","pytorch,spark,tensorflow","python,r,scala"
Data Scientist,"excel,git,keras,matplotlib,numpy,pandas,python,pytorch,r,scikit-learn,seaborn,tensorflow","excel,git,keras,matplotlib,numpy,pandas,pytorch,scikit-learn,seaborn,tensorflow","python,r"
Machine Learning Engineer,"api,r",,r
Machine Learning Engineer,"aws,azure,excel,gcp,git,python,r,scala,sql","aws,azure,excel,gcp,git","python,r,scala,sql"
Machine Learning Engineer,"api,aws,azure,java,python,pytorch,r,scala,scikit-learn,spark,tensorflow","aws,azure,pytorch,scikit-learn,spark,tensorflow","java,python,r,scala"
Data Scientist,"api,excel,python,r,sql",excel,"python,r,sql"
Machine Learning Engineer,"bash,excel,git,java,kubernetes,linux,python,r","excel,git,kubernetes","bash,java,python,r"
Data Scientist,"aws,python,r,sql",aws,"python,r,sql"
Data Scientist,"aws,git,java,python,r,scala,sql","aws,git","java,python,r,scala,sql"
Machine Learning Engineer,r,,r
Machine Learning Engineer,"pytorch,r,scala,tensorflow","pytorch,tensorflow","r,scala"
Machine Learning Engineer,"api,aws,azure,java,python,pytorch,r,scala,scikit-learn,spark,tensorflow","aws,azure,pytorch,scikit-learn,spark,tensorflow","java,python,r,scala"
Data Scientist,"c++,git,java,julia,python,r",git,"c++,java,julia,python,r"
Machine Learning Engineer,"api,r",,r
Data Scientist,"python,r,scala,sql",,"python,r,scala,sql"
Data Analyst,"excel,r,tableau","excel,tableau",r
Machine Learning Engineer,"api,linux,r,scala,spark",spark,"r,scala"
Data Analyst,"api,excel,power bi,r,sql","excel,power bi","r,sql"
Machine Learning Engineer,"api,r,scala,spark",spark,"r,scala"
Machine Learning Engineer,"api,aws,git,r","aws,git",r
Machine Learning Engineer,"aws,c++,docker,excel,git,python,pytorch,r","aws,docker,excel,git,pytorch","c++,python,r"
Machine Learning Engineer,"api,r",,r
Data Scientist,"excel,git,power bi,python,r,sql","excel,git,power bi","python,r,sql"
Data Analyst,"api,r,tableau",tableau,r
Machine Learning Engineer,"api,r",,r
Machine Learning Engineer,"excel,python,pytorch,r,scala,tensorflow","excel,pytorch,tensorflow","python,r,scala"
Data Analyst,"excel,power bi,python,r,sql,tableau","excel,power bi,tableau","python,r,sql"
Machine Learning Engineer,"aws,docker,git,python,r,scala,spark","aws,docker,git,spark","python,r,scala"
Machine Learning Engineer,"api,excel,r",excel,r
Data Analyst,"excel,power bi,python,r,sql,tableau","excel,power bi,tableau","python,r,sql"
Machine Learning Engineer,"azure,git,kubernetes,python,r,scala,scikit-learn,shell,spark","azure,git,kubernetes,scikit-learn,spark","python,r,scala,shell"
Machine Learning Engineer,r,,r
Machine Learning Engineer,"api,aws,azure,java,python,pytorch,r,scala,scikit-learn,spark,tensorflow","aws,azure,pytorch,scikit-learn,spark,tensorflow","java,python,r,scala"
Machine Learning Engineer,"api,aws,azure,excel,gcp,numpy,pandas,python,r,tensorflow","aws,azure,excel,gcp,numpy,pandas,tensorflow","python,r"
Data Analyst,"excel,power bi,python,r,sql,tableau","excel,power bi,tableau","python,r,sql"
Data Analyst,"api,excel,git,r,tableau","excel,git,tableau",r
Data Analyst,"excel,git,python,r,sql","excel,git","python,r,sql"
Data Scientist,"api,excel,r",excel,r
Data Scientist,"aws,azure,gcp,git,java,python,r,scala,spark,sql,tableau","aws,azure,gcp,git,spark,tableau","java,python,r,scala,sql"
Data Scientist,"api,aws,azure,gcp,hadoop,python,r,sql","aws,azure,gcp,hadoop","python,r,sql"
Data Analyst,r,,r
Data Analyst,"excel,git,python,r,scala,sql,tableau","excel,git,tableau","python,r,scala,sql"
Machine Learning Engineer,r,,r
Data Scientist,"python,r,sql",,"python,r,sql"
Machine Learning Engineer,"r,xml",,r
Machine Learning Engineer,"api,aws,azure,excel,gcp,numpy,pandas,python,r,tensorflow","aws,azure,excel,gcp,numpy,pandas,tensorflow","python,r"
Machine Learning Engineer,"excel,git,python,r,scala,tensorflow","excel,git,tensorflow","python,r,scala"
Machine Learning Engineer,"api,aws,azure,keras,numpy,python,r,scikit-learn,scipy,tensorflow","aws,azure,keras,numpy,scikit-learn,scipy,tensorflow","python,r"
Data Scientist,"aws,python,r,sql",aws,"python,r,sql"
Machine Learning Engineer,"api,aws,java,python,pytorch,r,scala,scikit-learn,spark,tensorflow","aws,pytorch,scikit-learn,spark,tensorflow","java,python,r,scala"
Machine Learning Engineer,"api,aws,azure,excel,gcp,numpy,pandas,python,r,tensorflow","aws,azure,excel,gcp,numpy,pandas,tensorflow","python,r"
Machine Learning Engineer,"excel,r,scala",excel,"r,scala"
Machine Learning Engineer,r,,r
Machine Learning Engineer,r,,r
Machine Learning Engineer,"api,aws,azure,docker,gcp,kubernetes,numpy,pandas,python,r,scala,spark,sql","aws,azure,docker,gcp,kubernetes,numpy,pandas,spark","python,r,scala,sql"
Data Scientist,"api,aws,excel,git,python,r,scala,spark","aws,excel,git,spark","python,r,scala"
Machine Learning Engineer,"api,r",,r
Machine Learning Engineer,r,,r
Data Scientist,"aws,azure,gcp,hadoop,python,r,spark,sql","aws,azure,gcp,hadoop,spark","python,r,sql"
Data Analyst,"excel,git,python,r,sql","excel,git","python,r,sql"
Data Scientist,"api,aws,git,keras,numpy,pandas,python,r,scikit-learn,scipy,sql","aws,git,keras,numpy,pandas,scikit-learn,scipy","python,r,sql"
Machine Learning Engineer,r,,r
Machine Learning Engineer,"api,aws,docker,kubernetes,python,pytorch,r,tensorflow","aws,docker,kubernetes,pytorch,tensorflow","python,r"
Machine Learning Engineer,"api,aws,git,r","aws,git",r
Data Analyst,"excel,git,python,r,sql","excel,git","python,r,sql"
Machine Learning Engineer,"api,aws,azure,excel,gcp,numpy,pandas,python,r,tensorflow","aws,azure,excel,gcp,numpy,pandas,tensorflow","python,r"
Machine Learning Engineer,"html,r",,"html,r"
Machine Learning Engineer,r,,r
Machine Learning Engineer,"api,r",,r
Data Analyst,"excel,git,python,r,sql","excel,git","python,r,sql"
Data Scientist,"aws,azure,excel,gcp,git,python,r,sas","aws,azure,excel,gcp,git","python,r,sas"
Data Analyst,"git,python,r,sql,tableau","git,tableau","python,r,sql"
Machine Learning Engineer,"c++,git,linux,python,r",git,"c++,python,r"
Machine Learning Engineer,"api,r",,r
Data Scientist,r,,r
Machine Learning Engineer,"excel,python,pytorch,r,tensorflow","excel,pytorch,tensorflow","python,r"
Machine Learning Engineer,r,,r
Machine Learning Engineer,"api,aws,azure,java,python,pytorch,r,scala,scikit-learn,spark,tensorflow","aws,azure,pytorch,scikit-learn,spark,tensorflow","java,python,r,scala"
Machine Learning Engineer,r,,r
Machine Learning Engineer,r,,r
Data Analyst,"api,excel,python,r,sql,tableau","excel,tableau","python,r,sql"
Data Analyst,"excel,git,python,r,sql","excel,git","python,r,sql"
Data Scientist,"python,r,sql",,"python,r,sql"
Data Analyst,"excel,power bi,python,r,sql,tableau","excel,power bi,tableau","python,r,sql"
Data Scientist,"api,excel,matlab,pandas,python,r,sql","excel,pandas","matlab,python,r,sql"
Machine Learning Engineer,"api,docker,excel,kubernetes,python,pytorch,r,scala,tensorflow","docker,excel,kubernetes,pytorch,tensorflow","python,r,scala"
Data Analyst,"aws,excel,html,power bi,python,r,sql,tableau","aws,excel,power bi,tableau","html,python,r,sql"
Machine Learning Engineer,"aws,excel,r","aws,excel",r
Data Scientist,"api,aws,c++,excel,ggplot,git,java,matplotlib,python,r,scala,spark,sql,tableau,tensorflow","aws,excel,ggplot,git,matplotlib,spark,tableau,tensorflow","c++,java,python,r,scala,sql"
Data Analyst,"excel,git,python,r,sql","excel,git","python,r,sql"
Machine Learning Engineer,"api,r",,r
Data Analyst,"excel,hadoop,r,sql","excel,hadoop","r,sql"
Data Scientist,"api,excel,python,r,sql",excel,"python,r,sql"
Machine Learning Engineer,"api,r",,r
Data Scientist,"numpy,python,r,sql",numpy,"python,r,sql"
Data Scientist,"aws,power bi,python,r,spark,sql,tableau","aws,power bi,spark,tableau","python,r,sql"
Machine Learning Engineer,"excel,r",excel,r
Machine Learning Engineer,"aws,excel,r","aws,excel",r
Data Analyst,"excel,r",excel,r
Data Analyst,"aws,azure,excel,r,sql","aws,azure,excel","r,sql"
Machine Learning Engineer,"excel,python,pytorch,r,tensorflow","excel,pytorch,tensorflow","python,r"
Machine Learning Engineer,r,,r
Data Scientist,"python,r,sql",,"python,r,sql"
Machine Learning Engineer,"api,aws,excel,pytorch,r,scala","aws,excel,pytorch","r,scala"
Machine Learning Engineer,r,,r
Machine Learning Engineer,"excel,r",excel,r
Machine Learning Engineer,"api,r",,r
Machine Learning Engineer,"aws,r",aws,r
Machine Learning Engineer,r,,r
Machine Learning Engineer,"api,aws,azure,java,python,pytorch,r,scala,scikit-learn,spark,tensorflow","aws,azure,pytorch,scikit-learn,spark,tensorflow","java,python,r,scala"
Machine Learning Engineer,"api,excel,r",excel,r
Data Analyst,"aws,excel,git,power bi,r,sql,tableau","aws,excel,git,power bi,tableau","r,sql"
Data Scientist,"aws,excel,git,hadoop,python,r,scala,spark,sql","aws,excel,git,hadoop,spark","python,r,scala,sql"
Machine Learning Engineer,"aws,excel,hadoop,kubernetes,r,spark,tensorflow","aws,excel,hadoop,kubernetes,spark,tensorflow",r
Data Scientist,"excel,python,r,sql",excel,"python,r,sql"
Machine Learning Engineer,"keras,pytorch,r,tensorflow","keras,pytorch,tensorflow",r
Machine Learning Engineer,r,,r
Data Scientist,"ggplot,python,r,sql,tableau","ggplot,tableau","python,r,sql"
Data Scientist,"excel,r",excel,r
Machine Learning Engineer,"numpy,pandas,python,r,scikit-learn,scipy,spark","numpy,pandas,scikit-learn,scipy,spark","python,r"
Data Scientist,"api,aws,azure,power bi,python,r,sql,tableau","aws,azure,power bi,tableau","python,r,sql"
Machine Learning Engineer,"api,matlab,python,r",,"matlab,python,r"
Machine Learning Engineer,"aws,excel,hadoop,kubernetes,r","aws,excel,hadoop,kubernetes",r
Data Scientist,r,,r
Data Scientist,"api,aws,python,pytorch,r,spark,sql","aws,pytorch,spark","python,r,sql"
Machine Learning Engineer,"api,r",,r
Data Scientist,"matlab,python,r,sas,scala,sql,vue",,"matlab,python,r,sas,scala,sql"
Machine Learning Engineer,"api,r",,r
Data Analyst,"excel,r",excel,r
Data Scientist,"excel,hadoop,python,r,scala,spark,sql,unix","excel,hadoop,spark","python,r,scala,sql"
Data Analyst,"excel,r",excel,r
Data Scientist,"excel,git,keras,matplotlib,numpy,pandas,python,pytorch,r,scikit-learn,seaborn,tensorflow","excel,git,keras,matplotlib,numpy,pandas,pytorch,scikit-learn,seaborn,tensorflow","python,r"
Data Scientist,"git,python,r,sql",git,"python,r,sql"
Machine Learning Engineer,"excel,r",excel,r
Machine Learning Engineer,"aws,azure,excel,gcp,git,hadoop,python,pytorch,r,scala,spark,sql,tensorflow","aws,azure,excel,gcp,git,hadoop,pytorch,spark,tensorflow","python,r,scala,sql"
Data Scientist,"aws,azure,linux,numpy,pandas,python,pytorch,r,spark,tensorflow","aws,azure,numpy,pandas,pytorch,spark,tensorflow","python,r"
Machine Learning Engineer,"api,aws,pytorch,r","aws,pytorch",r
Data Analyst,"api,r",,r
Data Scientist,"python,r,sql",,"python,r,sql"
Machine Learning Engineer,"aws,gcp,pytorch,r,tensorflow","aws,gcp,pytorch,tensorflow",r
Data Analyst,"excel,git,python,r,sql","excel,git","python,r,sql"
Machine Learning Engineer,r,,r
Machine Learning Engineer,"api,aws,azure,c++,docker,excel,git,kubernetes,python,pytorch,r","aws,azure,docker,excel,git,kubernetes,pytorch","c++,python,r"
Machine Learning Engineer,"excel,r",excel,r
Data Analyst,"excel,power bi,python,r,sql,tableau","excel,power bi,tableau","python,r,sql"
Machine Learning Engineer,"excel,r,sas",excel,"r,sas"
Data Scientist,"java,matlab,power bi,python,r,sas,scikit-learn,shiny,spark,sql,tableau","power bi,scikit-learn,shiny,spark,tableau","java,matlab,python,r,sas,sql"
Machine Learning Engineer,"api,aws,django,docker,excel,gcp,git,kubernetes,python,r,scala,sql","aws,docker,excel,gcp,git,kubernetes","python,r,scala,sql"
Data Scientist,"aws,python,r,spark,tableau","aws,spark,tableau","python,r"
Machine Learning Engineer,"r,scala",,"r,scala"
Data Scientist,"aws,python,r",aws,"python,r"
Machine Learning Engineer,"api,aws,django,docker,excel,gcp,git,kubernetes,python,r,scala","aws,docker,excel,gcp,git,kubernetes","python,r,scala"
Machine Learning Engineer,"excel,r",excel,r
Machine Learning Engineer,"git,r,scala",git,"r,scala"
Machine Learning Engineer,"api,r",,r
Data Scientist,"excel,python,r,sql,tableau","excel,tableau","python,r,sql"
Data Scientist,"excel,json,python,r,scala,sql,xml",excel,"python,r,scala,sql"
Data Analyst,"aws,matlab,power bi,python,r,scala,sql,tableau","aws,power bi,tableau","matlab,python,r,scala,sql"
Data Analyst,"excel,r",excel,r
Machine Learning Engineer,r,,r
Machine Learning Engineer,"c++,git,python,pytorch,r,scikit-learn,tensorflow","git,pytorch,scikit-learn,tensorflow","c++,python,r"
Machine Learning Engineer,r,,r
Data Scientist,"aws,azure,bash,docker,gcp,keras,kubernetes,linux,python,pytorch,r,tensorflow","aws,azure,docker,gcp,keras,kubernetes,pytorch,tensorflow","bash,python,r"
Machine Learning Engineer,"angular,azure,excel,java,python,r,scala","azure,excel","java,python,r,scala"
Data Scientist,"c++,linux,numpy,pandas,python,r,spark","numpy,pandas,spark","c++,python,r"
Data Scientist,"aws,git,hadoop,python,r,sas,spark,sql","aws,git,hadoop,spark","python,r,sas,sql"
Machine Learning Engineer,"excel,r",excel,r
Data Analyst,"excel,power bi,python,r,sas,sql,tableau","excel,power bi,tableau","python,r,sas,sql"
Machine Learning Engineer,"api,r,scala,spark,sql",spark,"r,scala,sql"
Machine Learning Engineer,r,,r
Data Analyst,"aws,azure,python,r,sql,tableau","aws,azure,tableau","python,r,sql"
Machine Learning Engineer,"excel,r",excel,r
Data Scientist,"aws,docker,git,python,r,scala,spark,tableau","aws,docker,git,spark,tableau","python,r,scala"
Data Scientist,"aws,r",aws,r
Machine Learning Engineer,"excel,r,sql,tableau","excel,tableau","r,sql"
Data Scientist,"aws,gcp,python,pytorch,r,sas,scala,sql,tensorflow","aws,gcp,pytorch,tensorflow","python,r,sas,scala,sql"
Machine Learning Engineer,r,,r
Data Scientist,"python,r,scala,sql",,"python,r,scala,sql"
Data Scientist,"api,aws,excel,hadoop,linux,numpy,pandas,python,r,scala,scikit-learn,sql","aws,excel,hadoop,numpy,pandas,scikit-learn","python,r,scala,sql"
Data Scientist,"aws,excel,python,pytorch,r,scikit-learn,spark,tensorflow","aws,excel,pytorch,scikit-learn,spark,tensorflow","python,r"
Data Scientist,"excel,python,r",excel,"python,r"
Data Analyst,"aws,excel,python,r,sql","aws,excel","python,r,sql"
Data Scientist,"python,r,sql",,"python,r,sql"
Machine Learning Engineer,"api,aws,azure,java,python,pytorch,r,scala,scikit-learn,spark,tensorflow","aws,azure,pytorch,scikit-learn,spark,tensorflow","java,python,r,scala"
Data Analyst,"excel,power bi,python,r,sql,tableau","excel,power bi,tableau","python,r,sql"
Machine Learning Engineer,"aws,r",aws,r
Machine Learning Engineer,"aws,excel,r","aws,excel",r
Machine Learning Engineer,"api,aws,azure,java,python,pytorch,r,scala,scikit-learn,spark,tensorflow","aws,azure,pytorch,scikit-learn,spark,tensorflow","java,python,r,scala"
Data Scientist,"aws,azure,c++,excel,gcp,hadoop,python,pytorch,r,spark,sql,tensorflow","aws,azure,excel,gcp,hadoop,pytorch,spark,tensorflow","c++,python,r,sql"
Machine Learning Engineer,"api,aws,r,scala",aws,"r,scala"
Data Analyst,"excel,git,python,r,sql","excel,git","python,r,sql"
Data Analyst,"excel,power bi,python,r,sql,tableau","excel,power bi,tableau","python,r,sql"
Data Scientist,"api,aws,azure,gcp,git,java,kubernetes,python,pytorch,r,scala,tensorflow","aws,azure,gcp,git,kubernetes,pytorch,tensorflow","java,python,r,scala"
Data Analyst,"excel,r,sql,tableau","excel,tableau","r,sql"
Data Scientist,"excel,python,r,sql,tableau","excel,tableau","python,r,sql"
Data Scientist,"power bi,python,r,sas,scala,spark,tableau","power bi,spark,tableau","python,r,sas,scala"
Machine Learning Engineer,"excel,r",excel,r
Machine Learning Engineer,"excel,python,r",excel,"python,r"
Machine Learning Engineer,"api,r,scala,spark",spark,"r,scala"
Machine Learning Engineer,"api,aws,azure,excel,gcp,numpy,pandas,python,r,tensorflow","aws,azure,excel,gcp,numpy,pandas,tensorflow","python,r"
Data Analyst,"aws,git,power bi,python,r,spark,sql,tableau","aws,git,power bi,spark,tableau","python,r,sql"
Data Scientist,"aws,c++,excel,git,hadoop,java,python,r,spark","aws,excel,git,hadoop,spark","c++,java,python,r"
Machine Learning Engineer,"git,r",git,r
Machine Learning Engineer,"api,aws,azure,excel,gcp,numpy,pandas,python,r,tensorflow","aws,azure,excel,gcp,numpy,pandas,tensorflow","python,r"
Data Analyst,"api,excel,power bi,r,sql,tableau","excel,power bi,tableau","r,sql"
Data Analyst,"api,excel,git,r,tableau","excel,git,tableau",r
Data Scientist,"hadoop,java,python,pytorch,r,scala,spark,tensorflow","hadoop,pytorch,spark,tensorflow","java,python,r,scala"
Machine Learning Engineer,"excel,r",excel,r
Data Scientist,"c++,excel,git,matlab,python,r,sas","excel,git","c++,matlab,python,r,sas"
Data Scientist,"linux,numpy,pandas,python,r,shell","numpy,pandas","python,r,shell"
Data Analyst,"excel,git,python,r,sql","excel,git","python,r,sql"
Machine Learning Engineer,"api,docker,excel,kubernetes,python,pytorch,r,scala,tensorflow","docker,excel,kubernetes,pytorch,tensorflow","python,r,scala"
Machine Learning Engineer,"aws,excel,python,pytorch,r,scala,tensorflow","aws,excel,pytorch,tensorflow","python,r,scala"
Data Analyst,"excel,java,power bi,python,r,sql,tableau","excel,power bi,tableau","java,python,r,sql"
Data Scientist,"azure,excel,python,r,sas,scala,spark,sql","azure,excel,spark","python,r,sas,scala,sql"
Machine Learning Engineer,"excel,r",excel,r
Data Analyst,"excel,java,power bi,python,r,sql,tableau","excel,power bi,tableau","java,python,r,sql"
Data Analyst,"excel,git,power bi,python,r,sas,sql,tableau","excel,git,power bi,tableau","python,r,sas,sql"
Machine Learning Engineer,"c++,linux,python,pytorch,r,tensorflow,unix","pytorch,tensorflow","c++,python,r"
Machine Learning Engineer,"aws,azure,docker,git,r,sql","aws,azure,docker,git","r,sql"
Data Analyst,"api,power bi,r",power bi,r
Machine Learning Engineer,"aws,python,r,sql",aws,"python,r,sql"
Machine Learning Engineer,"api,aws,azure,gcp,kubernetes,python,r,sql","aws,azure,gcp,kubernetes","python,r,sql"
Machine Learning Engineer,"api,aws,c++,docker,git,java,kubernetes,python,r,scala","aws,docker,git,kubernetes","c++,java,python,r,scala"
Data Analyst,"azure,gcp,power bi,python,r,spark,sql,tableau","azure,gcp,power bi,spark,tableau","python,r,sql"
Machine Learning Engineer,"api,r",,r
Data Scientist,"python,r,scala,spark,sql",spark,"python,r,scala,sql"
Machine Learning Engineer,"api,aws,azure,java,python,pytorch,r,scala,scikit-learn,spark,tensorflow","aws,azure,pytorch,scikit-learn,spark,tensorflow","java,python,r,scala"
Machine Learning Engineer,"excel,r",excel,r
Machine Learning Engineer,"api,r,scala,spark",spark,"r,scala"
Data Analyst,"r,sql",,"r,sql"
Machine Learning Engineer,"c++,python,r",,"c++,python,r"
Data Scientist,"api,aws,numpy,pandas,python,pytorch,r,tensorflow","aws,numpy,pandas,pytorch,tensorflow","python,r"
Machine Learning Engineer,r,,r
Data Analyst,"excel,power bi,r,sql","excel,power bi","r,sql"
Data Analyst,"api,power bi,r,sql,tableau","power bi,tableau","r,sql"
Machine Learning Engineer,"excel,r",excel,r
Machine Learning Engineer,"api,aws,r,scala",aws,"r,scala"
Data Analyst,"azure,gcp,power bi,python,r,spark,sql,tableau","azure,gcp,power bi,spark,tableau","python,r,sql"
Machine Learning Engineer,"excel,r",excel,r
Data Scientist,"hadoop,java,python,r,spark,sql,tableau","hadoop,spark,tableau","java,python,r,sql"
Machine Learning Engineer,"api,aws,azure,excel,gcp,numpy,pandas,python,r,tensorflow","aws,azure,excel,gcp,numpy,pandas,tensorflow","python,r"
Data Analyst,"java,matlab,python,r",,"java,matlab,python,r"
Data Scientist,"aws,azure,excel,hadoop,python,pytorch,r,scala,spark,tensorflow","aws,azure,excel,hadoop,pytorch,spark,tensorflow","python,r,scala"
Data Scientist,"python,r,scala,sql",,"python,r,scala,sql"
Machine Learning Engineer,r,,r
Data Scientist,"aws,excel,python,pytorch,r,scikit-learn,spark,tableau,tensorflow","aws,excel,pytorch,scikit-learn,spark,tableau,tensorflow","python,r"
Data Analyst,"excel,power bi,python,r,sql,tableau","excel,power bi,tableau","python,r,sql"
Data Scientist,"c++,excel,java,matlab,python,r,sql",excel,"c++,java,matlab,python,r,sql"
Machine Learning Engineer,"aws,r",aws,r
Data Scientist,"api,excel,r",excel,r
Data Analyst,"api,aws,excel,power bi,r,sql,tableau","aws,excel,power bi,tableau","r,sql"
Machine Learning Engineer,"api,aws,azure,excel,gcp,numpy,pandas,python,r,tensorflow","aws,azure,excel,gcp,numpy,pandas,tensorflow","python,r"
Data Scientist,"java,python,r",,"java,python,r"
Machine Learning Engineer,"api,aws,azure,excel,gcp,numpy,pandas,python,r,tensorflow","aws,azure,excel,gcp,numpy,pandas,tensorflow","python,r"
Machine Learning Engineer,"api,aws,azure,excel,gcp,numpy,pandas,python,r,tensorflow","aws,azure,excel,gcp,numpy,pandas,tensorflow","python,r"
Machine Learning Engineer,"excel,r",excel,r
Data Scientist,"excel,hadoop,java,power bi,python,r,sas,spark,sql,tableau","excel,hadoop,power bi,spark,tableau","java,python,r,sas,sql"
Data Analyst,"excel,matlab,python,r,sas,sql",excel,"matlab,python,r,sas,sql"
Data Analyst,"r,sql,xml",,"r,sql"
Machine Learning Engineer,"api,r",,r
Data Scientist,"aws,azure,gcp,matplotlib,pandas,python,pytorch,r,scikit-learn,tensorflow","aws,azure,gcp,matplotlib,pandas,pytorch,scikit-learn,tensorflow","python,r"
Machine Learning Engineer,r,,r
Data Scientist,"excel,python,r,scala,sql",excel,"python,r,scala,sql"
Data Analyst,"api,css,excel,git,html,java,json,pandas,power bi,python,r,sql,xml","excel,git,pandas,power bi","css,html,java,python,r,sql"
Data Analyst,"bash,excel,java,json,linux,matplotlib,numpy,pandas,python,pytorch,r,sas,scikit-learn,scipy,shell,spark,sql,tableau,tensorflow","excel,matplotlib,numpy,pandas,pytorch,scikit-learn,scipy,spark,tableau,tensorflow","bash,java,python,r,sas,shell,sql"
Machine Learning Engineer,r,,r
Machine Learning Engineer,r,,r
Machine Learning Engineer,"api,aws,azure,java,python,pytorch,r,scala,scikit-learn,spark,tableau,tensorflow","aws,azure,pytorch,scikit-learn,spark,tableau,tensorflow","java,python,r,scala"
Machine Learning Engineer,"gcp,git,keras,python,pytorch,r","gcp,git,keras,pytorch","python,r"
Machine Learning Engineer,"excel,git,r","excel,git",r
Data Scientist,"c++,excel,git,python,pytorch,r,tensorflow","excel,git,pytorch,tensorflow","c++,python,r"
Machine Learning Engineer,"aws,excel,r","aws,excel",r
Machine Learning Engineer,r,,r
Data Scientist,"excel,power bi,python,r,sql","excel,power bi","python,r,sql"
Data Scientist,"python,pytorch,r,scala,tensorflow","pytorch,tensorflow","python,r,scala"
Machine Learning Engineer,"api,r",,r
Machine Learning Engineer,r,,r
Machine Learning Engineer,"api,aws,git,r","aws,git",r
Machine Learning Engineer,r,,r
Data Scientist,"aws,c++,excel,git,hadoop,java,python,r,spark","aws,excel,git,hadoop,spark","c++,java,python,r"
Machine Learning Engineer,"api,excel,r",excel,r
Data Analyst,"excel,r,sql",excel,"r,sql"
Machine Learning Engineer,"excel,java,python,pytorch,r,scala,scikit-learn,tensorflow","excel,pytorch,scikit-learn,tensorflow","java,python,r,scala"
Data Analyst,"excel,git,power bi,r,sql,tableau","excel,git,power bi,tableau","r,sql"
Machine Learning Engineer,"excel,r",excel,r
Data Analyst,"excel,python,r,sql,tableau","excel,tableau","python,r,sql"
Machine Learning Engineer,"api,aws,excel,python,r,scala,spark,sql","aws,excel,spark","python,r,scala,sql"
Data Analyst,"excel,git,python,r,sql","excel,git","python,r,sql"
Machine Learning Engineer,"api,aws,azure,java,python,pytorch,r,scala,scikit-learn,spark,tensorflow","aws,azure,pytorch,scikit-learn,spark,tensorflow","java,python,r,scala"
Data Scientist,"excel,python,r,sas,sql",excel,"python,r,sas,sql"
Machine Learning Engineer,"aws,azure,excel,git,python,pytorch,r,scikit-learn,tensorflow","aws,azure,excel,git,pytorch,scikit-learn,tensorflow","python,r"
Data Scientist,"excel,git,hadoop,python,r,scala,spark,sql","excel,git,hadoop,spark","python,r,scala,sql"
Machine Learning Engineer,"api,aws,azure,hadoop,java,python,pytorch,r,scala,scikit-learn,spark,tensorflow","aws,azure,hadoop,pytorch,scikit-learn,spark,tensorflow","java,python,r,scala"
Data Analyst,"api,azure,excel,python,r,sql,tableau","azure,excel,tableau","python,r,sql"
Machine Learning Engineer,"api,r,scala,spark",spark,"r,scala"
Machine Learning Engineer,"aws,kubernetes,linux,python,pytorch,r,scala,tensorflow","aws,kubernetes,pytorch,tensorflow","python,r,scala"
Data Analyst,"excel,r",excel,r
Data Analyst,"excel,r,sql",excel,"r,sql"
Data Analyst,"excel,python,r,sas,sql,tableau","excel,tableau","python,r,sas,sql"
Machine Learning Engineer,"excel,r",excel,r
Machine Learning Engineer,"api,r",,r
Data Analyst,r,,r
Machine Learning Engineer,"api,r,scala,spark",spark,"r,scala"
Data Scientist,"aws,python,r,scikit-learn,sql,tensorflow","aws,scikit-learn,tensorflow","python,r,sql"
Data Analyst,"aws,azure,java,python,r,scala","aws,azure","java,python,r,scala"
Data Analyst,"api,excel,python,r,sas,sql",excel,"python,r,sas,sql"
Machine Learning Engineer,"aws,excel,r","aws,excel",r
Data Scientist,r,,r
Data Analyst,"azure,gcp,power bi,python,r,spark,sql,tableau","azure,gcp,power bi,spark,tableau","python,r,sql"
Machine Learning Engineer,r,,r
Data Analyst,"java,python,r,sql,tableau",tableau,"java,python,r,sql"
Data Scientist,"api,excel,r",excel,r
Machine Learning Engineer,"api,aws,azure,java,python,pytorch,r,scala,scikit-learn,spark,tensorflow","aws,azure,pytorch,scikit-learn,spark,tensorflow","java,python,r,scala"
Machine Learning Engineer,"aws,c++,python,pytorch,r,tensorflow","aws,pytorch,tensorflow","c++,python,r"
Machine Learning Engineer,"excel,hadoop,matlab,python,r,sas,spark,sql","excel,hadoop,spark","matlab,python,r,sas,sql"
Data Analyst,"api,excel,git,r,sql,tableau","excel,git,tableau","r,sql"
Machine Learning Engineer,"api,aws,azure,excel,gcp,numpy,pandas,python,r,tensorflow","aws,azure,excel,gcp,numpy,pandas,tensorflow","python,r"
Data Analyst,"excel,power bi,python,r,sas,sql,tableau","excel,power bi,tableau","python,r,sas,sql"
Data Scientist,"python,r,sql",,"python,r,sql"
Machine Learning Engineer,"c++,java,python,r,sas,scala,spark,sql",spark,"c++,java,python,r,sas,scala,sql"
Machine Learning Engineer,"excel,java,python,pytorch,r,scala,scikit-learn,tensorflow","excel,pytorch,scikit-learn,tensorflow","java,python,r,scala"
Machine Learning Engineer,"excel,r",excel,r
Machine Learning Engineer,"excel,numpy,pandas,pytorch,r,scala,scikit-learn,tensorflow","excel,numpy,pandas,pytorch,scikit-learn,tensorflow","r,scala"
Data Analyst,"bash,git,linux,matlab,python,r,unix",git,"bash,matlab,python,r"
Data Scientist,"excel,python,r,sql,tableau","excel,tableau","python,r,sql"
Machine Learning Engineer,"aws,azure,gcp,hadoop,python,r,scala,spark,sql","aws,azure,gcp,hadoop,spark","python,r,scala,sql"
Machine Learning Engineer,"excel,r",excel,r
Machine Learning Engineer,"c++,git,python,pytorch,r,tensorflow","git,pytorch,tensorflow","c++,python,r"
Machine Learning Engineer,"excel,r,sas",excel,"r,sas"
Machine Learning Engineer,"api,r,scala,spark",spark,"r,scala"
Machine Learning Engineer,"api,aws,azure,excel,gcp,numpy,pandas,python,pytorch,r,tensorflow","aws,azure,excel,gcp,numpy,pandas,pytorch,tensorflow","python,r"
Machine Learning Engineer,"aws,azure,docker,excel,gcp,kubernetes,linux,python,pytorch,r,sql","aws,azure,docker,excel,gcp,kubernetes,pytorch","python,r,sql"
Data Scientist,"excel,git,python,r","excel,git","python,r"
Data Scientist,"python,r,scala,sql",,"python,r,scala,sql"
Data Analyst,"excel,power bi,python,r,sql,tableau","excel,power bi,tableau","python,r,sql"
Data Scientist,"aws,azure,gcp,git,hadoop,keras,numpy,pandas,python,pytorch,r,spark,sql,tableau,tensorflow","aws,azure,gcp,git,hadoop,keras,numpy,pandas,pytorch,spark,tableau,tensorflow","python,r,sql"
Data Analyst,"aws,excel,power bi,python,r,sas,sql,tableau","aws,excel,power bi,tableau","python,r,sas,sql"
Machine Learning Engineer,"excel,r",excel,r
Machine Learning Engineer,"api,aws,r",aws,r
Machine Learning Engineer,"api,c++,r",,"c++,r"
Machine Learning Engineer,r,,r
Data Scientist,"aws,numpy,pandas,python,pytorch,r,scikit-learn,tensorflow","aws,numpy,pandas,pytorch,scikit-learn,tensorflow","python,r"
Machine Learning Engineer,"api,docker,excel,hadoop,java,kubernetes,python,pytorch,r,scala,scikit-learn,spark,tensorflow","docker,excel,hadoop,kubernetes,pytorch,scikit-learn,spark,tensorflow","java,python,r,scala"
Data Analyst,"r,sql,tableau",tableau,"r,sql"
Machine Learning Engineer,r,,r
Data Scientist,"excel,git,hadoop,python,r,spark,sql","excel,git,hadoop,spark","python,r,sql"
Machine Learning Engineer,"excel,r",excel,r
Machine Learning Engineer,"c++,python,r",,"c++,python,r"
Data Analyst,"aws,excel,power bi,r,sql","aws,excel,power bi","r,sql"
Machine Learning Engineer,"api,aws,azure,excel,gcp,numpy,pandas,python,pytorch,r,tensorflow","aws,azure,excel,gcp,numpy,pandas,pytorch,tensorflow","python,r"
Data Analyst,"excel,git,python,r,sql","excel,git","python,r,sql"
Data Analyst,"excel,gcp,r,sql,tableau,unix","excel,gcp,tableau","r,sql"
Data Analyst,"aws,python,r,scala,spark,sql","aws,spark","python,r,scala,sql"
Data Analyst,"api,json,python,r,sas,sql,tableau,xml",tableau,"python,r,sas,sql"
Data Scientist,"aws,excel,python,r,sql","aws,excel","python,r,sql"
Machine Learning Engineer,"api,aws,html,java,python,pytorch,r,scala,scikit-learn,spark,tensorflow","aws,pytorch,scikit-learn,spark,tensorflow","html,java,python,r,scala"
Machine Learning Engineer,"api,r,scala,spark",spark,"r,scala"
Data Scientist,"excel,git,json,python,r,sql,tableau","excel,git,tableau","python,r,sql"
Machine Learning Engineer,"aws,r,sas",aws,"r,sas"
Machine Learning Engineer,"api,aws,docker,hadoop,java,kubernetes,python,pytorch,r,scala,scikit-learn,spark,sql,tensorflow","aws,docker,hadoop,kubernetes,pytorch,scikit-learn,spark,tensorflow","java,python,r,scala,sql"
Machine Learning Engineer,"aws,r",aws,r
Machine Learning Engineer,"python,pytorch,r,scala,spark,tensorflow","pytorch,spark,tensorflow","python,r,scala"
Data Scientist,"excel,r,sql,tableau","excel,tableau","r,sql"
Data Scientist,"python,r,sql",,"python,r,sql"
Machine Learning Engineer,"api,r",,r
Data Scientist,"python,r,sql",,"python,r,sql"
Data Analyst,"aws,excel,python,r,sql,tableau","aws,excel,tableau","python,r,sql"
Data Analyst,"excel,git,python,r,sql","excel,git","python,r,sql"
Machine Learning Engineer,"api,aws,azure,excel,gcp,numpy,pandas,python,r,tensorflow","aws,azure,excel,gcp,numpy,pandas,tensorflow","python,r"
Data Analyst,"excel,r,scala,sql",excel,"r,scala,sql"
Data Analyst,"excel,python,r,sql",excel,"python,r,sql"
Machine Learning Engineer,"api,aws,azure,excel,gcp,numpy,pandas,python,pytorch,r,tensorflow","aws,azure,excel,gcp,numpy,pandas,pytorch,tensorflow","python,r"
Machine Learning Engineer,"excel,r",excel,r
Machine Learning Engineer,r,,r
Data Scientist,"api,aws,azure,docker,excel,git,java,kubernetes,python,r,scala,spark,sql","aws,azure,docker,excel,git,kubernetes,spark","java,python,r,scala,sql"
Data Analyst,"git,r",git,r
Machine Learning Engineer,"excel,r",excel,r
Machine Learning Engineer,"api,r",,r
Data Analyst,"aws,excel,python,r,sql","aws,excel","python,r,sql"
Machine Learning Engineer,r,,r
Data Scientist,"aws,docker,kubernetes,python,r,sql","aws,docker,kubernetes","python,r,sql"
Machine Learning Engineer,"excel,r",excel,r
Data Analyst,"excel,git,pandas,python,r,sql,tableau","excel,git,pandas,tableau","python,r,sql"
Data Scientist,"excel,python,pytorch,r,spark,sql,tensorflow","excel,pytorch,spark,tensorflow","python,r,sql"
Machine Learning Engineer,"api,aws,azure,docker,gcp,git,kubernetes,linux,python,r,sql","aws,azure,docker,gcp,git,kubernetes","python,r,sql"
Machine Learning Engineer,"aws,excel,r","aws,excel",r
Data Scientist,"python,r,sas,sql,tableau",tableau,"python,r,sas,sql"
Machine Learning Engineer,r,,r
Machine Learning Engineer,"api,aws,azure,java,python,pytorch,r,scala,scikit-learn,spark,tensorflow","aws,azure,pytorch,scikit-learn,spark,tensorflow","java,python,r,scala"
Machine Learning Engineer,"api,aws,excel,r,scala","aws,excel","r,scala"
Data Scientist,"git,python,r,spark,sql","git,spark","python,r,sql"
Machine Learning Engineer,"api,r",,r
Data Analyst,"excel,r,sql",excel,"r,sql"
Data Scientist,"api,excel,git,python,r,sql,tableau","excel,git,tableau","python,r,sql"
Machine Learning Engineer,"api,r",,r
Machine Learning Engineer,"api,r",,r
Machine Learning Engineer,"api,aws,azure,java,python,pytorch,r,scala,scikit-learn,spark,tensorflow","aws,azure,pytorch,scikit-learn,spark,tensorflow","java,python,r,scala"
Machine Learning Engineer,"git,r",git,r
Data Analyst,"api,excel,r",excel,r
Machine Learning Engineer,"api,r",,r
Machine Learning Engineer,"api,docker,excel,hadoop,java,kubernetes,python,pytorch,r,scala,scikit-learn,spark,tensorflow","docker,excel,hadoop,kubernetes,pytorch,scikit-learn,spark,tensorflow","java,python,r,scala"
Data Analyst,"aws,r",aws,r
Machine Learning Engineer,"excel,r",excel,r
Machine Learning Engineer,"api,excel,r",excel,r
Machine Learning Engineer,"excel,git,r","excel,git",r
Machine Learning Engineer,"excel,r",excel,r
Data Scientist,"api,docker,kubernetes,pandas,python,r,sql,tableau","docker,kubernetes,pandas,tableau","python,r,sql"
Machine Learning Engineer,"api,excel,r",excel,r
Data Analyst,"excel,git,power bi,r,sql,tableau","excel,git,power bi,tableau","r,sql"
Data Analyst,"excel,power bi,r","excel,power bi",r
Data Analyst,"excel,power bi,python,r,sql,tableau","excel,power bi,tableau","python,r,sql"
Data Scientist,"excel,hadoop,java,python,r,scala,spark,sql","excel,hadoop,spark","java,python,r,scala,sql"
Machine Learning Engineer,r,,r
Data Analyst,"html,json,python,r,sas,sql,xml",,"html,python,r,sas,sql"
Data Scientist,"api,aws,python,pytorch,r,spark,sql","aws,pytorch,spark","python,r,sql"
Machine Learning Engineer,"excel,r",excel,r
Data Scientist,"api,git,julia,matlab,python,r,shiny","git,shiny","julia,matlab,python,r"
Machine Learning Engineer,"excel,r",excel,r
Machine Learning Engineer,"api,aws,azure,java,python,pytorch,r,scala,scikit-learn,spark,tensorflow","aws,azure,pytorch,scikit-learn,spark,tensorflow","java,python,r,scala"
Machine Learning Engineer,"aws,azure,excel,gcp,git,python,r,scala,sql","aws,azure,excel,gcp,git","python,r,scala,sql"
Machine Learning Engineer,r,,r
Machine Learning Engineer,r,,r
Machine Learning Engineer,r,,r
Machine Learning Engineer,"api,docker,excel,kubernetes,python,pytorch,r,scala,tensorflow","docker,excel,kubernetes,pytorch,tensorflow","python,r,scala"
Machine Learning Engineer,r,,r
Data Scientist,"api,aws,azure,gcp,git,java,keras,python,r,scala,spark,sql,tensorflow","aws,azure,gcp,git,keras,spark,tensorflow","java,python,r,scala,sql"
Data Analyst,"git,r",git,r
Machine Learning Engineer,"api,aws,azure,excel,gcp,numpy,pandas,python,r,tensorflow","aws,azure,excel,gcp,numpy,pandas,tensorflow","python,r"
Machine Learning Engineer,"api,aws,excel,r,scala","aws,excel","r,scala"
Machine Learning Engineer,r,,r
Data Scientist,"aws,azure,power bi,python,r,tableau","aws,azure,power bi,tableau","python,r"
Data Analyst,"excel,r",excel,r
Machine Learning Engineer,"api,bash,hadoop,linux,python,r,scala,spark,sql","hadoop,spark","bash,python,r,scala,sql"
Data Scientist,r,,r
Machine Learning Engineer,"api,r",,r
Data Analyst,"excel,java,power bi,python,r,sql,tableau","excel,power bi,tableau","java,python,r,sql"
Machine Learning Engineer,"api,aws,azure,excel,gcp,numpy,pandas,python,r,tensorflow","aws,azure,excel,gcp,numpy,pandas,tensorflow","python,r"
Machine Learning Engineer,"excel,r",excel,r
Data Scientist,"aws,excel,git,python,r,sql","aws,excel,git","python,r,sql"
Machine Learning Engineer,"api,aws,r,scala",aws,"r,scala"
Machine Learning Engineer,"api,r,scala,spark",spark,"r,scala"
Data Analyst,"api,aws,r,tableau,unix","aws,tableau",r
Data Analyst,"excel,git,python,r,sql","excel,git","python,r,sql"
Machine Learning Engineer,r,,r
Data Analyst,"r,sql,tableau",tableau,"r,sql"
Machine Learning Engineer,"azure,git,r","azure,git",r
Machine Learning Engineer,"api,java,python,r,sql",,"java,python,r,sql"
Machine Learning Engineer,"api,excel,r",excel,r
Machine Learning Engineer,"excel,r",excel,r
Machine Learning Engineer,"matlab,r",,"matlab,r"
Data Scientist,"git,python,r",git,"python,r"
Data Analyst,"excel,r,tableau","excel,tableau",r
Machine Learning Engineer,"api,docker,excel,kubernetes,python,pytorch,r,scala,tensorflow","docker,excel,kubernetes,pytorch,tensorflow","python,r,scala"
Data Analyst,"excel,git,python,r,sql","excel,git","python,r,sql"
Data Analyst,"api,r",,r
Data Analyst,r,,r
Machine Learning Engineer,r,,r
Machine Learning Engineer,"excel,r,sas",excel,"r,sas"
Data Analyst,"python,r,sql,tableau",tableau,"python,r,sql"
Data Scientist,"excel,numpy,pandas,python,r,scikit-learn,spark,sql","excel,numpy,pandas,scikit-learn,spark","python,r,sql"
Data Analyst,"r,sql",,"r,sql"
Data Scientist,"aws,azure,docker,excel,gcp,git,kubernetes,pandas,python,r,scala,scikit-learn,spark","aws,azure,docker,excel,gcp,git,kubernetes,pandas,scikit-learn,spark","python,r,scala"
Data Analyst,"api,git,power bi,python,r,sql,tableau","git,power bi,tableau","python,r,sql"
Machine Learning Engineer,"api,r,scala,spark",spark,"r,scala"
Data Scientist,"aws,azure,gcp,python,r,tableau","aws,azure,gcp,tableau","python,r"
Data Analyst,"excel,r",excel,r
Machine Learning Engineer,"aws,excel,java,python,r,spark,sql","aws,excel,spark","java,python,r,sql"
Machine Learning Engineer,"api,docker,excel,kubernetes,python,pytorch,r,scala,tensorflow","docker,excel,kubernetes,pytorch,tensorflow","python,r,scala"
Machine Learning Engineer,"aws,excel,python,r,scala","aws,excel","python,r,scala"
Machine Learning Engineer,"api,r",,r
Data Scientist,"aws,r,sql",aws,"r,sql"
Data Analyst,"excel,r,sql,tableau","excel,tableau","r,sql"
Machine Learning Engineer,"api,aws,azure,java,python,pytorch,r,scala,scikit-learn,spark,tensorflow","aws,azure,pytorch,scikit-learn,spark,tensorflow","java,python,r,scala"
Data Scientist,"hadoop,power bi,python,r,spark,sql,tableau","hadoop,power bi,spark,tableau","python,r,sql"
Machine Learning Engineer,"api,excel,r",excel,r
Data Analyst,"excel,r",excel,r
Machine Learning Engineer,r,,r
Data Scientist,"aws,azure,c++,gcp,git,linux,matlab,python,r","aws,azure,gcp,git","c++,matlab,python,r"
Data Analyst,"excel,python,r,sql,tableau","excel,tableau","python,r,sql"
Machine Learning Engineer,"aws,git,python,r","aws,git","python,r"
Machine Learning Engineer,r,,r
Machine Learning Engineer,r,,r
Data Analyst,"excel,java,power bi,python,r,sql,tableau","excel,power bi,tableau","java,python,r,sql"
Data Scientist,"excel,python,r,tableau","excel,tableau","python,r"
Machine Learning Engineer,"aws,c++,git,hadoop,java,kubernetes,python,r,spark","aws,git,hadoop,kubernetes,spark","c++,java,python,r"
Data Scientist,"aws,azure,python,r,sql","aws,azure","python,r,sql"
Data Scientist,"api,r,sql",,"r,sql"
Data Analyst,"api,excel,r",excel,r
Data Analyst,"excel,git,python,r,sql","excel,git","python,r,sql"
Machine Learning Engineer,r,,r
Data Scientist,r,,r
Data Analyst,"api,excel,python,r,sql,tableau","excel,tableau","python,r,sql"
Machine Learning Engineer,"c++,python,pytorch,r",pytorch,"c++,python,r"
Data Scientist,"aws,c++,excel,java,python,r,spark,sql","aws,excel,spark","c++,java,python,r,sql"
Machine Learning Engineer,"api,aws,azure,java,python,pytorch,r,scala,scikit-learn,spark,tensorflow","aws,azure,pytorch,scikit-learn,spark,tensorflow","java,python,r,scala"
Data Scientist,"aws,azure,excel,hadoop,keras,python,pytorch,r,spark,sql,tensorflow","aws,azure,excel,hadoop,keras,pytorch,spark,tensorflow","python,r,sql"
Machine Learning Engineer,"excel,r",excel,r
Machine Learning Engineer,"api,r,scala",,"r,scala"
Machine Learning Engineer,"api,aws,azure,java,python,pytorch,r,scala,scikit-learn,spark,tensorflow","aws,azure,pytorch,scikit-learn,spark,tensorflow","java,python,r,scala"
Data Analyst,"api,excel,python,r,sql",excel,"python,r,sql"
Data Scientist,"c++,hadoop,java,python,r,scala,spark,sql,tableau","hadoop,spark,tableau","c++,java,python,r,scala,sql"
Data Scientist,"api,git,julia,matlab,python,r,shiny","git,shiny","julia,matlab,python,r"
Data Analyst,"excel,r,sql",excel,"r,sql"
Machine Learning Engineer,"api,aws,azure,excel,gcp,numpy,pandas,python,r,tensorflow","aws,azure,excel,gcp,numpy,pandas,tensorflow","python,r"
Machine Learning Engineer,"api,docker,excel,kubernetes,python,pytorch,r,scala,tensorflow","docker,excel,kubernetes,pytorch,tensorflow","python,r,scala"
Machine Learning Engineer,"api,aws,azure,excel,gcp,numpy,pandas,python,pytorch,r,sql,tensorflow","aws,azure,excel,gcp,numpy,pandas,pytorch,tensorflow","python,r,sql"
Machine Learning Engineer,"excel,git,r","excel,git",r
Data Analyst,"excel,power bi,python,r,sql,tableau","excel,power bi,tableau","python,r,sql"
Machine Learning Engineer,"api,aws,django,docker,excel,gcp,git,kubernetes,python,r,scala","aws,docker,excel,gcp,git,kubernetes","python,r,scala"
Data Scientist,"aws,r",aws,r
Machine Learning Engineer,"api,aws,azure,docker,hadoop,java,kubernetes,python,pytorch,r,scala,scikit-learn,spark,sql,tensorflow","aws,azure,docker,hadoop,kubernetes,pytorch,scikit-learn,spark,tensorflow","java,python,r,scala,sql"
Machine Learning Engineer,"git,r",git,r
Data Analyst,"hadoop,power bi,python,r,sas,scala,spark,sql,tableau","hadoop,power bi,spark,tableau","python,r,sas,scala,sql"
Machine Learning Engineer,"excel,r",excel,r
Machine Learning Engineer,"aws,azure,excel,gcp,git,python,r,scala,sql","aws,azure,excel,gcp,git","python,r,scala,sql"
Machine Learning Engineer,r,,r
Machine Learning Engineer,"excel,hadoop,matlab,python,r,sas,spark,sql","excel,hadoop,spark","matlab,python,r,sas,sql"
Data Scientist,"excel,r,scala,shiny,tableau","excel,shiny,tableau","r,scala"
Data Analyst,"excel,r",excel,r
Data Analyst,"excel,r",excel,r
Data Analyst,"api,excel,python,r,sql,tableau","excel,tableau","python,r,sql"
Data Analyst,"hadoop,python,r,sql,tableau","hadoop,tableau","python,r,sql"
Machine Learning Engineer,"api,excel,r",excel,r
Data Scientist,"excel,python,r,sql,tableau","excel,tableau","python,r,sql"
Data Scientist,"power bi,python,r,sql",power bi,"python,r,sql"
Data Analyst,"excel,git,python,r,sql","excel,git","python,r,sql"
Machine Learning Engineer,"excel,r",excel,r
Data Analyst,"excel,power bi,python,r,sql,tableau","excel,power bi,tableau","python,r,sql"
Machine Learning Engineer,"aws,kubernetes,python,r,shell","aws,kubernetes","python,r,shell"
Machine Learning Engineer,"api,excel,keras,numpy,python,pytorch,r,scikit-learn,scipy,tensorflow","excel,keras,numpy,pytorch,scikit-learn,scipy,tensorflow","python,r"
Machine Learning Engineer,"excel,r",excel,r
Data Scientist,"python,r,scala,sql",,"python,r,scala,sql"
Data Analyst,"excel,r,tableau","excel,tableau",r
Machine Learning Engineer,"excel,r",excel,r
Machine Learning Engineer,"aws,azure,excel,gcp,git,python,r,scala,sql","aws,azure,excel,gcp,git","python,r,scala,sql"
Machine Learning Engineer,"api,r",,r
Data Analyst,"git,r",git,r
Machine Learning Engineer,"api,excel,gcp,git,kubernetes,python,pytorch,r,tensorflow","excel,gcp,git,kubernetes,pytorch,tensorflow","python,r"
Data Scientist,"python,r,shiny,sql,tableau","shiny,tableau","python,r,sql"
Machine Learning Engineer,r,,r
Machine Learning Engineer,"api,excel,git,hadoop,java,linux,matlab,python,r,sas,scala,spark,sql,tableau,tensorflow,unix","excel,git,hadoop,spark,tableau,tensorflow","java,matlab,python,r,sas,scala,sql"
Data Scientist,"excel,git,power bi,python,r,sas,sql,tableau","excel,git,power bi,tableau","python,r,sas,sql"
Machine Learning Engineer,"api,r",,r
Data Analyst,"excel,java,power bi,python,r,sql,tableau","excel,power bi,tableau","java,python,r,sql"
Machine Learning Engineer,"api,c++,excel,r",excel,"c++,r"
Data Analyst,"excel,power bi,python,r,sql,tableau","excel,power bi,tableau","python,r,sql"
Data Scientist,"aws,excel,linux,python,r,sql,unix","aws,excel","python,r,sql"
Machine Learning Engineer,"c++,git,python,pytorch,r,tensorflow","git,pytorch,tensorflow","c++,python,r"
Machine Learning Engineer,"excel,r",excel,r
Machine Learning Engineer,r,,r
Machine Learning Engineer,"excel,r",excel,r
Machine Learning Engineer,"excel,r",excel,r
Machine Learning Engineer,"api,aws,c++,docker,git,java,kubernetes,linux,python,r,scala,spark,unix","aws,docker,git,kubernetes,spark","c++,java,python,r,scala"
Machine Learning Engineer,r,,r
Machine Learning Engineer,"api,aws,azure,java,python,pytorch,r,scala,scikit-learn,spark,tensorflow","aws,azure,pytorch,scikit-learn,spark,tensorflow","java,python,r,scala"
Data Scientist,"gcp,git,java,r","gcp,git","java,r"
Data Analyst,"excel,power bi,python,r,sql,tableau","excel,power bi,tableau","python,r,sql"
Data Scientist,"excel,r",excel,r
Machine Learning Engineer,"api,aws,azure,excel,gcp,numpy,pandas,python,r,tensorflow","aws,azure,excel,gcp,numpy,pandas,tensorflow","python,r"
Data Analyst,"excel,git,python,r,sql","excel,git","python,r,sql"
Data Analyst,"excel,power bi,r,scala","excel,power bi","r,scala"
Data Analyst,"excel,git,python,r,sql","excel,git","python,r,sql"
Machine Learning Engineer,"api,c++,excel,java,python,pytorch,r,tensorflow","excel,pytorch,tensorflow","c++,java,python,r"
Machine Learning Engineer,"api,aws,azure,excel,gcp,numpy,pandas,python,r,tensorflow","aws,azure,excel,gcp,numpy,pandas,tensorflow","python,r"
Machine Learning Engineer,"c++,git,linux,python,r",git,"c++,python,r"
Machine Learning Engineer,"api,aws,r",aws,r
Machine Learning Engineer,"api,r",,r
Data Scientist,"excel,r,sas",excel,"r,sas"
Machine Learning Engineer,r,,r
Machine Learning Engineer,"excel,git,r,scala","excel,git","r,scala"
Machine Learning Engineer,"api,css,docker,git,html,java,json,linux,r,vue","docker,git","css,html,java,r"
Data Analyst,"excel,r",excel,r
Machine Learning Engineer,r,,r
Machine Learning Engineer,"c++,git,julia,matlab,python,r",git,"c++,julia,matlab,python,r"
Machine Learning Engineer,r,,r
Machine Learning Engineer,"aws,docker,excel,kubernetes,pytorch,r,scala,sql,tensorflow","aws,docker,excel,kubernetes,pytorch,tensorflow","r,scala,sql"
Machine Learning Engineer,"api,r",,r
Machine Learning Engineer,"api,aws,git,python,r,sql","aws,git","python,r,sql"
Machine Learning Engineer,r,,r
Machine Learning Engineer,"excel,r",excel,r
Data Analyst,"excel,git,python,r,sql","excel,git","python,r,sql"
Machine Learning Engineer,"excel,r",excel,r
Machine Learning Engineer,r,,r
Machine Learning Engineer,"api,aws,azure,java,python,pytorch,r,scala,scikit-learn,spark,tensorflow","aws,azure,pytorch,scikit-learn,spark,tensorflow","java,python,r,scala"
Data Analyst,r,,r
Data Analyst,"excel,r,sas,sql",excel,"r,sas,sql"
Data Analyst,"power bi,python,r,sas,sql,tableau","power bi,tableau","python,r,sas,sql"
Data Scientist,"excel,python,r,scala,spark,sql","excel,spark","python,r,scala,sql"
Machine Learning Engineer,"api,c++,java,python,r,sql",,"c++,java,python,r,sql"
Machine Learning Engineer,"api,aws,azure,excel,gcp,numpy,pandas,python,r,tensorflow","aws,azure,excel,gcp,numpy,pandas,tensorflow","python,r"
Data Scientist,"excel,java,python,r,scala,sql",excel,"java,python,r,scala,sql"
Machine Learning Engineer,r,,r
Data Analyst,"git,power bi,python,r,sql","git,power bi","python,r,sql"
Machine Learning Engineer,"api,bash,hadoop,linux,python,r,scala,spark,sql","hadoop,spark","bash,python,r,scala,sql"
Data Analyst,"excel,git,r,sql","excel,git","r,sql"
Machine Learning Engineer,r,,r
Machine Learning Engineer,"aws,azure,java,r","aws,azure","java,r"
Machine Learning Engineer,"api,aws,azure,excel,gcp,numpy,pandas,python,r,sql,tensorflow","aws,azure,excel,gcp,numpy,pandas,tensorflow","python,r,sql"
Data Scientist,"git,python,r",git,"python,r"
Data Scientist,"python,r",,"python,r"
Data Analyst,"excel,r",excel,r
Machine Learning Engineer,r,,r
Data Scientist,"aws,git,python,r,sql","aws,git","python,r,sql"
Data Scientist,"c++,excel,git,python,r","excel,git","c++,python,r"
Machine Learning Engineer,"api,r",,r
Data Scientist,"api,excel,python,r,sql",excel,"python,r,sql"
Machine Learning Engineer,r,,r
Data Scientist,"excel,gcp,r","excel,gcp",r
Machine Learning Engineer,"r,scala",,"r,scala"
Data Scientist,"python,r,sql",,"python,r,sql"
Data Scientist,"excel,matplotlib,numpy,pandas,python,r,scikit-learn,shiny,sql,tableau","excel,matplotlib,numpy,pandas,scikit-learn,shiny,tableau","python,r,sql"
Data Analyst,"excel,git,python,r,sql","excel,git","python,r,sql"
Data Scientist,"aws,c++,excel,git,hadoop,java,python,r,spark,sql","aws,excel,git,hadoop,spark","c++,java,python,r,sql"
Machine Learning Engineer,"api,azure,excel,python,r,soap,sql","azure,excel","python,r,sql"
Machine Learning Engineer,"api,r",,r
Data Scientist,"aws,git,python,r","aws,git","python,r"
Machine Learning Engineer,"api,aws,bash,django,docker,excel,gcp,git,kubernetes,python,r,scala","aws,docker,excel,gcp,git,kubernetes","bash,python,r,scala"
Machine Learning Engineer,"api,r",,r
Machine Learning Engineer,"excel,r",excel,r
Machine Learning Engineer,r,,r
Data Analyst,"excel,power bi,r,sql,tableau","excel,power bi,tableau","r,sql"
Machine Learning Engineer,"c++,python,pytorch,r",pytorch,"c++,python,r"
Data Analyst,"python,r,sql",,"python,r,sql"
Machine Learning Engineer,"c++,git,linux,python,pytorch,r,tensorflow","git,pytorch,tensorflow","c++,python,r"
Machine Learning Engineer,r,,r
Data Scientist,"c++,java,python,r",,"c++,java,python,r"
Machine Learning Engineer,r,,r
Machine Learning Engineer,"excel,r",excel,r
Machine Learning Engineer,"git,r",git,r
Machine Learning Engineer,"bash,c++,python,r",,"bash,c++,python,r"
Data Scientist,"excel,git,keras,matplotlib,numpy,pandas,python,pytorch,r,scikit-learn,seaborn,tensorflow","excel,git,keras,matplotlib,numpy,pandas,pytorch,scikit-learn,seaborn,tensorflow","python,r"
Data Scientist,"docker,git,kubernetes,linux,numpy,python,pytorch,r,sas,sql,tableau,tensorflow","docker,git,kubernetes,numpy,pytorch,tableau,tensorflow","python,r,sas,sql"
Machine Learning Engineer,"api,aws,git,r","aws,git",r
Machine Learning Engineer,"api,aws,excel,python,r,scala,spark,sql","aws,excel,spark","python,r,scala,sql"
Data Scientist,"c++,git,java,julia,python,r,sas",git,"c++,java,julia,python,r,sas"
Machine Learning Engineer,"r,scala",,"r,scala"
Machine Learning Engineer,"aws,excel,r,sas,scala","aws,excel","r,sas,scala"
Data Scientist,"aws,excel,git,matplotlib,r,scala,sql,tableau","aws,excel,git,matplotlib,tableau","r,scala,sql"
Machine Learning Engineer,"excel,r",excel,r
